2026-09-03 20:46:09.665 - RealTimeSTT: realtimestt - INFO - Starting RealTimeSTT
2026-09-03 20:46:09.725 - RealTimeSTT: realtimestt - INFO - Initializing audio recording (creating pyAudio input stream, sample rate: 16000 buffer size: 512
2026-09-03 20:46:09.765 - RealTimeSTT: realtimestt - INFO - Initializing WebRTC voice with Sensitivity 3
2026-09-03 20:46:09.765 - RealTimeSTT: realtimestt - DEBUG - WebRTC VAD voice activity detection engine initialized successfully
2026-09-03 20:46:09.768 - RealTimeSTT: realtimestt - DEBUG - Silero VAD auto backend raw_onnx_ifless unavailable
Traceback (most recent call last):
  File "C:\Users\jgdiv\PyCharmMiscProject\.venv\Lib\site-packages\RealtimeSTT\core\silero_vad.py", line 176, in _create_auto_vad
    return _create_raw_onnx_vad(
        model_name,
    ...<4 lines>...
        chunk_samples,
    )
  File "C:\Users\jgdiv\PyCharmMiscProject\.venv\Lib\site-packages\RealtimeSTT\core\silero_vad.py", line 225, in _create_raw_onnx_vad
    raise SileroVadError(
    ...<3 lines>...
    )
RealtimeSTT.core.silero_vad.SileroVadError: Could not find silero_vad_op18_ifless.onnx in the installed silero_vad package or the local torch hub cache. Install 'silero-vad' or pass silero_onnx_model_path.
2026-09-03 20:46:09.772 - RealTimeSTT: realtimestt - DEBUG - Silero VAD auto backend raw_onnx unavailable
Traceback (most recent call last):
  File "C:\Users\jgdiv\PyCharmMiscProject\.venv\Lib\site-packages\RealtimeSTT\core\silero_vad.py", line 176, in _create_auto_vad
    return _create_raw_onnx_vad(
        model_name,
    ...<4 lines>...
        chunk_samples,
    )
  File "C:\Users\jgdiv\PyCharmMiscProject\.venv\Lib\site-packages\RealtimeSTT\core\silero_vad.py", line 225, in _create_raw_onnx_vad
    raise SileroVadError(
    ...<3 lines>...
    )
RealtimeSTT.core.silero_vad.SileroVadError: Could not find silero_vad.onnx in the installed silero_vad package or the local torch hub cache. Install 'silero-vad' or pass silero_onnx_model_path.
2026-09-03 20:46:36.066 - RealTimeSTT: realtimestt - DEBUG - Silero VAD voice activity detection engine initialized successfully with backend pytorch_cpu
2026-09-03 20:46:36.341 - RealTimeSTT: realtimestt - DEBUG - Starting realtime worker
2026-09-03 20:46:36.342 - RealTimeSTT: realtimestt - DEBUG - Waiting for main transcription model to start
2026-09-03 20:46:36.342 - RealTimeSTT: realtimestt - DEBUG - Realtime transcription disabled; realtime worker exits
2026-09-03 20:47:49.114 - RealTimeSTT: realtimestt - INFO - Starting RealTimeSTT
2026-09-03 20:47:49.172 - RealTimeSTT: realtimestt - INFO - Initializing audio recording (creating pyAudio input stream, sample rate: 16000 buffer size: 512
2026-09-03 20:47:49.211 - RealTimeSTT: realtimestt - INFO - Initializing WebRTC voice with Sensitivity 3
2026-09-03 20:47:49.212 - RealTimeSTT: realtimestt - DEBUG - WebRTC VAD voice activity detection engine initialized successfully
2026-09-03 20:47:49.231 - RealTimeSTT: realtimestt - DEBUG - Silero VAD auto backend raw_onnx_ifless unavailable
Traceback (most recent call last):
  File "C:\Users\jgdiv\PyCharmMiscProject\.venv\Lib\site-packages\RealtimeSTT\core\silero_vad.py", line 176, in _create_auto_vad
    return _create_raw_onnx_vad(
        model_name,
    ...<4 lines>...
        chunk_samples,
    )
  File "C:\Users\jgdiv\PyCharmMiscProject\.venv\Lib\site-packages\RealtimeSTT\core\silero_vad.py", line 230, in _create_raw_onnx_vad
    return RawSileroOnnxVad(
        model_path,
        backend=backend_name,
        intra_op_num_threads=onnx_threads,
    )
  File "C:\Users\jgdiv\PyCharmMiscProject\.venv\Lib\site-packages\RealtimeSTT\core\silero_vad.py", line 443, in __init__
    ort = import_module("onnxruntime")
  File "C:\Program Files\WindowsApps\PythonSoftwareFoundation.Python.3.13_3.13.3824.0_x64__qbz5n2kfra8p0\Lib\importlib\__init__.py", line 88, in import_module
    return _bootstrap._gcd_import(name[level:], package, level)
           ~~~~~~~~~~~~~~~~~~~~~~^^^^^^^^^^^^^^^^^^^^^^^^^^^^^^
  File "<frozen importlib._bootstrap>", line 1395, in _gcd_import
  File "<frozen importlib._bootstrap>", line 1360, in _find_and_load
  File "<frozen importlib._bootstrap>", line 1324, in _find_and_load_unlocked
ModuleNotFoundError: No module named 'onnxruntime'
2026-09-03 20:47:49.246 - RealTimeSTT: realtimestt - DEBUG - Silero VAD auto backend raw_onnx unavailable
Traceback (most recent call last):
  File "C:\Users\jgdiv\PyCharmMiscProject\.venv\Lib\site-packages\RealtimeSTT\core\silero_vad.py", line 176, in _create_auto_vad
    return _create_raw_onnx_vad(
        model_name,
    ...<4 lines>...
        chunk_samples,
    )
  File "C:\Users\jgdiv\PyCharmMiscProject\.venv\Lib\site-packages\RealtimeSTT\core\silero_vad.py", line 230, in _create_raw_onnx_vad
    return RawSileroOnnxVad(
        model_path,
        backend=backend_name,
        intra_op_num_threads=onnx_threads,
    )
  File "C:\Users\jgdiv\PyCharmMiscProject\.venv\Lib\site-packages\RealtimeSTT\core\silero_vad.py", line 443, in __init__
    ort = import_module("onnxruntime")
  File "C:\Program Files\WindowsApps\PythonSoftwareFoundation.Python.3.13_3.13.3824.0_x64__qbz5n2kfra8p0\Lib\importlib\__init__.py", line 88, in import_module
    return _bootstrap._gcd_import(name[level:], package, level)
           ~~~~~~~~~~~~~~~~~~~~~~^^^^^^^^^^^^^^^^^^^^^^^^^^^^^^
  File "<frozen importlib._bootstrap>", line 1395, in _gcd_import
  File "<frozen importlib._bootstrap>", line 1360, in _find_and_load
  File "<frozen importlib._bootstrap>", line 1324, in _find_and_load_unlocked
ModuleNotFoundError: No module named 'onnxruntime'
2026-09-03 20:47:49.974 - RealTimeSTT: realtimestt - DEBUG - Silero VAD voice activity detection engine initialized successfully with backend pytorch_cpu
2026-09-03 20:47:50.212 - RealTimeSTT: realtimestt - DEBUG - Starting realtime worker
2026-09-03 20:47:50.212 - RealTimeSTT: realtimestt - DEBUG - Waiting for main transcription model to start
2026-09-03 20:47:50.212 - RealTimeSTT: realtimestt - DEBUG - Realtime transcription disabled; realtime worker exits
2026-09-03 20:49:06.593 - RealTimeSTT: realtimestt - INFO - Starting RealTimeSTT
2026-09-03 20:49:06.651 - RealTimeSTT: realtimestt - INFO - Initializing audio recording (creating pyAudio input stream, sample rate: 16000 buffer size: 512
2026-09-03 20:49:06.693 - RealTimeSTT: realtimestt - INFO - Initializing WebRTC voice with Sensitivity 3
2026-09-03 20:49:06.693 - RealTimeSTT: realtimestt - DEBUG - WebRTC VAD voice activity detection engine initialized successfully
2026-09-03 20:49:06.710 - RealTimeSTT: realtimestt - DEBUG - Silero VAD auto backend raw_onnx_ifless unavailable
Traceback (most recent call last):
  File "C:\Users\jgdiv\PyCharmMiscProject\.venv\Lib\site-packages\RealtimeSTT\core\silero_vad.py", line 176, in _create_auto_vad
    return _create_raw_onnx_vad(
        model_name,
    ...<4 lines>...
        chunk_samples,
    )
  File "C:\Users\jgdiv\PyCharmMiscProject\.venv\Lib\site-packages\RealtimeSTT\core\silero_vad.py", line 230, in _create_raw_onnx_vad
    return RawSileroOnnxVad(
        model_path,
        backend=backend_name,
        intra_op_num_threads=onnx_threads,
    )
  File "C:\Users\jgdiv\PyCharmMiscProject\.venv\Lib\site-packages\RealtimeSTT\core\silero_vad.py", line 443, in __init__
    ort = import_module("onnxruntime")
  File "C:\Program Files\WindowsApps\PythonSoftwareFoundation.Python.3.13_3.13.3824.0_x64__qbz5n2kfra8p0\Lib\importlib\__init__.py", line 88, in import_module
    return _bootstrap._gcd_import(name[level:], package, level)
           ~~~~~~~~~~~~~~~~~~~~~~^^^^^^^^^^^^^^^^^^^^^^^^^^^^^^
  File "<frozen importlib._bootstrap>", line 1395, in _gcd_import
  File "<frozen importlib._bootstrap>", line 1360, in _find_and_load
  File "<frozen importlib._bootstrap>", line 1324, in _find_and_load_unlocked
ModuleNotFoundError: No module named 'onnxruntime'
2026-09-03 20:49:06.730 - RealTimeSTT: realtimestt - DEBUG - Silero VAD auto backend raw_onnx unavailable
Traceback (most recent call last):
  File "C:\Users\jgdiv\PyCharmMiscProject\.venv\Lib\site-packages\RealtimeSTT\core\silero_vad.py", line 176, in _create_auto_vad
    return _create_raw_onnx_vad(
        model_name,
    ...<4 lines>...
        chunk_samples,
    )
  File "C:\Users\jgdiv\PyCharmMiscProject\.venv\Lib\site-packages\RealtimeSTT\core\silero_vad.py", line 230, in _create_raw_onnx_vad
    return RawSileroOnnxVad(
        model_path,
        backend=backend_name,
        intra_op_num_threads=onnx_threads,
    )
  File "C:\Users\jgdiv\PyCharmMiscProject\.venv\Lib\site-packages\RealtimeSTT\core\silero_vad.py", line 443, in __init__
    ort = import_module("onnxruntime")
  File "C:\Program Files\WindowsApps\PythonSoftwareFoundation.Python.3.13_3.13.3824.0_x64__qbz5n2kfra8p0\Lib\importlib\__init__.py", line 88, in import_module
    return _bootstrap._gcd_import(name[level:], package, level)
           ~~~~~~~~~~~~~~~~~~~~~~^^^^^^^^^^^^^^^^^^^^^^^^^^^^^^
  File "<frozen importlib._bootstrap>", line 1395, in _gcd_import
  File "<frozen importlib._bootstrap>", line 1360, in _find_and_load
  File "<frozen importlib._bootstrap>", line 1324, in _find_and_load_unlocked
ModuleNotFoundError: No module named 'onnxruntime'
2026-09-03 20:49:07.189 - RealTimeSTT: realtimestt - DEBUG - Silero VAD voice activity detection engine initialized successfully with backend pytorch_cpu
2026-09-03 20:49:07.430 - RealTimeSTT: realtimestt - DEBUG - Starting realtime worker
2026-09-03 20:49:07.430 - RealTimeSTT: realtimestt - DEBUG - Waiting for main transcription model to start
2026-09-03 20:49:07.430 - RealTimeSTT: realtimestt - DEBUG - Realtime transcription disabled; realtime worker exits
2026-09-03 20:51:01.796 - RealTimeSTT: realtimestt - INFO - Starting RealTimeSTT
2026-09-03 20:51:01.846 - RealTimeSTT: realtimestt - INFO - Initializing audio recording (creating pyAudio input stream, sample rate: 16000 buffer size: 512
2026-09-03 20:51:01.892 - RealTimeSTT: realtimestt - INFO - Initializing WebRTC voice with Sensitivity 3
2026-09-03 20:51:01.892 - RealTimeSTT: realtimestt - DEBUG - WebRTC VAD voice activity detection engine initialized successfully
2026-09-03 20:51:01.907 - RealTimeSTT: realtimestt - DEBUG - Silero VAD auto backend raw_onnx_ifless unavailable
Traceback (most recent call last):
  File "C:\Users\jgdiv\PyCharmMiscProject\.venv\Lib\site-packages\RealtimeSTT\core\silero_vad.py", line 176, in _create_auto_vad
    return _create_raw_onnx_vad(
        model_name,
    ...<4 lines>...
        chunk_samples,
    )
  File "C:\Users\jgdiv\PyCharmMiscProject\.venv\Lib\site-packages\RealtimeSTT\core\silero_vad.py", line 230, in _create_raw_onnx_vad
    return RawSileroOnnxVad(
        model_path,
        backend=backend_name,
        intra_op_num_threads=onnx_threads,
    )
  File "C:\Users\jgdiv\PyCharmMiscProject\.venv\Lib\site-packages\RealtimeSTT\core\silero_vad.py", line 443, in __init__
    ort = import_module("onnxruntime")
  File "C:\Program Files\WindowsApps\PythonSoftwareFoundation.Python.3.13_3.13.3824.0_x64__qbz5n2kfra8p0\Lib\importlib\__init__.py", line 88, in import_module
    return _bootstrap._gcd_import(name[level:], package, level)
           ~~~~~~~~~~~~~~~~~~~~~~^^^^^^^^^^^^^^^^^^^^^^^^^^^^^^
  File "<frozen importlib._bootstrap>", line 1395, in _gcd_import
  File "<frozen importlib._bootstrap>", line 1360, in _find_and_load
  File "<frozen importlib._bootstrap>", line 1324, in _find_and_load_unlocked
ModuleNotFoundError: No module named 'onnxruntime'
2026-09-03 20:51:01.923 - RealTimeSTT: realtimestt - DEBUG - Silero VAD auto backend raw_onnx unavailable
Traceback (most recent call last):
  File "C:\Users\jgdiv\PyCharmMiscProject\.venv\Lib\site-packages\RealtimeSTT\core\silero_vad.py", line 176, in _create_auto_vad
    return _create_raw_onnx_vad(
        model_name,
    ...<4 lines>...
        chunk_samples,
    )
  File "C:\Users\jgdiv\PyCharmMiscProject\.venv\Lib\site-packages\RealtimeSTT\core\silero_vad.py", line 230, in _create_raw_onnx_vad
    return RawSileroOnnxVad(
        model_path,
        backend=backend_name,
        intra_op_num_threads=onnx_threads,
    )
  File "C:\Users\jgdiv\PyCharmMiscProject\.venv\Lib\site-packages\RealtimeSTT\core\silero_vad.py", line 443, in __init__
    ort = import_module("onnxruntime")
  File "C:\Program Files\WindowsApps\PythonSoftwareFoundation.Python.3.13_3.13.3824.0_x64__qbz5n2kfra8p0\Lib\importlib\__init__.py", line 88, in import_module
    return _bootstrap._gcd_import(name[level:], package, level)
           ~~~~~~~~~~~~~~~~~~~~~~^^^^^^^^^^^^^^^^^^^^^^^^^^^^^^
  File "<frozen importlib._bootstrap>", line 1395, in _gcd_import
  File "<frozen importlib._bootstrap>", line 1360, in _find_and_load
  File "<frozen importlib._bootstrap>", line 1324, in _find_and_load_unlocked
ModuleNotFoundError: No module named 'onnxruntime'
2026-09-03 20:51:02.629 - RealTimeSTT: realtimestt - DEBUG - Silero VAD voice activity detection engine initialized successfully with backend pytorch_cpu
2026-09-03 20:51:02.937 - RealTimeSTT: realtimestt - DEBUG - Starting realtime worker
2026-09-03 20:51:02.938 - RealTimeSTT: realtimestt - DEBUG - Waiting for main transcription model to start
2026-09-03 20:51:02.938 - RealTimeSTT: realtimestt - DEBUG - Realtime transcription disabled; realtime worker exits
2026-09-03 20:53:32.899 - RealTimeSTT: realtimestt - INFO - Starting RealTimeSTT
2026-09-03 20:53:32.959 - RealTimeSTT: realtimestt - INFO - Initializing audio recording (creating pyAudio input stream, sample rate: 16000 buffer size: 512
2026-09-03 20:53:33.002 - RealTimeSTT: realtimestt - INFO - Initializing WebRTC voice with Sensitivity 3
2026-09-03 20:53:33.002 - RealTimeSTT: realtimestt - DEBUG - WebRTC VAD voice activity detection engine initialized successfully
2026-09-03 20:53:33.020 - RealTimeSTT: realtimestt - DEBUG - Silero VAD auto backend raw_onnx_ifless unavailable
Traceback (most recent call last):
  File "C:\Users\jgdiv\PyCharmMiscProject\.venv\Lib\site-packages\RealtimeSTT\core\silero_vad.py", line 176, in _create_auto_vad
    return _create_raw_onnx_vad(
        model_name,
    ...<4 lines>...
        chunk_samples,
    )
  File "C:\Users\jgdiv\PyCharmMiscProject\.venv\Lib\site-packages\RealtimeSTT\core\silero_vad.py", line 230, in _create_raw_onnx_vad
    return RawSileroOnnxVad(
        model_path,
        backend=backend_name,
        intra_op_num_threads=onnx_threads,
    )
  File "C:\Users\jgdiv\PyCharmMiscProject\.venv\Lib\site-packages\RealtimeSTT\core\silero_vad.py", line 443, in __init__
    ort = import_module("onnxruntime")
  File "C:\Program Files\WindowsApps\PythonSoftwareFoundation.Python.3.13_3.13.3824.0_x64__qbz5n2kfra8p0\Lib\importlib\__init__.py", line 88, in import_module
    return _bootstrap._gcd_import(name[level:], package, level)
           ~~~~~~~~~~~~~~~~~~~~~~^^^^^^^^^^^^^^^^^^^^^^^^^^^^^^
  File "<frozen importlib._bootstrap>", line 1395, in _gcd_import
  File "<frozen importlib._bootstrap>", line 1360, in _find_and_load
  File "<frozen importlib._bootstrap>", line 1324, in _find_and_load_unlocked
ModuleNotFoundError: No module named 'onnxruntime'
2026-09-03 20:53:33.038 - RealTimeSTT: realtimestt - DEBUG - Silero VAD auto backend raw_onnx unavailable
Traceback (most recent call last):
  File "C:\Users\jgdiv\PyCharmMiscProject\.venv\Lib\site-packages\RealtimeSTT\core\silero_vad.py", line 176, in _create_auto_vad
    return _create_raw_onnx_vad(
        model_name,
    ...<4 lines>...
        chunk_samples,
    )
  File "C:\Users\jgdiv\PyCharmMiscProject\.venv\Lib\site-packages\RealtimeSTT\core\silero_vad.py", line 230, in _create_raw_onnx_vad
    return RawSileroOnnxVad(
        model_path,
        backend=backend_name,
        intra_op_num_threads=onnx_threads,
    )
  File "C:\Users\jgdiv\PyCharmMiscProject\.venv\Lib\site-packages\RealtimeSTT\core\silero_vad.py", line 443, in __init__
    ort = import_module("onnxruntime")
  File "C:\Program Files\WindowsApps\PythonSoftwareFoundation.Python.3.13_3.13.3824.0_x64__qbz5n2kfra8p0\Lib\importlib\__init__.py", line 88, in import_module
    return _bootstrap._gcd_import(name[level:], package, level)
           ~~~~~~~~~~~~~~~~~~~~~~^^^^^^^^^^^^^^^^^^^^^^^^^^^^^^
  File "<frozen importlib._bootstrap>", line 1395, in _gcd_import
  File "<frozen importlib._bootstrap>", line 1360, in _find_and_load
  File "<frozen importlib._bootstrap>", line 1324, in _find_and_load_unlocked
ModuleNotFoundError: No module named 'onnxruntime'
2026-09-03 20:53:33.469 - RealTimeSTT: realtimestt - DEBUG - Silero VAD voice activity detection engine initialized successfully with backend pytorch_cpu
2026-09-03 20:53:33.701 - RealTimeSTT: realtimestt - DEBUG - Starting realtime worker
2026-09-03 20:53:33.701 - RealTimeSTT: realtimestt - DEBUG - Waiting for main transcription model to start
2026-09-03 20:53:33.701 - RealTimeSTT: realtimestt - DEBUG - Realtime transcription disabled; realtime worker exits
2026-09-03 21:10:49.677 - RealTimeSTT: realtimestt - INFO - Starting RealTimeSTT
2026-09-03 21:10:49.781 - RealTimeSTT: realtimestt - INFO - Initializing audio recording (creating pyAudio input stream, sample rate: 16000 buffer size: 512
2026-09-03 21:10:49.832 - RealTimeSTT: realtimestt - INFO - Initializing WebRTC voice with Sensitivity 3
2026-09-03 21:10:49.832 - RealTimeSTT: realtimestt - DEBUG - WebRTC VAD voice activity detection engine initialized successfully
2026-09-03 21:10:49.873 - RealTimeSTT: realtimestt - DEBUG - Silero VAD auto backend raw_onnx_ifless unavailable
Traceback (most recent call last):
  File "C:\Users\jgdiv\PyCharmMiscProject\.venv\Lib\site-packages\RealtimeSTT\core\silero_vad.py", line 176, in _create_auto_vad
    return _create_raw_onnx_vad(
        model_name,
    ...<4 lines>...
        chunk_samples,
    )
  File "C:\Users\jgdiv\PyCharmMiscProject\.venv\Lib\site-packages\RealtimeSTT\core\silero_vad.py", line 230, in _create_raw_onnx_vad
    return RawSileroOnnxVad(
        model_path,
        backend=backend_name,
        intra_op_num_threads=onnx_threads,
    )
  File "C:\Users\jgdiv\PyCharmMiscProject\.venv\Lib\site-packages\RealtimeSTT\core\silero_vad.py", line 443, in __init__
    ort = import_module("onnxruntime")
  File "C:\Program Files\WindowsApps\PythonSoftwareFoundation.Python.3.13_3.13.3824.0_x64__qbz5n2kfra8p0\Lib\importlib\__init__.py", line 88, in import_module
    return _bootstrap._gcd_import(name[level:], package, level)
           ~~~~~~~~~~~~~~~~~~~~~~^^^^^^^^^^^^^^^^^^^^^^^^^^^^^^
  File "<frozen importlib._bootstrap>", line 1395, in _gcd_import
  File "<frozen importlib._bootstrap>", line 1360, in _find_and_load
  File "<frozen importlib._bootstrap>", line 1324, in _find_and_load_unlocked
ModuleNotFoundError: No module named 'onnxruntime'
2026-09-03 21:10:49.917 - RealTimeSTT: realtimestt - DEBUG - Silero VAD auto backend raw_onnx unavailable
Traceback (most recent call last):
  File "C:\Users\jgdiv\PyCharmMiscProject\.venv\Lib\site-packages\RealtimeSTT\core\silero_vad.py", line 176, in _create_auto_vad
    return _create_raw_onnx_vad(
        model_name,
    ...<4 lines>...
        chunk_samples,
    )
  File "C:\Users\jgdiv\PyCharmMiscProject\.venv\Lib\site-packages\RealtimeSTT\core\silero_vad.py", line 230, in _create_raw_onnx_vad
    return RawSileroOnnxVad(
        model_path,
        backend=backend_name,
        intra_op_num_threads=onnx_threads,
    )
  File "C:\Users\jgdiv\PyCharmMiscProject\.venv\Lib\site-packages\RealtimeSTT\core\silero_vad.py", line 443, in __init__
    ort = import_module("onnxruntime")
  File "C:\Program Files\WindowsApps\PythonSoftwareFoundation.Python.3.13_3.13.3824.0_x64__qbz5n2kfra8p0\Lib\importlib\__init__.py", line 88, in import_module
    return _bootstrap._gcd_import(name[level:], package, level)
           ~~~~~~~~~~~~~~~~~~~~~~^^^^^^^^^^^^^^^^^^^^^^^^^^^^^^
  File "<frozen importlib._bootstrap>", line 1395, in _gcd_import
  File "<frozen importlib._bootstrap>", line 1360, in _find_and_load
  File "<frozen importlib._bootstrap>", line 1324, in _find_and_load_unlocked
ModuleNotFoundError: No module named 'onnxruntime'
2026-09-03 21:10:52.052 - RealTimeSTT: realtimestt - DEBUG - Silero VAD voice activity detection engine initialized successfully with backend pytorch_cpu
2026-09-03 21:10:52.553 - RealTimeSTT: realtimestt - DEBUG - Starting realtime worker
2026-09-03 21:10:52.554 - RealTimeSTT: realtimestt - DEBUG - Waiting for main transcription model to start
2026-09-03 21:10:52.554 - RealTimeSTT: realtimestt - DEBUG - Realtime transcription disabled; realtime worker exits
2026-09-03 21:11:57.602 - RealTimeSTT: realtimestt - INFO - Starting RealTimeSTT
2026-09-03 21:11:57.673 - RealTimeSTT: realtimestt - INFO - Initializing audio recording (creating pyAudio input stream, sample rate: 16000 buffer size: 512
2026-09-03 21:11:57.721 - RealTimeSTT: realtimestt - INFO - Initializing WebRTC voice with Sensitivity 3
2026-09-03 21:11:57.721 - RealTimeSTT: realtimestt - DEBUG - WebRTC VAD voice activity detection engine initialized successfully
2026-09-03 21:11:58.421 - RealTimeSTT: realtimestt - DEBUG - Silero VAD voice activity detection engine initialized successfully with backend raw_onnx_ifless
2026-09-03 21:11:58.425 - RealTimeSTT: realtimestt - DEBUG - Starting realtime worker
2026-09-03 21:11:58.426 - RealTimeSTT: realtimestt - DEBUG - Waiting for main transcription model to start
2026-09-03 21:11:58.426 - RealTimeSTT: realtimestt - DEBUG - Realtime transcription disabled; realtime worker exits
2026-09-03 21:12:29.162 - RealTimeSTT: realtimestt - DEBUG - Main transcription model ready
2026-09-03 21:12:29.163 - RealTimeSTT: realtimestt - DEBUG - RealtimeSTT initialization completed successfully
2026-09-03 21:12:29.164 - RealTimeSTT: realtimestt - INFO - Setting listen time
2026-09-03 21:12:29.164 - RealTimeSTT: realtimestt - INFO - State changed from 'inactive' to 'listening'
2026-09-03 21:12:29.170 - RealTimeSTT: realtimestt - DEBUG - Waiting for recording start
2026-09-03 21:12:58.038 - RealTimeSTT: realtimestt - INFO - voice activity detected
2026-09-03 21:12:58.038 - RealTimeSTT: realtimestt - INFO - recording started
2026-09-03 21:12:58.038 - RealTimeSTT: realtimestt - INFO - State changed from 'listening' to 'recording'
2026-09-03 21:12:58.039 - RealTimeSTT: realtimestt - DEBUG - Waiting for recording stop
2026-09-03 21:12:59.318 - RealTimeSTT: realtimestt - INFO - recording stopped
2026-09-03 21:12:59.321 - RealTimeSTT: realtimestt - DEBUG - No samples removed, final audio length: 36864
2026-09-03 21:12:59.321 - RealTimeSTT: realtimestt - INFO - State changed from 'recording' to 'inactive'
2026-09-03 21:12:59.406 - RealTimeSTT: realtimestt - INFO - State changed from 'inactive' to 'transcribing'
2026-09-03 21:12:59.414 - RealTimeSTT: realtimestt - DEBUG - Adding transcription request, no early transcription started
2026-09-03 21:12:59.416 - RealTimeSTT: realtimestt - DEBUG - Receive from parent_transcription_pipe after sendiung transcription request, transcribe_count: 1
2026-09-03 21:12:59.508 - RealTimeSTT: realtimestt - INFO - voice activity detected
2026-09-03 21:12:59.509 - RealTimeSTT: realtimestt - INFO - recording started
2026-09-03 21:12:59.509 - RealTimeSTT: realtimestt - INFO - State changed from 'transcribing' to 'recording'
2026-09-03 21:12:59.517 - RealTimeSTT: realtimestt - DEBUG - Receive from parent_transcription_pipe after sendiung transcription request, transcribe_count: 1
2026-09-03 21:12:59.617 - RealTimeSTT: realtimestt - DEBUG - Receive from parent_transcription_pipe after sendiung transcription request, transcribe_count: 1
2026-09-03 21:12:59.719 - RealTimeSTT: realtimestt - DEBUG - Receive from parent_transcription_pipe after sendiung transcription request, transcribe_count: 1
2026-09-03 21:12:59.820 - RealTimeSTT: realtimestt - DEBUG - Receive from parent_transcription_pipe after sendiung transcription request, transcribe_count: 1
2026-09-03 21:12:59.921 - RealTimeSTT: realtimestt - DEBUG - Receive from parent_transcription_pipe after sendiung transcription request, transcribe_count: 1
2026-09-03 21:13:00.022 - RealTimeSTT: realtimestt - DEBUG - Receive from parent_transcription_pipe after sendiung transcription request, transcribe_count: 1
2026-09-03 21:13:00.124 - RealTimeSTT: realtimestt - DEBUG - Receive from parent_transcription_pipe after sendiung transcription request, transcribe_count: 1
2026-09-03 21:13:00.224 - RealTimeSTT: realtimestt - DEBUG - Receive from parent_transcription_pipe after sendiung transcription request, transcribe_count: 1
2026-09-03 21:13:00.328 - RealTimeSTT: realtimestt - DEBUG - Receive from parent_transcription_pipe after sendiung transcription request, transcribe_count: 1
2026-09-03 21:13:00.429 - RealTimeSTT: realtimestt - DEBUG - Receive from parent_transcription_pipe after sendiung transcription request, transcribe_count: 1
2026-09-03 21:13:00.531 - RealTimeSTT: realtimestt - DEBUG - Receive from parent_transcription_pipe after sendiung transcription request, transcribe_count: 1
2026-09-03 21:13:00.631 - RealTimeSTT: realtimestt - DEBUG - Receive from parent_transcription_pipe after sendiung transcription request, transcribe_count: 1
2026-09-03 21:13:00.732 - RealTimeSTT: realtimestt - DEBUG - Receive from parent_transcription_pipe after sendiung transcription request, transcribe_count: 1
2026-09-03 21:13:00.833 - RealTimeSTT: realtimestt - DEBUG - Receive from parent_transcription_pipe after sendiung transcription request, transcribe_count: 1
2026-09-03 21:13:00.934 - RealTimeSTT: realtimestt - DEBUG - Receive from parent_transcription_pipe after sendiung transcription request, transcribe_count: 1
2026-09-03 21:13:01.023 - RealTimeSTT: realtimestt - DEBUG - Model tiny completed transcription in 1.61 seconds
2026-09-03 21:13:01.024 - RealTimeSTT: realtimestt - DEBUG - Finishing recording thread
2026-09-03 21:13:01.031 - RealTimeSTT: realtimestt - DEBUG - Terminating reader process
2026-09-03 21:13:02.597 - RealTimeSTT: realtimestt - DEBUG - Terminating transcription process
2026-09-03 21:13:02.914 - RealTimeSTT: realtimestt - DEBUG - Finishing realtime thread
2026-09-03 21:15:31.983 - RealTimeSTT: realtimestt - INFO - Starting RealTimeSTT
2026-09-03 21:15:32.040 - RealTimeSTT: realtimestt - INFO - Initializing audio recording (creating pyAudio input stream, sample rate: 16000 buffer size: 512
2026-09-03 21:15:32.083 - RealTimeSTT: realtimestt - INFO - Initializing WebRTC voice with Sensitivity 3
2026-09-03 21:15:32.083 - RealTimeSTT: realtimestt - DEBUG - WebRTC VAD voice activity detection engine initialized successfully
2026-09-03 21:15:32.300 - RealTimeSTT: realtimestt - DEBUG - Silero VAD voice activity detection engine initialized successfully with backend raw_onnx_ifless
2026-09-03 21:15:32.302 - RealTimeSTT: realtimestt - DEBUG - Starting realtime worker
2026-09-03 21:15:32.302 - RealTimeSTT: realtimestt - DEBUG - Waiting for main transcription model to start
2026-09-03 21:15:32.302 - RealTimeSTT: realtimestt - DEBUG - Realtime transcription disabled; realtime worker exits
2026-09-03 21:15:40.569 - RealTimeSTT: realtimestt - DEBUG - Main transcription model ready
2026-09-03 21:15:40.570 - RealTimeSTT: realtimestt - DEBUG - RealtimeSTT initialization completed successfully
2026-09-03 21:15:40.571 - RealTimeSTT: realtimestt - INFO - Setting listen time
2026-09-03 21:15:40.571 - RealTimeSTT: realtimestt - INFO - State changed from 'inactive' to 'listening'
2026-09-03 21:15:40.574 - RealTimeSTT: realtimestt - DEBUG - Waiting for recording start
2026-09-03 21:15:42.088 - RealTimeSTT: realtimestt - INFO - voice activity detected
2026-09-03 21:15:42.088 - RealTimeSTT: realtimestt - INFO - recording started
2026-09-03 21:15:42.088 - RealTimeSTT: realtimestt - INFO - State changed from 'listening' to 'recording'
2026-09-03 21:15:42.088 - RealTimeSTT: realtimestt - DEBUG - Waiting for recording stop
2026-09-03 21:15:44.707 - RealTimeSTT: realtimestt - INFO - recording stopped
2026-09-03 21:15:44.710 - RealTimeSTT: realtimestt - DEBUG - No samples removed, final audio length: 58368
2026-09-03 21:15:44.710 - RealTimeSTT: realtimestt - INFO - State changed from 'recording' to 'inactive'
2026-09-03 21:15:44.753 - RealTimeSTT: realtimestt - INFO - State changed from 'inactive' to 'transcribing'
2026-09-03 21:15:44.756 - RealTimeSTT: realtimestt - DEBUG - Adding transcription request, no early transcription started
2026-09-03 21:15:44.757 - RealTimeSTT: realtimestt - DEBUG - Receive from parent_transcription_pipe after sendiung transcription request, transcribe_count: 1
2026-09-03 21:15:44.857 - RealTimeSTT: realtimestt - DEBUG - Receive from parent_transcription_pipe after sendiung transcription request, transcribe_count: 1
2026-09-03 21:15:44.898 - RealTimeSTT: realtimestt - INFO - voice activity detected
2026-09-03 21:15:44.898 - RealTimeSTT: realtimestt - INFO - recording started
2026-09-03 21:15:44.898 - RealTimeSTT: realtimestt - INFO - State changed from 'transcribing' to 'recording'
2026-09-03 21:15:44.957 - RealTimeSTT: realtimestt - DEBUG - Receive from parent_transcription_pipe after sendiung transcription request, transcribe_count: 1
2026-09-03 21:15:45.057 - RealTimeSTT: realtimestt - DEBUG - Receive from parent_transcription_pipe after sendiung transcription request, transcribe_count: 1
2026-09-03 21:15:45.157 - RealTimeSTT: realtimestt - DEBUG - Receive from parent_transcription_pipe after sendiung transcription request, transcribe_count: 1
2026-09-03 21:15:45.259 - RealTimeSTT: realtimestt - DEBUG - Receive from parent_transcription_pipe after sendiung transcription request, transcribe_count: 1
2026-09-03 21:15:45.360 - RealTimeSTT: realtimestt - DEBUG - Receive from parent_transcription_pipe after sendiung transcription request, transcribe_count: 1
2026-09-03 21:15:45.461 - RealTimeSTT: realtimestt - DEBUG - Receive from parent_transcription_pipe after sendiung transcription request, transcribe_count: 1
2026-09-03 21:15:45.554 - RealTimeSTT: realtimestt - DEBUG - Model tiny completed transcription in 0.80 seconds
2026-09-03 21:15:45.554 - RealTimeSTT: realtimestt - DEBUG - Finishing recording thread
2026-09-03 21:15:45.558 - RealTimeSTT: realtimestt - DEBUG - Terminating reader process
2026-09-03 21:15:46.299 - RealTimeSTT: realtimestt - DEBUG - Terminating transcription process
2026-09-03 21:15:46.465 - RealTimeSTT: realtimestt - DEBUG - Finishing realtime thread
2026-09-03 21:15:59.361 - RealTimeSTT: realtimestt - INFO - Starting RealTimeSTT
2026-09-03 21:15:59.410 - RealTimeSTT: realtimestt - INFO - Initializing audio recording (creating pyAudio input stream, sample rate: 16000 buffer size: 512
2026-09-03 21:15:59.451 - RealTimeSTT: realtimestt - INFO - Initializing WebRTC voice with Sensitivity 3
2026-09-03 21:15:59.451 - RealTimeSTT: realtimestt - DEBUG - WebRTC VAD voice activity detection engine initialized successfully
2026-09-03 21:15:59.668 - RealTimeSTT: realtimestt - DEBUG - Silero VAD voice activity detection engine initialized successfully with backend raw_onnx_ifless
2026-09-03 21:15:59.672 - RealTimeSTT: realtimestt - DEBUG - Starting realtime worker
2026-09-03 21:15:59.672 - RealTimeSTT: realtimestt - DEBUG - Waiting for main transcription model to start
2026-09-03 21:15:59.672 - RealTimeSTT: realtimestt - DEBUG - Realtime transcription disabled; realtime worker exits
2026-09-03 21:16:08.061 - RealTimeSTT: realtimestt - DEBUG - Main transcription model ready
2026-09-03 21:16:08.061 - RealTimeSTT: realtimestt - DEBUG - RealtimeSTT initialization completed successfully
2026-09-03 21:16:08.062 - RealTimeSTT: realtimestt - INFO - Setting listen time
2026-09-03 21:16:08.062 - RealTimeSTT: realtimestt - INFO - State changed from 'inactive' to 'listening'
2026-09-03 21:16:08.065 - RealTimeSTT: realtimestt - DEBUG - Waiting for recording start
2026-09-03 21:16:09.569 - RealTimeSTT: realtimestt - INFO - voice activity detected
2026-09-03 21:16:09.569 - RealTimeSTT: realtimestt - INFO - recording started
2026-09-03 21:16:09.569 - RealTimeSTT: realtimestt - INFO - State changed from 'listening' to 'recording'
2026-09-03 21:16:09.570 - RealTimeSTT: realtimestt - DEBUG - Waiting for recording stop
2026-09-03 21:16:12.958 - RealTimeSTT: realtimestt - INFO - recording stopped
2026-09-03 21:16:12.961 - RealTimeSTT: realtimestt - DEBUG - No samples removed, final audio length: 70656
2026-09-03 21:16:12.961 - RealTimeSTT: realtimestt - INFO - State changed from 'recording' to 'inactive'
2026-09-03 21:16:12.996 - RealTimeSTT: realtimestt - INFO - State changed from 'inactive' to 'transcribing'
2026-09-03 21:16:12.999 - RealTimeSTT: realtimestt - DEBUG - Adding transcription request, no early transcription started
2026-09-03 21:16:13.020 - RealTimeSTT: realtimestt - DEBUG - Receive from parent_transcription_pipe after sendiung transcription request, transcribe_count: 1
2026-09-03 21:16:13.121 - RealTimeSTT: realtimestt - DEBUG - Receive from parent_transcription_pipe after sendiung transcription request, transcribe_count: 1
2026-09-03 21:16:13.222 - RealTimeSTT: realtimestt - DEBUG - Receive from parent_transcription_pipe after sendiung transcription request, transcribe_count: 1
2026-09-03 21:16:13.323 - RealTimeSTT: realtimestt - DEBUG - Receive from parent_transcription_pipe after sendiung transcription request, transcribe_count: 1
2026-09-03 21:16:13.424 - RealTimeSTT: realtimestt - DEBUG - Receive from parent_transcription_pipe after sendiung transcription request, transcribe_count: 1
2026-09-03 21:16:13.525 - RealTimeSTT: realtimestt - DEBUG - Receive from parent_transcription_pipe after sendiung transcription request, transcribe_count: 1
2026-09-03 21:16:13.625 - RealTimeSTT: realtimestt - DEBUG - Receive from parent_transcription_pipe after sendiung transcription request, transcribe_count: 1
2026-09-03 21:16:13.726 - RealTimeSTT: realtimestt - DEBUG - Receive from parent_transcription_pipe after sendiung transcription request, transcribe_count: 1
2026-09-03 21:16:13.826 - RealTimeSTT: realtimestt - DEBUG - Receive from parent_transcription_pipe after sendiung transcription request, transcribe_count: 1
2026-09-03 21:16:13.928 - RealTimeSTT: realtimestt - DEBUG - Receive from parent_transcription_pipe after sendiung transcription request, transcribe_count: 1
2026-09-03 21:16:13.972 - RealTimeSTT: realtimestt - INFO - State changed from 'transcribing' to 'inactive'
2026-09-03 21:16:14.019 - RealTimeSTT: realtimestt - DEBUG - Model tiny completed transcription in 1.02 seconds
2026-09-03 21:16:14.020 - RealTimeSTT: realtimestt - DEBUG - Finishing recording thread
2026-09-03 21:16:14.021 - RealTimeSTT: realtimestt - DEBUG - Terminating reader process
2026-09-03 21:16:14.748 - RealTimeSTT: realtimestt - DEBUG - Terminating transcription process
2026-09-03 21:16:14.901 - RealTimeSTT: realtimestt - DEBUG - Finishing realtime thread
2026-09-03 22:22:44.661 - RealTimeSTT: realtimestt - INFO - Starting RealTimeSTT
2026-09-03 22:22:44.726 - RealTimeSTT: realtimestt - INFO - Initializing audio recording (creating pyAudio input stream, sample rate: 16000 buffer size: 512
2026-09-03 22:22:44.767 - RealTimeSTT: realtimestt - INFO - Initializing WebRTC voice with Sensitivity 3
2026-09-03 22:22:44.768 - RealTimeSTT: realtimestt - DEBUG - WebRTC VAD voice activity detection engine initialized successfully
2026-09-03 22:22:45.032 - RealTimeSTT: realtimestt - DEBUG - Silero VAD voice activity detection engine initialized successfully with backend raw_onnx_ifless
2026-09-03 22:22:45.035 - RealTimeSTT: realtimestt - DEBUG - Starting realtime worker
2026-09-03 22:22:45.036 - RealTimeSTT: realtimestt - DEBUG - Waiting for main transcription model to start
2026-09-03 22:22:45.036 - RealTimeSTT: realtimestt - DEBUG - Realtime transcription disabled; realtime worker exits
2026-09-03 22:22:53.893 - RealTimeSTT: realtimestt - DEBUG - Main transcription model ready
2026-09-03 22:22:53.894 - RealTimeSTT: realtimestt - DEBUG - RealtimeSTT initialization completed successfully
2026-09-03 22:22:53.895 - RealTimeSTT: realtimestt - INFO - Setting listen time
2026-09-03 22:22:53.895 - RealTimeSTT: realtimestt - INFO - State changed from 'inactive' to 'listening'
2026-09-03 22:22:53.898 - RealTimeSTT: realtimestt - DEBUG - Waiting for recording start
2026-09-03 22:23:13.586 - RealTimeSTT: realtimestt - INFO - voice activity detected
2026-09-03 22:23:13.586 - RealTimeSTT: realtimestt - INFO - recording started
2026-09-03 22:23:13.586 - RealTimeSTT: realtimestt - INFO - State changed from 'listening' to 'recording'
2026-09-03 22:23:13.586 - RealTimeSTT: realtimestt - DEBUG - Waiting for recording stop
2026-09-03 22:23:15.956 - RealTimeSTT: realtimestt - INFO - recording stopped
2026-09-03 22:23:15.960 - RealTimeSTT: realtimestt - DEBUG - No samples removed, final audio length: 54272
2026-09-03 22:23:15.960 - RealTimeSTT: realtimestt - INFO - State changed from 'recording' to 'inactive'
2026-09-03 22:23:16.027 - RealTimeSTT: realtimestt - INFO - State changed from 'inactive' to 'transcribing'
2026-09-03 22:23:16.030 - RealTimeSTT: realtimestt - DEBUG - Adding transcription request, no early transcription started
2026-09-03 22:23:16.031 - RealTimeSTT: realtimestt - DEBUG - Receive from parent_transcription_pipe after sendiung transcription request, transcribe_count: 1
2026-09-03 22:23:16.132 - RealTimeSTT: realtimestt - DEBUG - Receive from parent_transcription_pipe after sendiung transcription request, transcribe_count: 1
2026-09-03 22:23:16.233 - RealTimeSTT: realtimestt - DEBUG - Receive from parent_transcription_pipe after sendiung transcription request, transcribe_count: 1
2026-09-03 22:23:16.334 - RealTimeSTT: realtimestt - DEBUG - Receive from parent_transcription_pipe after sendiung transcription request, transcribe_count: 1
2026-09-03 22:23:16.436 - RealTimeSTT: realtimestt - DEBUG - Receive from parent_transcription_pipe after sendiung transcription request, transcribe_count: 1
2026-09-03 22:23:16.536 - RealTimeSTT: realtimestt - DEBUG - Receive from parent_transcription_pipe after sendiung transcription request, transcribe_count: 1
2026-09-03 22:23:16.637 - RealTimeSTT: realtimestt - DEBUG - Receive from parent_transcription_pipe after sendiung transcription request, transcribe_count: 1
2026-09-03 22:23:16.739 - RealTimeSTT: realtimestt - DEBUG - Receive from parent_transcription_pipe after sendiung transcription request, transcribe_count: 1
2026-09-03 22:23:16.840 - RealTimeSTT: realtimestt - DEBUG - Receive from parent_transcription_pipe after sendiung transcription request, transcribe_count: 1
2026-09-03 22:23:16.922 - RealTimeSTT: realtimestt - INFO - State changed from 'transcribing' to 'inactive'
2026-09-03 22:23:16.952 - RealTimeSTT: realtimestt - DEBUG - Model tiny completed transcription in 0.92 seconds
2026-09-03 22:23:16.953 - RealTimeSTT: realtimestt - DEBUG - Finishing recording thread
2026-09-03 22:23:16.957 - RealTimeSTT: realtimestt - DEBUG - Terminating reader process
2026-09-03 22:23:17.756 - RealTimeSTT: realtimestt - DEBUG - Terminating transcription process
2026-09-03 22:23:17.932 - RealTimeSTT: realtimestt - DEBUG - Finishing realtime thread
2026-09-03 22:26:06.829 - RealTimeSTT: realtimestt - INFO - Starting RealTimeSTT
2026-09-03 22:26:06.885 - RealTimeSTT: realtimestt - INFO - Initializing audio recording (creating pyAudio input stream, sample rate: 16000 buffer size: 512
2026-09-03 22:26:06.927 - RealTimeSTT: realtimestt - INFO - Initializing WebRTC voice with Sensitivity 3
2026-09-03 22:26:06.927 - RealTimeSTT: realtimestt - DEBUG - WebRTC VAD voice activity detection engine initialized successfully
2026-09-03 22:26:06.943 - RealTimeSTT: realtimestt - DEBUG - Silero VAD auto backend raw_onnx_ifless unavailable
Traceback (most recent call last):
  File "C:\Users\jgdiv\PyCharmMiscProject\.venv\Lib\site-packages\RealtimeSTT\core\silero_vad.py", line 176, in _create_auto_vad
    return _create_raw_onnx_vad(
        model_name,
    ...<4 lines>...
        chunk_samples,
    )
  File "C:\Users\jgdiv\PyCharmMiscProject\.venv\Lib\site-packages\RealtimeSTT\core\silero_vad.py", line 230, in _create_raw_onnx_vad
    return RawSileroOnnxVad(
        model_path,
        backend=backend_name,
        intra_op_num_threads=onnx_threads,
    )
  File "C:\Users\jgdiv\PyCharmMiscProject\.venv\Lib\site-packages\RealtimeSTT\core\silero_vad.py", line 443, in __init__
    ort = import_module("onnxruntime")
  File "C:\Program Files\WindowsApps\PythonSoftwareFoundation.Python.3.13_3.13.3824.0_x64__qbz5n2kfra8p0\Lib\importlib\__init__.py", line 88, in import_module
    return _bootstrap._gcd_import(name[level:], package, level)
           ~~~~~~~~~~~~~~~~~~~~~~^^^^^^^^^^^^^^^^^^^^^^^^^^^^^^
  File "<frozen importlib._bootstrap>", line 1395, in _gcd_import
  File "<frozen importlib._bootstrap>", line 1360, in _find_and_load
  File "<frozen importlib._bootstrap>", line 1324, in _find_and_load_unlocked
ModuleNotFoundError: No module named 'onnxruntime'
2026-09-03 22:26:06.962 - RealTimeSTT: realtimestt - DEBUG - Silero VAD auto backend raw_onnx unavailable
Traceback (most recent call last):
  File "C:\Users\jgdiv\PyCharmMiscProject\.venv\Lib\site-packages\RealtimeSTT\core\silero_vad.py", line 176, in _create_auto_vad
    return _create_raw_onnx_vad(
        model_name,
    ...<4 lines>...
        chunk_samples,
    )
  File "C:\Users\jgdiv\PyCharmMiscProject\.venv\Lib\site-packages\RealtimeSTT\core\silero_vad.py", line 230, in _create_raw_onnx_vad
    return RawSileroOnnxVad(
        model_path,
        backend=backend_name,
        intra_op_num_threads=onnx_threads,
    )
  File "C:\Users\jgdiv\PyCharmMiscProject\.venv\Lib\site-packages\RealtimeSTT\core\silero_vad.py", line 443, in __init__
    ort = import_module("onnxruntime")
  File "C:\Program Files\WindowsApps\PythonSoftwareFoundation.Python.3.13_3.13.3824.0_x64__qbz5n2kfra8p0\Lib\importlib\__init__.py", line 88, in import_module
    return _bootstrap._gcd_import(name[level:], package, level)
           ~~~~~~~~~~~~~~~~~~~~~~^^^^^^^^^^^^^^^^^^^^^^^^^^^^^^
  File "<frozen importlib._bootstrap>", line 1395, in _gcd_import
  File "<frozen importlib._bootstrap>", line 1360, in _find_and_load
  File "<frozen importlib._bootstrap>", line 1324, in _find_and_load_unlocked
ModuleNotFoundError: No module named 'onnxruntime'
2026-09-03 22:26:07.726 - RealTimeSTT: realtimestt - DEBUG - Silero VAD voice activity detection engine initialized successfully with backend pytorch_cpu
2026-09-03 22:26:08.086 - RealTimeSTT: realtimestt - DEBUG - Starting realtime worker
2026-09-03 22:26:08.086 - RealTimeSTT: realtimestt - DEBUG - Waiting for main transcription model to start
2026-09-03 22:26:08.086 - RealTimeSTT: realtimestt - DEBUG - Realtime transcription disabled; realtime worker exits
2026-09-03 22:27:17.887 - RealTimeSTT: realtimestt - INFO - Starting RealTimeSTT
2026-09-03 22:27:17.952 - RealTimeSTT: realtimestt - INFO - Initializing audio recording (creating pyAudio input stream, sample rate: 16000 buffer size: 512
2026-09-03 22:27:17.994 - RealTimeSTT: realtimestt - INFO - Initializing WebRTC voice with Sensitivity 3
2026-09-03 22:27:17.994 - RealTimeSTT: realtimestt - DEBUG - WebRTC VAD voice activity detection engine initialized successfully
2026-09-03 22:27:18.010 - RealTimeSTT: realtimestt - DEBUG - Silero VAD auto backend raw_onnx_ifless unavailable
Traceback (most recent call last):
  File "C:\Users\jgdiv\PyCharmMiscProject\.venv\Lib\site-packages\RealtimeSTT\core\silero_vad.py", line 176, in _create_auto_vad
    return _create_raw_onnx_vad(
        model_name,
    ...<4 lines>...
        chunk_samples,
    )
  File "C:\Users\jgdiv\PyCharmMiscProject\.venv\Lib\site-packages\RealtimeSTT\core\silero_vad.py", line 230, in _create_raw_onnx_vad
    return RawSileroOnnxVad(
        model_path,
        backend=backend_name,
        intra_op_num_threads=onnx_threads,
    )
  File "C:\Users\jgdiv\PyCharmMiscProject\.venv\Lib\site-packages\RealtimeSTT\core\silero_vad.py", line 443, in __init__
    ort = import_module("onnxruntime")
  File "C:\Program Files\WindowsApps\PythonSoftwareFoundation.Python.3.13_3.13.3824.0_x64__qbz5n2kfra8p0\Lib\importlib\__init__.py", line 88, in import_module
    return _bootstrap._gcd_import(name[level:], package, level)
           ~~~~~~~~~~~~~~~~~~~~~~^^^^^^^^^^^^^^^^^^^^^^^^^^^^^^
  File "<frozen importlib._bootstrap>", line 1395, in _gcd_import
  File "<frozen importlib._bootstrap>", line 1360, in _find_and_load
  File "<frozen importlib._bootstrap>", line 1324, in _find_and_load_unlocked
ModuleNotFoundError: No module named 'onnxruntime'
2026-09-03 22:27:18.027 - RealTimeSTT: realtimestt - DEBUG - Silero VAD auto backend raw_onnx unavailable
Traceback (most recent call last):
  File "C:\Users\jgdiv\PyCharmMiscProject\.venv\Lib\site-packages\RealtimeSTT\core\silero_vad.py", line 176, in _create_auto_vad
    return _create_raw_onnx_vad(
        model_name,
    ...<4 lines>...
        chunk_samples,
    )
  File "C:\Users\jgdiv\PyCharmMiscProject\.venv\Lib\site-packages\RealtimeSTT\core\silero_vad.py", line 230, in _create_raw_onnx_vad
    return RawSileroOnnxVad(
        model_path,
        backend=backend_name,
        intra_op_num_threads=onnx_threads,
    )
  File "C:\Users\jgdiv\PyCharmMiscProject\.venv\Lib\site-packages\RealtimeSTT\core\silero_vad.py", line 443, in __init__
    ort = import_module("onnxruntime")
  File "C:\Program Files\WindowsApps\PythonSoftwareFoundation.Python.3.13_3.13.3824.0_x64__qbz5n2kfra8p0\Lib\importlib\__init__.py", line 88, in import_module
    return _bootstrap._gcd_import(name[level:], package, level)
           ~~~~~~~~~~~~~~~~~~~~~~^^^^^^^^^^^^^^^^^^^^^^^^^^^^^^
  File "<frozen importlib._bootstrap>", line 1395, in _gcd_import
  File "<frozen importlib._bootstrap>", line 1360, in _find_and_load
  File "<frozen importlib._bootstrap>", line 1324, in _find_and_load_unlocked
ModuleNotFoundError: No module named 'onnxruntime'
2026-09-03 22:27:18.455 - RealTimeSTT: realtimestt - DEBUG - Silero VAD voice activity detection engine initialized successfully with backend pytorch_cpu
2026-09-03 22:27:18.684 - RealTimeSTT: realtimestt - DEBUG - Starting realtime worker
2026-09-03 22:27:18.684 - RealTimeSTT: realtimestt - DEBUG - Waiting for main transcription model to start
2026-09-03 22:27:18.684 - RealTimeSTT: realtimestt - DEBUG - Realtime transcription disabled; realtime worker exits
2026-09-03 22:32:50.960 - RealTimeSTT: realtimestt - INFO - Starting RealTimeSTT
2026-09-03 22:32:51.016 - RealTimeSTT: realtimestt - INFO - Initializing audio recording (creating pyAudio input stream, sample rate: 16000 buffer size: 512
2026-09-03 22:32:51.056 - RealTimeSTT: realtimestt - INFO - Initializing WebRTC voice with Sensitivity 3
2026-09-03 22:32:51.057 - RealTimeSTT: realtimestt - DEBUG - WebRTC VAD voice activity detection engine initialized successfully
2026-09-03 22:32:51.083 - RealTimeSTT: realtimestt - DEBUG - Silero VAD auto backend raw_onnx_ifless unavailable
Traceback (most recent call last):
  File "C:\Users\jgdiv\PyCharmMiscProject\.venv\Lib\site-packages\RealtimeSTT\core\silero_vad.py", line 176, in _create_auto_vad
    return _create_raw_onnx_vad(
        model_name,
    ...<4 lines>...
        chunk_samples,
    )
  File "C:\Users\jgdiv\PyCharmMiscProject\.venv\Lib\site-packages\RealtimeSTT\core\silero_vad.py", line 230, in _create_raw_onnx_vad
    return RawSileroOnnxVad(
        model_path,
        backend=backend_name,
        intra_op_num_threads=onnx_threads,
    )
  File "C:\Users\jgdiv\PyCharmMiscProject\.venv\Lib\site-packages\RealtimeSTT\core\silero_vad.py", line 443, in __init__
    ort = import_module("onnxruntime")
  File "C:\Program Files\WindowsApps\PythonSoftwareFoundation.Python.3.13_3.13.3824.0_x64__qbz5n2kfra8p0\Lib\importlib\__init__.py", line 88, in import_module
    return _bootstrap._gcd_import(name[level:], package, level)
           ~~~~~~~~~~~~~~~~~~~~~~^^^^^^^^^^^^^^^^^^^^^^^^^^^^^^
  File "<frozen importlib._bootstrap>", line 1395, in _gcd_import
  File "<frozen importlib._bootstrap>", line 1360, in _find_and_load
  File "<frozen importlib._bootstrap>", line 1324, in _find_and_load_unlocked
ModuleNotFoundError: No module named 'onnxruntime'
2026-09-03 22:32:51.104 - RealTimeSTT: realtimestt - DEBUG - Silero VAD auto backend raw_onnx unavailable
Traceback (most recent call last):
  File "C:\Users\jgdiv\PyCharmMiscProject\.venv\Lib\site-packages\RealtimeSTT\core\silero_vad.py", line 176, in _create_auto_vad
    return _create_raw_onnx_vad(
        model_name,
    ...<4 lines>...
        chunk_samples,
    )
  File "C:\Users\jgdiv\PyCharmMiscProject\.venv\Lib\site-packages\RealtimeSTT\core\silero_vad.py", line 230, in _create_raw_onnx_vad
    return RawSileroOnnxVad(
        model_path,
        backend=backend_name,
        intra_op_num_threads=onnx_threads,
    )
  File "C:\Users\jgdiv\PyCharmMiscProject\.venv\Lib\site-packages\RealtimeSTT\core\silero_vad.py", line 443, in __init__
    ort = import_module("onnxruntime")
  File "C:\Program Files\WindowsApps\PythonSoftwareFoundation.Python.3.13_3.13.3824.0_x64__qbz5n2kfra8p0\Lib\importlib\__init__.py", line 88, in import_module
    return _bootstrap._gcd_import(name[level:], package, level)
           ~~~~~~~~~~~~~~~~~~~~~~^^^^^^^^^^^^^^^^^^^^^^^^^^^^^^
  File "<frozen importlib._bootstrap>", line 1395, in _gcd_import
  File "<frozen importlib._bootstrap>", line 1360, in _find_and_load
  File "<frozen importlib._bootstrap>", line 1324, in _find_and_load_unlocked
ModuleNotFoundError: No module named 'onnxruntime'
2026-09-03 22:32:52.034 - RealTimeSTT: realtimestt - DEBUG - Silero VAD voice activity detection engine initialized successfully with backend pytorch_cpu
2026-09-03 22:32:52.344 - RealTimeSTT: realtimestt - DEBUG - Starting realtime worker
2026-09-03 22:32:52.344 - RealTimeSTT: realtimestt - DEBUG - Waiting for main transcription model to start
2026-09-03 22:32:52.344 - RealTimeSTT: realtimestt - DEBUG - Realtime transcription disabled; realtime worker exits
2026-09-03 22:36:52.920 - RealTimeSTT: realtimestt - INFO - Starting RealTimeSTT
2026-09-03 22:36:53.051 - RealTimeSTT: realtimestt - INFO - Initializing audio recording (creating pyAudio input stream, sample rate: 16000 buffer size: 512
2026-09-03 22:36:53.106 - RealTimeSTT: realtimestt - INFO - Initializing WebRTC voice with Sensitivity 3
2026-09-03 22:36:53.106 - RealTimeSTT: realtimestt - DEBUG - WebRTC VAD voice activity detection engine initialized successfully
2026-09-03 22:36:53.300 - RealTimeSTT: realtimestt - DEBUG - Silero VAD voice activity detection engine initialized successfully with backend raw_onnx_ifless
2026-09-03 22:36:53.304 - RealTimeSTT: realtimestt - DEBUG - Starting realtime worker
2026-09-03 22:36:53.304 - RealTimeSTT: realtimestt - DEBUG - Waiting for main transcription model to start
2026-09-03 22:36:53.304 - RealTimeSTT: realtimestt - DEBUG - Realtime transcription disabled; realtime worker exits
2026-09-03 22:37:06.070 - RealTimeSTT: realtimestt - DEBUG - Main transcription model ready
2026-09-03 22:37:06.071 - RealTimeSTT: realtimestt - DEBUG - RealtimeSTT initialization completed successfully
2026-09-03 22:37:06.072 - RealTimeSTT: realtimestt - INFO - Setting listen time
2026-09-03 22:37:06.072 - RealTimeSTT: realtimestt - INFO - State changed from 'inactive' to 'listening'
2026-09-03 22:37:06.075 - RealTimeSTT: realtimestt - DEBUG - Waiting for recording start
2026-09-03 22:37:08.125 - RealTimeSTT: realtimestt - INFO - voice activity detected
2026-09-03 22:37:08.125 - RealTimeSTT: realtimestt - INFO - recording started
2026-09-03 22:37:08.125 - RealTimeSTT: realtimestt - INFO - State changed from 'listening' to 'recording'
2026-09-03 22:37:08.125 - RealTimeSTT: realtimestt - DEBUG - Waiting for recording stop
2026-09-03 22:37:11.965 - RealTimeSTT: realtimestt - INFO - recording stopped
2026-09-03 22:37:11.969 - RealTimeSTT: realtimestt - DEBUG - No samples removed, final audio length: 77824
2026-09-03 22:37:11.969 - RealTimeSTT: realtimestt - INFO - State changed from 'recording' to 'inactive'
2026-09-03 22:37:12.003 - RealTimeSTT: realtimestt - INFO - State changed from 'inactive' to 'transcribing'
2026-09-03 22:37:12.006 - RealTimeSTT: realtimestt - DEBUG - Adding transcription request, no early transcription started
2026-09-03 22:37:12.011 - RealTimeSTT: realtimestt - DEBUG - Receive from parent_transcription_pipe after sendiung transcription request, transcribe_count: 1
2026-09-03 22:37:12.113 - RealTimeSTT: realtimestt - DEBUG - Receive from parent_transcription_pipe after sendiung transcription request, transcribe_count: 1
2026-09-03 22:37:12.214 - RealTimeSTT: realtimestt - DEBUG - Receive from parent_transcription_pipe after sendiung transcription request, transcribe_count: 1
2026-09-03 22:37:12.316 - RealTimeSTT: realtimestt - DEBUG - Receive from parent_transcription_pipe after sendiung transcription request, transcribe_count: 1
2026-09-03 22:37:12.417 - RealTimeSTT: realtimestt - DEBUG - Receive from parent_transcription_pipe after sendiung transcription request, transcribe_count: 1
2026-09-03 22:37:12.517 - RealTimeSTT: realtimestt - DEBUG - Receive from parent_transcription_pipe after sendiung transcription request, transcribe_count: 1
2026-09-03 22:37:12.618 - RealTimeSTT: realtimestt - DEBUG - Receive from parent_transcription_pipe after sendiung transcription request, transcribe_count: 1
2026-09-03 22:37:12.719 - RealTimeSTT: realtimestt - DEBUG - Receive from parent_transcription_pipe after sendiung transcription request, transcribe_count: 1
2026-09-03 22:37:12.820 - RealTimeSTT: realtimestt - DEBUG - Receive from parent_transcription_pipe after sendiung transcription request, transcribe_count: 1
2026-09-03 22:37:12.921 - RealTimeSTT: realtimestt - DEBUG - Receive from parent_transcription_pipe after sendiung transcription request, transcribe_count: 1
2026-09-03 22:37:12.931 - RealTimeSTT: realtimestt - INFO - State changed from 'transcribing' to 'inactive'
2026-09-03 22:37:12.969 - RealTimeSTT: realtimestt - DEBUG - Model tiny completed transcription in 0.96 seconds
2026-09-03 22:37:12.969 - RealTimeSTT: realtimestt - DEBUG - Finishing recording thread
2026-09-03 22:37:12.979 - RealTimeSTT: realtimestt - DEBUG - Terminating reader process
2026-09-03 22:37:13.756 - RealTimeSTT: realtimestt - DEBUG - Terminating transcription process
2026-09-03 22:37:13.943 - RealTimeSTT: realtimestt - DEBUG - Finishing realtime thread
2026-09-04 10:50:59.990 - RealTimeSTT: realtimestt - INFO - Starting RealTimeSTT
2026-09-04 10:51:00.074 - RealTimeSTT: realtimestt - INFO - Initializing audio recording (creating pyAudio input stream, sample rate: 16000 buffer size: 512
2026-09-04 10:51:00.112 - RealTimeSTT: realtimestt - INFO - Initializing WebRTC voice with Sensitivity 3
2026-09-04 10:51:00.112 - RealTimeSTT: realtimestt - DEBUG - WebRTC VAD voice activity detection engine initialized successfully
2026-09-04 10:51:00.543 - RealTimeSTT: realtimestt - DEBUG - Silero VAD voice activity detection engine initialized successfully with backend raw_onnx_ifless
2026-09-04 10:51:00.552 - RealTimeSTT: realtimestt - DEBUG - Starting realtime worker
2026-09-04 10:51:00.552 - RealTimeSTT: realtimestt - DEBUG - Waiting for main transcription model to start
2026-09-04 10:51:00.552 - RealTimeSTT: realtimestt - DEBUG - Realtime transcription disabled; realtime worker exits
2026-09-04 10:51:06.071 - RealTimeSTT: realtimestt - INFO - Starting RealTimeSTT
2026-09-04 10:51:06.110 - RealTimeSTT: realtimestt - INFO - Starting RealTimeSTT
2026-09-04 10:51:57.530 - RealTimeSTT: realtimestt - INFO - Starting RealTimeSTT
2026-09-04 10:51:57.577 - RealTimeSTT: realtimestt - INFO - Initializing audio recording (creating pyAudio input stream, sample rate: 16000 buffer size: 512
2026-09-04 10:51:57.612 - RealTimeSTT: realtimestt - INFO - Initializing WebRTC voice with Sensitivity 3
2026-09-04 10:51:57.612 - RealTimeSTT: realtimestt - DEBUG - WebRTC VAD voice activity detection engine initialized successfully
2026-09-04 10:51:57.758 - RealTimeSTT: realtimestt - DEBUG - Silero VAD voice activity detection engine initialized successfully with backend raw_onnx_ifless
2026-09-04 10:51:57.761 - RealTimeSTT: realtimestt - DEBUG - Starting realtime worker
2026-09-04 10:51:57.761 - RealTimeSTT: realtimestt - DEBUG - Realtime transcription disabled; realtime worker exits
2026-09-04 10:51:57.761 - RealTimeSTT: realtimestt - DEBUG - Waiting for main transcription model to start
2026-09-04 10:52:12.107 - RealTimeSTT: realtimestt - DEBUG - Main transcription model ready
2026-09-04 10:52:12.108 - RealTimeSTT: realtimestt - DEBUG - RealtimeSTT initialization completed successfully
2026-09-04 10:52:12.108 - RealTimeSTT: realtimestt - INFO - Setting listen time
2026-09-04 10:52:12.108 - RealTimeSTT: realtimestt - INFO - State changed from 'inactive' to 'listening'
2026-09-04 10:52:12.111 - RealTimeSTT: realtimestt - DEBUG - Waiting for recording start
2026-09-04 10:52:18.853 - RealTimeSTT: realtimestt - INFO - voice activity detected
2026-09-04 10:52:18.853 - RealTimeSTT: realtimestt - INFO - recording started
2026-09-04 10:52:18.853 - RealTimeSTT: realtimestt - INFO - State changed from 'listening' to 'recording'
2026-09-04 10:52:18.853 - RealTimeSTT: realtimestt - DEBUG - Waiting for recording stop
2026-09-04 10:52:20.003 - RealTimeSTT: realtimestt - INFO - recording stopped
2026-09-04 10:52:20.006 - RealTimeSTT: realtimestt - DEBUG - No samples removed, final audio length: 34816
2026-09-04 10:52:20.006 - RealTimeSTT: realtimestt - INFO - State changed from 'recording' to 'inactive'
2026-09-04 10:52:20.091 - RealTimeSTT: realtimestt - INFO - State changed from 'inactive' to 'transcribing'
2026-09-04 10:52:20.094 - RealTimeSTT: realtimestt - DEBUG - Adding transcription request, no early transcription started
2026-09-04 10:52:20.095 - RealTimeSTT: realtimestt - DEBUG - Receive from parent_transcription_pipe after sendiung transcription request, transcribe_count: 1
2026-09-04 10:52:20.196 - RealTimeSTT: realtimestt - DEBUG - Receive from parent_transcription_pipe after sendiung transcription request, transcribe_count: 1
2026-09-04 10:52:20.296 - RealTimeSTT: realtimestt - DEBUG - Receive from parent_transcription_pipe after sendiung transcription request, transcribe_count: 1
2026-09-04 10:52:20.398 - RealTimeSTT: realtimestt - DEBUG - Receive from parent_transcription_pipe after sendiung transcription request, transcribe_count: 1
2026-09-04 10:52:20.498 - RealTimeSTT: realtimestt - DEBUG - Receive from parent_transcription_pipe after sendiung transcription request, transcribe_count: 1
2026-09-04 10:52:20.599 - RealTimeSTT: realtimestt - DEBUG - Receive from parent_transcription_pipe after sendiung transcription request, transcribe_count: 1
2026-09-04 10:52:20.700 - RealTimeSTT: realtimestt - DEBUG - Receive from parent_transcription_pipe after sendiung transcription request, transcribe_count: 1
2026-09-04 10:52:20.801 - RealTimeSTT: realtimestt - DEBUG - Receive from parent_transcription_pipe after sendiung transcription request, transcribe_count: 1
2026-09-04 10:52:20.901 - RealTimeSTT: realtimestt - DEBUG - Receive from parent_transcription_pipe after sendiung transcription request, transcribe_count: 1
2026-09-04 10:52:20.923 - RealTimeSTT: realtimestt - INFO - State changed from 'transcribing' to 'inactive'
2026-09-04 10:52:20.955 - RealTimeSTT: realtimestt - DEBUG - Model tiny completed transcription in 0.86 seconds
2026-09-04 10:52:20.955 - RealTimeSTT: realtimestt - DEBUG - Finishing recording thread
2026-09-04 10:52:20.957 - RealTimeSTT: realtimestt - DEBUG - Terminating reader process
2026-09-04 10:52:21.751 - RealTimeSTT: realtimestt - DEBUG - Terminating transcription process
2026-09-04 10:52:21.889 - RealTimeSTT: realtimestt - DEBUG - Finishing realtime thread
2026-09-04 10:52:39.565 - RealTimeSTT: realtimestt - INFO - Starting RealTimeSTT
2026-09-04 10:52:39.618 - RealTimeSTT: realtimestt - INFO - Initializing audio recording (creating pyAudio input stream, sample rate: 16000 buffer size: 512
2026-09-04 10:52:39.659 - RealTimeSTT: realtimestt - INFO - Initializing WebRTC voice with Sensitivity 3
2026-09-04 10:52:39.659 - RealTimeSTT: realtimestt - DEBUG - WebRTC VAD voice activity detection engine initialized successfully
2026-09-04 10:52:39.836 - RealTimeSTT: realtimestt - DEBUG - Silero VAD voice activity detection engine initialized successfully with backend raw_onnx_ifless
2026-09-04 10:52:39.839 - RealTimeSTT: realtimestt - DEBUG - Starting realtime worker
2026-09-04 10:52:39.839 - RealTimeSTT: realtimestt - DEBUG - Waiting for main transcription model to start
2026-09-04 10:52:39.839 - RealTimeSTT: realtimestt - DEBUG - Realtime transcription disabled; realtime worker exits
2026-09-04 10:52:48.002 - RealTimeSTT: realtimestt - DEBUG - Main transcription model ready
2026-09-04 10:52:48.003 - RealTimeSTT: realtimestt - DEBUG - RealtimeSTT initialization completed successfully
2026-09-04 10:52:48.003 - RealTimeSTT: realtimestt - INFO - Setting listen time
2026-09-04 10:52:48.003 - RealTimeSTT: realtimestt - INFO - State changed from 'inactive' to 'listening'
2026-09-04 10:52:48.005 - RealTimeSTT: realtimestt - DEBUG - Waiting for recording start
2026-09-04 10:52:50.798 - RealTimeSTT: realtimestt - INFO - voice activity detected
2026-09-04 10:52:50.798 - RealTimeSTT: realtimestt - INFO - recording started
2026-09-04 10:52:50.798 - RealTimeSTT: realtimestt - INFO - State changed from 'listening' to 'recording'
2026-09-04 10:52:50.799 - RealTimeSTT: realtimestt - DEBUG - Waiting for recording stop
2026-09-04 10:52:53.867 - RealTimeSTT: realtimestt - INFO - recording stopped
2026-09-04 10:52:53.871 - RealTimeSTT: realtimestt - DEBUG - No samples removed, final audio length: 65536
2026-09-04 10:52:53.871 - RealTimeSTT: realtimestt - INFO - State changed from 'recording' to 'inactive'
2026-09-04 10:52:53.922 - RealTimeSTT: realtimestt - INFO - State changed from 'inactive' to 'transcribing'
2026-09-04 10:52:53.926 - RealTimeSTT: realtimestt - DEBUG - Adding transcription request, no early transcription started
2026-09-04 10:52:53.928 - RealTimeSTT: realtimestt - DEBUG - Receive from parent_transcription_pipe after sendiung transcription request, transcribe_count: 1
2026-09-04 10:52:54.029 - RealTimeSTT: realtimestt - DEBUG - Receive from parent_transcription_pipe after sendiung transcription request, transcribe_count: 1
2026-09-04 10:52:54.130 - RealTimeSTT: realtimestt - DEBUG - Receive from parent_transcription_pipe after sendiung transcription request, transcribe_count: 1
2026-09-04 10:52:54.230 - RealTimeSTT: realtimestt - DEBUG - Receive from parent_transcription_pipe after sendiung transcription request, transcribe_count: 1
2026-09-04 10:52:54.330 - RealTimeSTT: realtimestt - DEBUG - Receive from parent_transcription_pipe after sendiung transcription request, transcribe_count: 1
2026-09-04 10:52:54.431 - RealTimeSTT: realtimestt - DEBUG - Receive from parent_transcription_pipe after sendiung transcription request, transcribe_count: 1
2026-09-04 10:52:54.531 - RealTimeSTT: realtimestt - DEBUG - Receive from parent_transcription_pipe after sendiung transcription request, transcribe_count: 1
2026-09-04 10:52:54.632 - RealTimeSTT: realtimestt - DEBUG - Receive from parent_transcription_pipe after sendiung transcription request, transcribe_count: 1
2026-09-04 10:52:54.717 - RealTimeSTT: realtimestt - INFO - State changed from 'transcribing' to 'inactive'
2026-09-04 10:52:54.735 - RealTimeSTT: realtimestt - DEBUG - Model tiny completed transcription in 0.81 seconds
2026-09-04 10:52:54.735 - RealTimeSTT: realtimestt - DEBUG - Finishing recording thread
2026-09-04 10:52:54.740 - RealTimeSTT: realtimestt - DEBUG - Terminating reader process
2026-09-04 10:52:55.563 - RealTimeSTT: realtimestt - DEBUG - Terminating transcription process
2026-09-04 10:52:55.667 - RealTimeSTT: realtimestt - DEBUG - Finishing realtime thread
2026-09-04 10:59:33.892 - RealTimeSTT: realtimestt - INFO - Starting RealTimeSTT
2026-09-04 10:59:33.948 - RealTimeSTT: realtimestt - INFO - Initializing audio recording (creating pyAudio input stream, sample rate: 16000 buffer size: 512
2026-09-04 10:59:33.989 - RealTimeSTT: realtimestt - INFO - Initializing WebRTC voice with Sensitivity 3
2026-09-04 10:59:33.989 - RealTimeSTT: realtimestt - DEBUG - WebRTC VAD voice activity detection engine initialized successfully
2026-09-04 10:59:34.175 - RealTimeSTT: realtimestt - DEBUG - Silero VAD voice activity detection engine initialized successfully with backend raw_onnx_ifless
2026-09-04 10:59:34.178 - RealTimeSTT: realtimestt - DEBUG - Starting realtime worker
2026-09-04 10:59:34.178 - RealTimeSTT: realtimestt - DEBUG - Waiting for main transcription model to start
2026-09-04 10:59:34.178 - RealTimeSTT: realtimestt - DEBUG - Realtime transcription disabled; realtime worker exits
2026-09-04 10:59:42.357 - RealTimeSTT: realtimestt - DEBUG - Main transcription model ready
2026-09-04 10:59:42.358 - RealTimeSTT: realtimestt - DEBUG - RealtimeSTT initialization completed successfully
2026-09-04 10:59:42.358 - RealTimeSTT: realtimestt - INFO - Setting listen time
2026-09-04 10:59:42.358 - RealTimeSTT: realtimestt - INFO - State changed from 'inactive' to 'listening'
2026-09-04 10:59:42.361 - RealTimeSTT: realtimestt - DEBUG - Waiting for recording start
2026-09-04 10:59:44.455 - RealTimeSTT: realtimestt - INFO - voice activity detected
2026-09-04 10:59:44.455 - RealTimeSTT: realtimestt - INFO - recording started
2026-09-04 10:59:44.455 - RealTimeSTT: realtimestt - INFO - State changed from 'listening' to 'recording'
2026-09-04 10:59:44.456 - RealTimeSTT: realtimestt - DEBUG - Waiting for recording stop
2026-09-04 10:59:46.505 - RealTimeSTT: realtimestt - INFO - recording stopped
2026-09-04 10:59:46.508 - RealTimeSTT: realtimestt - DEBUG - No samples removed, final audio length: 49152
2026-09-04 10:59:46.508 - RealTimeSTT: realtimestt - INFO - State changed from 'recording' to 'inactive'
2026-09-04 10:59:46.528 - RealTimeSTT: realtimestt - INFO - State changed from 'inactive' to 'transcribing'
2026-09-04 10:59:46.530 - RealTimeSTT: realtimestt - DEBUG - Adding transcription request, no early transcription started
2026-09-04 10:59:46.532 - RealTimeSTT: realtimestt - DEBUG - Receive from parent_transcription_pipe after sendiung transcription request, transcribe_count: 1
2026-09-04 10:59:46.633 - RealTimeSTT: realtimestt - DEBUG - Receive from parent_transcription_pipe after sendiung transcription request, transcribe_count: 1
2026-09-04 10:59:46.734 - RealTimeSTT: realtimestt - DEBUG - Receive from parent_transcription_pipe after sendiung transcription request, transcribe_count: 1
2026-09-04 10:59:46.834 - RealTimeSTT: realtimestt - DEBUG - Receive from parent_transcription_pipe after sendiung transcription request, transcribe_count: 1
2026-09-04 10:59:46.936 - RealTimeSTT: realtimestt - DEBUG - Receive from parent_transcription_pipe after sendiung transcription request, transcribe_count: 1
2026-09-04 10:59:47.036 - RealTimeSTT: realtimestt - DEBUG - Receive from parent_transcription_pipe after sendiung transcription request, transcribe_count: 1
2026-09-04 10:59:47.137 - RealTimeSTT: realtimestt - DEBUG - Receive from parent_transcription_pipe after sendiung transcription request, transcribe_count: 1
2026-09-04 10:59:47.237 - RealTimeSTT: realtimestt - DEBUG - Receive from parent_transcription_pipe after sendiung transcription request, transcribe_count: 1
2026-09-04 10:59:47.338 - RealTimeSTT: realtimestt - DEBUG - Receive from parent_transcription_pipe after sendiung transcription request, transcribe_count: 1
2026-09-04 10:59:47.404 - RealTimeSTT: realtimestt - INFO - State changed from 'transcribing' to 'inactive'
2026-09-04 10:59:47.443 - RealTimeSTT: realtimestt - DEBUG - Model tiny completed transcription in 0.91 seconds
2026-09-04 10:59:47.444 - RealTimeSTT: realtimestt - DEBUG - Finishing recording thread
2026-09-04 10:59:47.449 - RealTimeSTT: realtimestt - DEBUG - Terminating reader process
2026-09-04 10:59:48.255 - RealTimeSTT: realtimestt - DEBUG - Terminating transcription process
2026-09-04 10:59:48.360 - RealTimeSTT: realtimestt - DEBUG - Finishing realtime thread
2026-09-04 11:02:55.172 - RealTimeSTT: realtimestt - INFO - Starting RealTimeSTT
2026-09-04 11:02:55.219 - RealTimeSTT: realtimestt - INFO - Initializing audio recording (creating pyAudio input stream, sample rate: 16000 buffer size: 512
2026-09-04 11:02:55.257 - RealTimeSTT: realtimestt - INFO - Initializing WebRTC voice with Sensitivity 3
2026-09-04 11:02:55.257 - RealTimeSTT: realtimestt - DEBUG - WebRTC VAD voice activity detection engine initialized successfully
2026-09-04 11:02:55.435 - RealTimeSTT: realtimestt - DEBUG - Silero VAD voice activity detection engine initialized successfully with backend raw_onnx_ifless
2026-09-04 11:02:55.438 - RealTimeSTT: realtimestt - DEBUG - Starting realtime worker
2026-09-04 11:02:55.438 - RealTimeSTT: realtimestt - DEBUG - Waiting for main transcription model to start
2026-09-04 11:02:55.438 - RealTimeSTT: realtimestt - DEBUG - Realtime transcription disabled; realtime worker exits
2026-09-04 11:03:01.241 - RealTimeSTT: realtimestt - INFO - Starting RealTimeSTT
2026-09-04 11:03:01.434 - RealTimeSTT: realtimestt - INFO - Starting RealTimeSTT
2026-09-04 11:03:19.618 - RealTimeSTT: realtimestt - INFO - Starting RealTimeSTT
2026-09-04 11:03:19.664 - RealTimeSTT: realtimestt - INFO - Initializing audio recording (creating pyAudio input stream, sample rate: 16000 buffer size: 512
2026-09-04 11:03:19.702 - RealTimeSTT: realtimestt - INFO - Initializing WebRTC voice with Sensitivity 3
2026-09-04 11:03:19.702 - RealTimeSTT: realtimestt - DEBUG - WebRTC VAD voice activity detection engine initialized successfully
2026-09-04 11:03:19.855 - RealTimeSTT: realtimestt - DEBUG - Silero VAD voice activity detection engine initialized successfully with backend raw_onnx_ifless
2026-09-04 11:03:19.858 - RealTimeSTT: realtimestt - DEBUG - Starting realtime worker
2026-09-04 11:03:19.858 - RealTimeSTT: realtimestt - DEBUG - Waiting for main transcription model to start
2026-09-04 11:03:19.859 - RealTimeSTT: realtimestt - DEBUG - Realtime transcription disabled; realtime worker exits
2026-09-04 11:03:27.911 - RealTimeSTT: realtimestt - DEBUG - Main transcription model ready
2026-09-04 11:03:27.911 - RealTimeSTT: realtimestt - DEBUG - RealtimeSTT initialization completed successfully
2026-09-04 11:03:27.912 - RealTimeSTT: realtimestt - INFO - Setting listen time
2026-09-04 11:03:27.912 - RealTimeSTT: realtimestt - INFO - State changed from 'inactive' to 'listening'
2026-09-04 11:03:27.914 - RealTimeSTT: realtimestt - DEBUG - Waiting for recording start
2026-09-04 11:03:29.627 - RealTimeSTT: realtimestt - INFO - voice activity detected
2026-09-04 11:03:29.628 - RealTimeSTT: realtimestt - INFO - recording started
2026-09-04 11:03:29.628 - RealTimeSTT: realtimestt - INFO - State changed from 'listening' to 'recording'
2026-09-04 11:03:29.628 - RealTimeSTT: realtimestt - DEBUG - Waiting for recording stop
2026-09-04 11:03:35.257 - RealTimeSTT: realtimestt - INFO - recording stopped
2026-09-04 11:03:35.261 - RealTimeSTT: realtimestt - DEBUG - No samples removed, final audio length: 106496
2026-09-04 11:03:35.261 - RealTimeSTT: realtimestt - INFO - State changed from 'recording' to 'inactive'
2026-09-04 11:03:35.297 - RealTimeSTT: realtimestt - INFO - State changed from 'inactive' to 'transcribing'
2026-09-04 11:03:35.299 - RealTimeSTT: realtimestt - DEBUG - Adding transcription request, no early transcription started
2026-09-04 11:03:35.301 - RealTimeSTT: realtimestt - DEBUG - Receive from parent_transcription_pipe after sendiung transcription request, transcribe_count: 1
2026-09-04 11:03:35.402 - RealTimeSTT: realtimestt - DEBUG - Receive from parent_transcription_pipe after sendiung transcription request, transcribe_count: 1
2026-09-04 11:03:35.502 - RealTimeSTT: realtimestt - DEBUG - Receive from parent_transcription_pipe after sendiung transcription request, transcribe_count: 1
2026-09-04 11:03:35.603 - RealTimeSTT: realtimestt - DEBUG - Receive from parent_transcription_pipe after sendiung transcription request, transcribe_count: 1
2026-09-04 11:03:35.704 - RealTimeSTT: realtimestt - DEBUG - Receive from parent_transcription_pipe after sendiung transcription request, transcribe_count: 1
2026-09-04 11:03:35.805 - RealTimeSTT: realtimestt - DEBUG - Receive from parent_transcription_pipe after sendiung transcription request, transcribe_count: 1
2026-09-04 11:03:35.905 - RealTimeSTT: realtimestt - DEBUG - Receive from parent_transcription_pipe after sendiung transcription request, transcribe_count: 1
2026-09-04 11:03:36.005 - RealTimeSTT: realtimestt - DEBUG - Receive from parent_transcription_pipe after sendiung transcription request, transcribe_count: 1
2026-09-04 11:03:36.106 - RealTimeSTT: realtimestt - DEBUG - Receive from parent_transcription_pipe after sendiung transcription request, transcribe_count: 1
2026-09-04 11:03:36.206 - RealTimeSTT: realtimestt - DEBUG - Receive from parent_transcription_pipe after sendiung transcription request, transcribe_count: 1
2026-09-04 11:03:36.267 - RealTimeSTT: realtimestt - INFO - State changed from 'transcribing' to 'inactive'
2026-09-04 11:03:36.292 - RealTimeSTT: realtimestt - DEBUG - Model tiny completed transcription in 0.99 seconds
2026-09-04 11:03:36.292 - RealTimeSTT: realtimestt - DEBUG - Finishing recording thread
2026-09-04 11:03:36.298 - RealTimeSTT: realtimestt - DEBUG - Terminating reader process
2026-09-04 11:03:37.193 - RealTimeSTT: realtimestt - DEBUG - Terminating transcription process
2026-09-04 11:03:37.257 - RealTimeSTT: realtimestt - DEBUG - Finishing realtime thread
2026-09-04 13:20:05.026 - RealTimeSTT: realtimestt - INFO - Starting RealTimeSTT
2026-09-04 13:20:05.086 - RealTimeSTT: realtimestt - INFO - Initializing audio recording (creating pyAudio input stream, sample rate: 16000 buffer size: 512
2026-09-04 13:20:05.126 - RealTimeSTT: realtimestt - INFO - Initializing WebRTC voice with Sensitivity 3
2026-09-04 13:20:05.126 - RealTimeSTT: realtimestt - DEBUG - WebRTC VAD voice activity detection engine initialized successfully
2026-09-04 13:20:05.306 - RealTimeSTT: realtimestt - DEBUG - Silero VAD voice activity detection engine initialized successfully with backend raw_onnx_ifless
2026-09-04 13:20:05.311 - RealTimeSTT: realtimestt - DEBUG - Starting realtime worker
2026-09-04 13:20:05.311 - RealTimeSTT: realtimestt - DEBUG - Waiting for main transcription model to start
2026-09-04 13:20:05.311 - RealTimeSTT: realtimestt - DEBUG - Realtime transcription disabled; realtime worker exits
2026-09-04 13:20:23.257 - RealTimeSTT: realtimestt - DEBUG - Main transcription model ready
2026-09-04 13:20:23.258 - RealTimeSTT: realtimestt - DEBUG - RealtimeSTT initialization completed successfully
2026-09-04 13:20:23.258 - RealTimeSTT: realtimestt - INFO - Setting listen time
2026-09-04 13:20:23.259 - RealTimeSTT: realtimestt - INFO - State changed from 'inactive' to 'listening'
2026-09-04 13:20:23.261 - RealTimeSTT: realtimestt - DEBUG - Waiting for recording start
2026-09-04 13:20:27.345 - RealTimeSTT: realtimestt - INFO - voice activity detected
2026-09-04 13:20:27.346 - RealTimeSTT: realtimestt - INFO - recording started
2026-09-04 13:20:27.346 - RealTimeSTT: realtimestt - INFO - State changed from 'listening' to 'recording'
2026-09-04 13:20:27.346 - RealTimeSTT: realtimestt - DEBUG - Waiting for recording stop
2026-09-04 13:20:28.875 - RealTimeSTT: realtimestt - INFO - recording stopped
2026-09-04 13:20:28.879 - RealTimeSTT: realtimestt - DEBUG - No samples removed, final audio length: 40960
2026-09-04 13:20:28.879 - RealTimeSTT: realtimestt - INFO - State changed from 'recording' to 'inactive'
2026-09-04 13:20:28.930 - RealTimeSTT: realtimestt - INFO - State changed from 'inactive' to 'transcribing'
2026-09-04 13:20:28.933 - RealTimeSTT: realtimestt - DEBUG - Adding transcription request, no early transcription started
2026-09-04 13:20:28.934 - RealTimeSTT: realtimestt - DEBUG - Receive from parent_transcription_pipe after sendiung transcription request, transcribe_count: 1
2026-09-04 13:20:29.035 - RealTimeSTT: realtimestt - DEBUG - Receive from parent_transcription_pipe after sendiung transcription request, transcribe_count: 1
2026-09-04 13:20:29.136 - RealTimeSTT: realtimestt - DEBUG - Receive from parent_transcription_pipe after sendiung transcription request, transcribe_count: 1
2026-09-04 13:20:29.237 - RealTimeSTT: realtimestt - DEBUG - Receive from parent_transcription_pipe after sendiung transcription request, transcribe_count: 1
2026-09-04 13:20:29.338 - RealTimeSTT: realtimestt - DEBUG - Receive from parent_transcription_pipe after sendiung transcription request, transcribe_count: 1
2026-09-04 13:20:29.439 - RealTimeSTT: realtimestt - DEBUG - Receive from parent_transcription_pipe after sendiung transcription request, transcribe_count: 1
2026-09-04 13:20:29.540 - RealTimeSTT: realtimestt - DEBUG - Receive from parent_transcription_pipe after sendiung transcription request, transcribe_count: 1
2026-09-04 13:20:29.640 - RealTimeSTT: realtimestt - DEBUG - Receive from parent_transcription_pipe after sendiung transcription request, transcribe_count: 1
2026-09-04 13:20:29.742 - RealTimeSTT: realtimestt - DEBUG - Receive from parent_transcription_pipe after sendiung transcription request, transcribe_count: 1
2026-09-04 13:20:29.816 - RealTimeSTT: realtimestt - INFO - State changed from 'transcribing' to 'inactive'
2026-09-04 13:20:29.845 - RealTimeSTT: realtimestt - DEBUG - Model tiny completed transcription in 0.91 seconds
2026-09-04 13:20:29.845 - RealTimeSTT: realtimestt - DEBUG - Finishing recording thread
2026-09-04 13:20:29.846 - RealTimeSTT: realtimestt - DEBUG - Terminating reader process
2026-09-04 13:20:31.810 - RealTimeSTT: realtimestt - DEBUG - Terminating transcription process
2026-09-04 13:20:31.836 - RealTimeSTT: realtimestt - DEBUG - Finishing realtime thread
2026-09-04 13:26:10.992 - RealTimeSTT: realtimestt - INFO - Starting RealTimeSTT
2026-09-04 13:26:11.049 - RealTimeSTT: realtimestt - INFO - Initializing audio recording (creating pyAudio input stream, sample rate: 16000 buffer size: 512
2026-09-04 13:26:11.088 - RealTimeSTT: realtimestt - INFO - Initializing WebRTC voice with Sensitivity 3
2026-09-04 13:26:11.088 - RealTimeSTT: realtimestt - DEBUG - WebRTC VAD voice activity detection engine initialized successfully
2026-09-04 13:26:11.253 - RealTimeSTT: realtimestt - DEBUG - Silero VAD voice activity detection engine initialized successfully with backend raw_onnx_ifless
2026-09-04 13:26:11.257 - RealTimeSTT: realtimestt - DEBUG - Starting realtime worker
2026-09-04 13:26:11.258 - RealTimeSTT: realtimestt - DEBUG - Waiting for main transcription model to start
2026-09-04 13:26:11.258 - RealTimeSTT: realtimestt - DEBUG - Realtime transcription disabled; realtime worker exits
2026-09-04 13:26:28.932 - RealTimeSTT: realtimestt - DEBUG - Main transcription model ready
2026-09-04 13:26:28.934 - RealTimeSTT: realtimestt - DEBUG - RealtimeSTT initialization completed successfully
2026-09-04 13:26:28.934 - RealTimeSTT: realtimestt - INFO - Setting listen time
2026-09-04 13:26:28.934 - RealTimeSTT: realtimestt - INFO - State changed from 'inactive' to 'listening'
2026-09-04 13:26:28.937 - RealTimeSTT: realtimestt - DEBUG - Waiting for recording start
2026-09-04 13:26:30.949 - RealTimeSTT: realtimestt - INFO - voice activity detected
2026-09-04 13:26:30.950 - RealTimeSTT: realtimestt - INFO - recording started
2026-09-04 13:26:30.950 - RealTimeSTT: realtimestt - INFO - State changed from 'listening' to 'recording'
2026-09-04 13:26:30.950 - RealTimeSTT: realtimestt - DEBUG - Waiting for recording stop
2026-09-04 13:26:33.448 - RealTimeSTT: realtimestt - INFO - recording stopped
2026-09-04 13:26:33.452 - RealTimeSTT: realtimestt - DEBUG - No samples removed, final audio length: 56320
2026-09-04 13:26:33.452 - RealTimeSTT: realtimestt - INFO - State changed from 'recording' to 'inactive'
2026-09-04 13:26:33.486 - RealTimeSTT: realtimestt - INFO - State changed from 'inactive' to 'transcribing'
2026-09-04 13:26:33.488 - RealTimeSTT: realtimestt - DEBUG - Adding transcription request, no early transcription started
2026-09-04 13:26:33.489 - RealTimeSTT: realtimestt - DEBUG - Receive from parent_transcription_pipe after sendiung transcription request, transcribe_count: 1
2026-09-04 13:26:33.590 - RealTimeSTT: realtimestt - DEBUG - Receive from parent_transcription_pipe after sendiung transcription request, transcribe_count: 1
2026-09-04 13:26:33.691 - RealTimeSTT: realtimestt - DEBUG - Receive from parent_transcription_pipe after sendiung transcription request, transcribe_count: 1
2026-09-04 13:26:33.793 - RealTimeSTT: realtimestt - DEBUG - Receive from parent_transcription_pipe after sendiung transcription request, transcribe_count: 1
2026-09-04 13:26:33.893 - RealTimeSTT: realtimestt - DEBUG - Receive from parent_transcription_pipe after sendiung transcription request, transcribe_count: 1
2026-09-04 13:26:33.994 - RealTimeSTT: realtimestt - DEBUG - Receive from parent_transcription_pipe after sendiung transcription request, transcribe_count: 1
2026-09-04 13:26:34.095 - RealTimeSTT: realtimestt - DEBUG - Receive from parent_transcription_pipe after sendiung transcription request, transcribe_count: 1
2026-09-04 13:26:34.196 - RealTimeSTT: realtimestt - DEBUG - Receive from parent_transcription_pipe after sendiung transcription request, transcribe_count: 1
2026-09-04 13:26:34.297 - RealTimeSTT: realtimestt - DEBUG - Receive from parent_transcription_pipe after sendiung transcription request, transcribe_count: 1
2026-09-04 13:26:34.399 - RealTimeSTT: realtimestt - DEBUG - Receive from parent_transcription_pipe after sendiung transcription request, transcribe_count: 1
2026-09-04 13:26:34.499 - RealTimeSTT: realtimestt - DEBUG - Receive from parent_transcription_pipe after sendiung transcription request, transcribe_count: 1
2026-09-04 13:26:34.524 - RealTimeSTT: realtimestt - INFO - State changed from 'transcribing' to 'inactive'
2026-09-04 13:26:34.553 - RealTimeSTT: realtimestt - DEBUG - Model tiny completed transcription in 1.06 seconds
2026-09-04 13:26:34.554 - RealTimeSTT: realtimestt - DEBUG - Finishing recording thread
2026-09-04 13:26:34.559 - RealTimeSTT: realtimestt - DEBUG - Terminating reader process
2026-09-04 13:26:36.226 - RealTimeSTT: realtimestt - DEBUG - Terminating transcription process
2026-09-04 13:26:36.443 - RealTimeSTT: realtimestt - DEBUG - Finishing realtime thread
2026-09-04 13:26:45.296 - RealTimeSTT: realtimestt - INFO - Starting RealTimeSTT
2026-09-04 13:26:45.296 - RealTimeSTT: realtimestt - INFO - Starting RealTimeSTT
2026-09-04 13:26:45.341 - RealTimeSTT: realtimestt - INFO - Initializing audio recording (creating pyAudio input stream, sample rate: 16000 buffer size: 512
2026-09-04 13:26:45.341 - RealTimeSTT: realtimestt - INFO - Initializing audio recording (creating pyAudio input stream, sample rate: 16000 buffer size: 512
2026-09-04 13:26:45.382 - RealTimeSTT: realtimestt - INFO - Initializing WebRTC voice with Sensitivity 3
2026-09-04 13:26:45.382 - RealTimeSTT: realtimestt - INFO - Initializing WebRTC voice with Sensitivity 3
2026-09-04 13:26:45.382 - RealTimeSTT: realtimestt - DEBUG - WebRTC VAD voice activity detection engine initialized successfully
2026-09-04 13:26:45.382 - RealTimeSTT: realtimestt - DEBUG - WebRTC VAD voice activity detection engine initialized successfully
2026-09-04 13:26:45.438 - RealTimeSTT: realtimestt - DEBUG - Silero VAD voice activity detection engine initialized successfully with backend raw_onnx_ifless
2026-09-04 13:26:45.438 - RealTimeSTT: realtimestt - DEBUG - Silero VAD voice activity detection engine initialized successfully with backend raw_onnx_ifless
2026-09-04 13:26:45.442 - RealTimeSTT: realtimestt - DEBUG - Starting realtime worker
2026-09-04 13:26:45.442 - RealTimeSTT: realtimestt - DEBUG - Starting realtime worker
2026-09-04 13:26:45.443 - RealTimeSTT: realtimestt - DEBUG - Waiting for main transcription model to start
2026-09-04 13:26:45.443 - RealTimeSTT: realtimestt - DEBUG - Waiting for main transcription model to start
2026-09-04 13:26:45.443 - RealTimeSTT: realtimestt - DEBUG - Realtime transcription disabled; realtime worker exits
2026-09-04 13:26:45.443 - RealTimeSTT: realtimestt - DEBUG - Realtime transcription disabled; realtime worker exits
2026-09-04 13:27:03.377 - RealTimeSTT: realtimestt - DEBUG - Main transcription model ready
2026-09-04 13:27:03.377 - RealTimeSTT: realtimestt - DEBUG - Main transcription model ready
2026-09-04 13:27:03.379 - RealTimeSTT: realtimestt - DEBUG - RealtimeSTT initialization completed successfully
2026-09-04 13:27:03.379 - RealTimeSTT: realtimestt - DEBUG - RealtimeSTT initialization completed successfully
2026-09-04 13:27:03.379 - RealTimeSTT: realtimestt - INFO - Setting listen time
2026-09-04 13:27:03.379 - RealTimeSTT: realtimestt - INFO - Setting listen time
2026-09-04 13:27:03.379 - RealTimeSTT: realtimestt - INFO - State changed from 'inactive' to 'listening'
2026-09-04 13:27:03.379 - RealTimeSTT: realtimestt - INFO - State changed from 'inactive' to 'listening'
2026-09-04 13:27:03.382 - RealTimeSTT: realtimestt - DEBUG - Waiting for recording start
2026-09-04 13:27:03.382 - RealTimeSTT: realtimestt - DEBUG - Waiting for recording start
2026-09-04 13:27:09.612 - RealTimeSTT: realtimestt - DEBUG - No samples removed, final audio length: 0
2026-09-04 13:27:09.612 - RealTimeSTT: realtimestt - DEBUG - No samples removed, final audio length: 0
2026-09-04 13:27:09.612 - RealTimeSTT: realtimestt - INFO - State changed from 'listening' to 'inactive'
2026-09-04 13:27:09.612 - RealTimeSTT: realtimestt - INFO - State changed from 'listening' to 'inactive'
2026-09-04 13:27:09.646 - RealTimeSTT: realtimestt - DEBUG - Finishing recording thread
2026-09-04 13:27:09.646 - RealTimeSTT: realtimestt - DEBUG - Finishing recording thread
2026-09-04 13:27:09.652 - RealTimeSTT: realtimestt - DEBUG - Terminating reader process
2026-09-04 13:27:09.652 - RealTimeSTT: realtimestt - DEBUG - Terminating reader process
2026-09-04 13:29:57.167 - RealTimeSTT: realtimestt - INFO - Starting RealTimeSTT
2026-09-04 13:29:57.219 - RealTimeSTT: realtimestt - INFO - Initializing audio recording (creating pyAudio input stream, sample rate: 16000 buffer size: 512
2026-09-04 13:29:57.258 - RealTimeSTT: realtimestt - INFO - Initializing WebRTC voice with Sensitivity 3
2026-09-04 13:29:57.258 - RealTimeSTT: realtimestt - DEBUG - WebRTC VAD voice activity detection engine initialized successfully
2026-09-04 13:29:57.404 - RealTimeSTT: realtimestt - DEBUG - Silero VAD voice activity detection engine initialized successfully with backend raw_onnx_ifless
2026-09-04 13:29:57.407 - RealTimeSTT: realtimestt - DEBUG - Starting realtime worker
2026-09-04 13:29:57.407 - RealTimeSTT: realtimestt - DEBUG - Waiting for main transcription model to start
2026-09-04 13:29:57.407 - RealTimeSTT: realtimestt - DEBUG - Realtime transcription disabled; realtime worker exits
2026-09-04 13:30:04.487 - RealTimeSTT: realtimestt - DEBUG - Main transcription model ready
2026-09-04 13:30:04.488 - RealTimeSTT: realtimestt - DEBUG - RealtimeSTT initialization completed successfully
2026-09-04 13:30:04.488 - RealTimeSTT: realtimestt - INFO - Setting listen time
2026-09-04 13:30:04.489 - RealTimeSTT: realtimestt - INFO - State changed from 'inactive' to 'listening'
2026-09-04 13:30:04.491 - RealTimeSTT: realtimestt - DEBUG - Waiting for recording start
2026-09-04 13:30:07.413 - RealTimeSTT: realtimestt - INFO - voice activity detected
2026-09-04 13:30:07.414 - RealTimeSTT: realtimestt - INFO - recording started
2026-09-04 13:30:07.414 - RealTimeSTT: realtimestt - INFO - State changed from 'listening' to 'recording'
2026-09-04 13:30:07.414 - RealTimeSTT: realtimestt - DEBUG - Waiting for recording stop
2026-09-04 13:30:09.085 - RealTimeSTT: realtimestt - INFO - recording stopped
2026-09-04 13:30:09.087 - RealTimeSTT: realtimestt - DEBUG - No samples removed, final audio length: 43008
2026-09-04 13:30:09.087 - RealTimeSTT: realtimestt - INFO - State changed from 'recording' to 'inactive'
2026-09-04 13:30:09.109 - RealTimeSTT: realtimestt - INFO - State changed from 'inactive' to 'transcribing'
2026-09-04 13:30:09.112 - RealTimeSTT: realtimestt - DEBUG - Adding transcription request, no early transcription started
2026-09-04 13:30:09.113 - RealTimeSTT: realtimestt - DEBUG - Receive from parent_transcription_pipe after sendiung transcription request, transcribe_count: 1
2026-09-04 13:30:09.213 - RealTimeSTT: realtimestt - DEBUG - Receive from parent_transcription_pipe after sendiung transcription request, transcribe_count: 1
2026-09-04 13:30:09.314 - RealTimeSTT: realtimestt - DEBUG - Receive from parent_transcription_pipe after sendiung transcription request, transcribe_count: 1
2026-09-04 13:30:09.416 - RealTimeSTT: realtimestt - DEBUG - Receive from parent_transcription_pipe after sendiung transcription request, transcribe_count: 1
2026-09-04 13:30:09.517 - RealTimeSTT: realtimestt - DEBUG - Receive from parent_transcription_pipe after sendiung transcription request, transcribe_count: 1
2026-09-04 13:30:09.618 - RealTimeSTT: realtimestt - DEBUG - Receive from parent_transcription_pipe after sendiung transcription request, transcribe_count: 1
2026-09-04 13:30:09.718 - RealTimeSTT: realtimestt - DEBUG - Receive from parent_transcription_pipe after sendiung transcription request, transcribe_count: 1
2026-09-04 13:30:09.819 - RealTimeSTT: realtimestt - DEBUG - Receive from parent_transcription_pipe after sendiung transcription request, transcribe_count: 1
2026-09-04 13:30:09.901 - RealTimeSTT: realtimestt - INFO - State changed from 'transcribing' to 'inactive'
2026-09-04 13:30:09.924 - RealTimeSTT: realtimestt - DEBUG - Model tiny completed transcription in 0.81 seconds
2026-09-04 13:30:09.925 - RealTimeSTT: realtimestt - INFO - Setting listen time
2026-09-04 13:30:09.925 - RealTimeSTT: realtimestt - INFO - State changed from 'inactive' to 'listening'
2026-09-04 13:30:09.927 - RealTimeSTT: realtimestt - DEBUG - Waiting for recording start
2026-09-04 13:30:10.874 - RealTimeSTT: realtimestt - INFO - voice activity detected
2026-09-04 13:30:10.874 - RealTimeSTT: realtimestt - INFO - recording started
2026-09-04 13:30:10.874 - RealTimeSTT: realtimestt - INFO - State changed from 'listening' to 'recording'
2026-09-04 13:30:10.874 - RealTimeSTT: realtimestt - DEBUG - Waiting for recording stop
2026-09-04 13:30:13.304 - RealTimeSTT: realtimestt - INFO - recording stopped
2026-09-04 13:30:13.307 - RealTimeSTT: realtimestt - DEBUG - No samples removed, final audio length: 55296
2026-09-04 13:30:13.308 - RealTimeSTT: realtimestt - INFO - State changed from 'recording' to 'inactive'
2026-09-04 13:30:13.345 - RealTimeSTT: realtimestt - INFO - State changed from 'inactive' to 'transcribing'
2026-09-04 13:30:13.347 - RealTimeSTT: realtimestt - DEBUG - Adding transcription request, no early transcription started
2026-09-04 13:30:13.361 - RealTimeSTT: realtimestt - DEBUG - Receive from parent_transcription_pipe after sendiung transcription request, transcribe_count: 1
2026-09-04 13:30:13.462 - RealTimeSTT: realtimestt - DEBUG - Receive from parent_transcription_pipe after sendiung transcription request, transcribe_count: 1
2026-09-04 13:30:13.562 - RealTimeSTT: realtimestt - DEBUG - Receive from parent_transcription_pipe after sendiung transcription request, transcribe_count: 1
2026-09-04 13:30:13.663 - RealTimeSTT: realtimestt - DEBUG - Receive from parent_transcription_pipe after sendiung transcription request, transcribe_count: 1
2026-09-04 13:30:13.764 - RealTimeSTT: realtimestt - DEBUG - Receive from parent_transcription_pipe after sendiung transcription request, transcribe_count: 1
2026-09-04 13:30:13.865 - RealTimeSTT: realtimestt - DEBUG - Receive from parent_transcription_pipe after sendiung transcription request, transcribe_count: 1
2026-09-04 13:30:13.965 - RealTimeSTT: realtimestt - DEBUG - Receive from parent_transcription_pipe after sendiung transcription request, transcribe_count: 1
2026-09-04 13:30:14.066 - RealTimeSTT: realtimestt - DEBUG - Receive from parent_transcription_pipe after sendiung transcription request, transcribe_count: 1
2026-09-04 13:30:14.167 - RealTimeSTT: realtimestt - DEBUG - Receive from parent_transcription_pipe after sendiung transcription request, transcribe_count: 1
2026-09-04 13:30:14.227 - RealTimeSTT: realtimestt - INFO - State changed from 'transcribing' to 'inactive'
2026-09-04 13:30:14.256 - RealTimeSTT: realtimestt - DEBUG - Model tiny completed transcription in 0.91 seconds
2026-09-04 13:30:14.257 - RealTimeSTT: realtimestt - INFO - Setting listen time
2026-09-04 13:30:14.257 - RealTimeSTT: realtimestt - INFO - State changed from 'inactive' to 'listening'
2026-09-04 13:30:14.259 - RealTimeSTT: realtimestt - DEBUG - Waiting for recording start
2026-09-04 13:30:15.994 - RealTimeSTT: realtimestt - INFO - voice activity detected
2026-09-04 13:30:15.995 - RealTimeSTT: realtimestt - INFO - recording started
2026-09-04 13:30:15.995 - RealTimeSTT: realtimestt - INFO - State changed from 'listening' to 'recording'
2026-09-04 13:30:15.995 - RealTimeSTT: realtimestt - DEBUG - Waiting for recording stop
2026-09-04 13:30:20.795 - RealTimeSTT: realtimestt - INFO - recording stopped
2026-09-04 13:30:20.798 - RealTimeSTT: realtimestt - DEBUG - No samples removed, final audio length: 93184
2026-09-04 13:30:20.799 - RealTimeSTT: realtimestt - INFO - State changed from 'recording' to 'inactive'
2026-09-04 13:30:20.840 - RealTimeSTT: realtimestt - INFO - State changed from 'inactive' to 'transcribing'
2026-09-04 13:30:20.842 - RealTimeSTT: realtimestt - DEBUG - Adding transcription request, no early transcription started
2026-09-04 13:30:20.854 - RealTimeSTT: realtimestt - DEBUG - Receive from parent_transcription_pipe after sendiung transcription request, transcribe_count: 1
2026-09-04 13:30:20.955 - RealTimeSTT: realtimestt - DEBUG - Receive from parent_transcription_pipe after sendiung transcription request, transcribe_count: 1
2026-09-04 13:30:21.056 - RealTimeSTT: realtimestt - DEBUG - Receive from parent_transcription_pipe after sendiung transcription request, transcribe_count: 1
2026-09-04 13:30:21.158 - RealTimeSTT: realtimestt - DEBUG - Receive from parent_transcription_pipe after sendiung transcription request, transcribe_count: 1
2026-09-04 13:30:21.258 - RealTimeSTT: realtimestt - DEBUG - Receive from parent_transcription_pipe after sendiung transcription request, transcribe_count: 1
2026-09-04 13:30:21.360 - RealTimeSTT: realtimestt - DEBUG - Receive from parent_transcription_pipe after sendiung transcription request, transcribe_count: 1
2026-09-04 13:30:21.461 - RealTimeSTT: realtimestt - DEBUG - Receive from parent_transcription_pipe after sendiung transcription request, transcribe_count: 1
2026-09-04 13:30:21.561 - RealTimeSTT: realtimestt - DEBUG - Receive from parent_transcription_pipe after sendiung transcription request, transcribe_count: 1
2026-09-04 13:30:21.661 - RealTimeSTT: realtimestt - INFO - State changed from 'transcribing' to 'inactive'
2026-09-04 13:30:21.706 - RealTimeSTT: realtimestt - DEBUG - Model tiny completed transcription in 0.86 seconds
2026-09-04 13:30:21.707 - RealTimeSTT: realtimestt - INFO - Setting listen time
2026-09-04 13:30:21.707 - RealTimeSTT: realtimestt - INFO - State changed from 'inactive' to 'listening'
2026-09-04 13:30:21.710 - RealTimeSTT: realtimestt - DEBUG - Waiting for recording start
2026-09-04 13:30:23.604 - RealTimeSTT: realtimestt - INFO - voice activity detected
2026-09-04 13:30:23.604 - RealTimeSTT: realtimestt - INFO - recording started
2026-09-04 13:30:23.604 - RealTimeSTT: realtimestt - INFO - State changed from 'listening' to 'recording'
2026-09-04 13:30:23.605 - RealTimeSTT: realtimestt - DEBUG - Waiting for recording stop
2026-09-04 13:30:28.725 - RealTimeSTT: realtimestt - INFO - recording stopped
2026-09-04 13:30:28.729 - RealTimeSTT: realtimestt - DEBUG - No samples removed, final audio length: 98304
2026-09-04 13:30:28.730 - RealTimeSTT: realtimestt - INFO - State changed from 'recording' to 'inactive'
2026-09-04 13:30:28.746 - RealTimeSTT: realtimestt - INFO - State changed from 'inactive' to 'transcribing'
2026-09-04 13:30:28.748 - RealTimeSTT: realtimestt - DEBUG - Adding transcription request, no early transcription started
2026-09-04 13:30:28.756 - RealTimeSTT: realtimestt - DEBUG - Receive from parent_transcription_pipe after sendiung transcription request, transcribe_count: 1
2026-09-04 13:30:28.856 - RealTimeSTT: realtimestt - DEBUG - Receive from parent_transcription_pipe after sendiung transcription request, transcribe_count: 1
2026-09-04 13:30:28.958 - RealTimeSTT: realtimestt - DEBUG - Receive from parent_transcription_pipe after sendiung transcription request, transcribe_count: 1
2026-09-04 13:30:29.058 - RealTimeSTT: realtimestt - DEBUG - Receive from parent_transcription_pipe after sendiung transcription request, transcribe_count: 1
2026-09-04 13:30:29.158 - RealTimeSTT: realtimestt - DEBUG - Receive from parent_transcription_pipe after sendiung transcription request, transcribe_count: 1
2026-09-04 13:30:29.259 - RealTimeSTT: realtimestt - DEBUG - Receive from parent_transcription_pipe after sendiung transcription request, transcribe_count: 1
2026-09-04 13:30:29.360 - RealTimeSTT: realtimestt - DEBUG - Receive from parent_transcription_pipe after sendiung transcription request, transcribe_count: 1
2026-09-04 13:30:29.461 - RealTimeSTT: realtimestt - DEBUG - Receive from parent_transcription_pipe after sendiung transcription request, transcribe_count: 1
2026-09-04 13:30:29.562 - RealTimeSTT: realtimestt - DEBUG - Receive from parent_transcription_pipe after sendiung transcription request, transcribe_count: 1
2026-09-04 13:30:29.563 - RealTimeSTT: realtimestt - INFO - State changed from 'transcribing' to 'inactive'
2026-09-04 13:30:29.589 - RealTimeSTT: realtimestt - DEBUG - Model tiny completed transcription in 0.84 seconds
2026-09-04 13:30:29.590 - RealTimeSTT: realtimestt - INFO - Setting listen time
2026-09-04 13:30:29.590 - RealTimeSTT: realtimestt - INFO - State changed from 'inactive' to 'listening'
2026-09-04 13:30:29.593 - RealTimeSTT: realtimestt - DEBUG - Waiting for recording start
2026-09-04 13:30:32.953 - RealTimeSTT: realtimestt - INFO - voice activity detected
2026-09-04 13:30:32.954 - RealTimeSTT: realtimestt - INFO - recording started
2026-09-04 13:30:32.954 - RealTimeSTT: realtimestt - INFO - State changed from 'listening' to 'recording'
2026-09-04 13:30:32.954 - RealTimeSTT: realtimestt - DEBUG - Waiting for recording stop
2026-09-04 13:30:35.064 - RealTimeSTT: realtimestt - INFO - recording stopped
2026-09-04 13:30:35.066 - RealTimeSTT: realtimestt - DEBUG - No samples removed, final audio length: 50176
2026-09-04 13:30:35.067 - RealTimeSTT: realtimestt - INFO - State changed from 'recording' to 'inactive'
2026-09-04 13:30:35.111 - RealTimeSTT: realtimestt - INFO - State changed from 'inactive' to 'transcribing'
2026-09-04 13:30:35.113 - RealTimeSTT: realtimestt - DEBUG - Adding transcription request, no early transcription started
2026-09-04 13:30:35.128 - RealTimeSTT: realtimestt - DEBUG - Receive from parent_transcription_pipe after sendiung transcription request, transcribe_count: 1
2026-09-04 13:30:35.230 - RealTimeSTT: realtimestt - DEBUG - Receive from parent_transcription_pipe after sendiung transcription request, transcribe_count: 1
2026-09-04 13:30:35.330 - RealTimeSTT: realtimestt - DEBUG - Receive from parent_transcription_pipe after sendiung transcription request, transcribe_count: 1
2026-09-04 13:30:35.431 - RealTimeSTT: realtimestt - DEBUG - Receive from parent_transcription_pipe after sendiung transcription request, transcribe_count: 1
2026-09-04 13:30:35.532 - RealTimeSTT: realtimestt - DEBUG - Receive from parent_transcription_pipe after sendiung transcription request, transcribe_count: 1
2026-09-04 13:30:35.633 - RealTimeSTT: realtimestt - DEBUG - Receive from parent_transcription_pipe after sendiung transcription request, transcribe_count: 1
2026-09-04 13:30:35.734 - RealTimeSTT: realtimestt - DEBUG - Receive from parent_transcription_pipe after sendiung transcription request, transcribe_count: 1
2026-09-04 13:30:35.836 - RealTimeSTT: realtimestt - DEBUG - Receive from parent_transcription_pipe after sendiung transcription request, transcribe_count: 1
2026-09-04 13:30:35.888 - RealTimeSTT: realtimestt - INFO - State changed from 'transcribing' to 'inactive'
2026-09-04 13:30:35.925 - RealTimeSTT: realtimestt - DEBUG - Model tiny completed transcription in 0.81 seconds
2026-09-04 13:30:35.926 - RealTimeSTT: realtimestt - INFO - Setting listen time
2026-09-04 13:30:35.926 - RealTimeSTT: realtimestt - INFO - State changed from 'inactive' to 'listening'
2026-09-04 13:30:35.928 - RealTimeSTT: realtimestt - DEBUG - Waiting for recording start
2026-09-04 13:30:38.074 - RealTimeSTT: realtimestt - INFO - voice activity detected
2026-09-04 13:30:38.074 - RealTimeSTT: realtimestt - INFO - recording started
2026-09-04 13:30:38.074 - RealTimeSTT: realtimestt - INFO - State changed from 'listening' to 'recording'
2026-09-04 13:30:38.075 - RealTimeSTT: realtimestt - DEBUG - Waiting for recording stop
2026-09-04 13:30:40.564 - RealTimeSTT: realtimestt - INFO - recording stopped
2026-09-04 13:30:40.567 - RealTimeSTT: realtimestt - DEBUG - No samples removed, final audio length: 56320
2026-09-04 13:30:40.567 - RealTimeSTT: realtimestt - INFO - State changed from 'recording' to 'inactive'
2026-09-04 13:30:40.600 - RealTimeSTT: realtimestt - INFO - State changed from 'inactive' to 'transcribing'
2026-09-04 13:30:40.602 - RealTimeSTT: realtimestt - DEBUG - Adding transcription request, no early transcription started
2026-09-04 13:30:40.605 - RealTimeSTT: realtimestt - DEBUG - Receive from parent_transcription_pipe after sendiung transcription request, transcribe_count: 1
2026-09-04 13:30:40.706 - RealTimeSTT: realtimestt - DEBUG - Receive from parent_transcription_pipe after sendiung transcription request, transcribe_count: 1
2026-09-04 13:30:40.764 - RealTimeSTT: realtimestt - INFO - voice activity detected
2026-09-04 13:30:40.764 - RealTimeSTT: realtimestt - INFO - recording started
2026-09-04 13:30:40.764 - RealTimeSTT: realtimestt - INFO - State changed from 'transcribing' to 'recording'
2026-09-04 13:30:40.807 - RealTimeSTT: realtimestt - DEBUG - Receive from parent_transcription_pipe after sendiung transcription request, transcribe_count: 1
2026-09-04 13:30:40.907 - RealTimeSTT: realtimestt - DEBUG - Receive from parent_transcription_pipe after sendiung transcription request, transcribe_count: 1
2026-09-04 13:30:41.008 - RealTimeSTT: realtimestt - DEBUG - Receive from parent_transcription_pipe after sendiung transcription request, transcribe_count: 1
2026-09-04 13:30:41.108 - RealTimeSTT: realtimestt - DEBUG - Receive from parent_transcription_pipe after sendiung transcription request, transcribe_count: 1
2026-09-04 13:30:41.209 - RealTimeSTT: realtimestt - DEBUG - Receive from parent_transcription_pipe after sendiung transcription request, transcribe_count: 1
2026-09-04 13:30:41.310 - RealTimeSTT: realtimestt - DEBUG - Receive from parent_transcription_pipe after sendiung transcription request, transcribe_count: 1
2026-09-04 13:30:41.384 - RealTimeSTT: realtimestt - DEBUG - Model tiny completed transcription in 0.78 seconds
2026-09-04 13:30:41.385 - RealTimeSTT: realtimestt - INFO - Setting listen time
2026-09-04 13:30:41.385 - RealTimeSTT: realtimestt - DEBUG - Waiting for recording stop
2026-09-04 13:30:43.255 - RealTimeSTT: realtimestt - INFO - recording stopped
2026-09-04 13:30:43.257 - RealTimeSTT: realtimestt - DEBUG - No samples removed, final audio length: 43520
2026-09-04 13:30:43.258 - RealTimeSTT: realtimestt - INFO - State changed from 'recording' to 'inactive'
2026-09-04 13:30:43.320 - RealTimeSTT: realtimestt - INFO - State changed from 'inactive' to 'transcribing'
2026-09-04 13:30:43.322 - RealTimeSTT: realtimestt - DEBUG - Adding transcription request, no early transcription started
2026-09-04 13:30:43.323 - RealTimeSTT: realtimestt - DEBUG - Receive from parent_transcription_pipe after sendiung transcription request, transcribe_count: 1
2026-09-04 13:30:43.423 - RealTimeSTT: realtimestt - DEBUG - Receive from parent_transcription_pipe after sendiung transcription request, transcribe_count: 1
2026-09-04 13:30:43.514 - RealTimeSTT: realtimestt - INFO - voice activity detected
2026-09-04 13:30:43.515 - RealTimeSTT: realtimestt - INFO - recording started
2026-09-04 13:30:43.515 - RealTimeSTT: realtimestt - INFO - State changed from 'transcribing' to 'recording'
2026-09-04 13:30:43.524 - RealTimeSTT: realtimestt - DEBUG - Receive from parent_transcription_pipe after sendiung transcription request, transcribe_count: 1
2026-09-04 13:30:43.625 - RealTimeSTT: realtimestt - DEBUG - Receive from parent_transcription_pipe after sendiung transcription request, transcribe_count: 1
2026-09-04 13:30:43.726 - RealTimeSTT: realtimestt - DEBUG - Receive from parent_transcription_pipe after sendiung transcription request, transcribe_count: 1
2026-09-04 13:30:43.827 - RealTimeSTT: realtimestt - DEBUG - Receive from parent_transcription_pipe after sendiung transcription request, transcribe_count: 1
2026-09-04 13:30:43.928 - RealTimeSTT: realtimestt - DEBUG - Receive from parent_transcription_pipe after sendiung transcription request, transcribe_count: 1
2026-09-04 13:30:44.029 - RealTimeSTT: realtimestt - DEBUG - Receive from parent_transcription_pipe after sendiung transcription request, transcribe_count: 1
2026-09-04 13:30:44.066 - RealTimeSTT: realtimestt - DEBUG - Model tiny completed transcription in 0.74 seconds
2026-09-04 13:30:44.067 - RealTimeSTT: realtimestt - INFO - Setting listen time
2026-09-04 13:30:44.067 - RealTimeSTT: realtimestt - DEBUG - Waiting for recording stop
2026-09-04 13:30:44.854 - RealTimeSTT: realtimestt - INFO - recording stopped
2026-09-04 13:30:44.856 - RealTimeSTT: realtimestt - DEBUG - No samples removed, final audio length: 26112
2026-09-04 13:30:44.856 - RealTimeSTT: realtimestt - INFO - State changed from 'recording' to 'inactive'
2026-09-04 13:30:44.932 - RealTimeSTT: realtimestt - INFO - State changed from 'inactive' to 'transcribing'
2026-09-04 13:30:44.935 - RealTimeSTT: realtimestt - DEBUG - Adding transcription request, no early transcription started
2026-09-04 13:30:44.938 - RealTimeSTT: realtimestt - DEBUG - Receive from parent_transcription_pipe after sendiung transcription request, transcribe_count: 1
2026-09-04 13:30:45.038 - RealTimeSTT: realtimestt - DEBUG - Receive from parent_transcription_pipe after sendiung transcription request, transcribe_count: 1
2026-09-04 13:30:45.138 - RealTimeSTT: realtimestt - DEBUG - Receive from parent_transcription_pipe after sendiung transcription request, transcribe_count: 1
2026-09-04 13:30:45.239 - RealTimeSTT: realtimestt - DEBUG - Receive from parent_transcription_pipe after sendiung transcription request, transcribe_count: 1
2026-09-04 13:30:45.341 - RealTimeSTT: realtimestt - DEBUG - Receive from parent_transcription_pipe after sendiung transcription request, transcribe_count: 1
2026-09-04 13:30:45.442 - RealTimeSTT: realtimestt - DEBUG - Receive from parent_transcription_pipe after sendiung transcription request, transcribe_count: 1
2026-09-04 13:30:45.542 - RealTimeSTT: realtimestt - DEBUG - Receive from parent_transcription_pipe after sendiung transcription request, transcribe_count: 1
2026-09-04 13:30:45.643 - RealTimeSTT: realtimestt - DEBUG - Receive from parent_transcription_pipe after sendiung transcription request, transcribe_count: 1
2026-09-04 13:30:45.691 - RealTimeSTT: realtimestt - INFO - State changed from 'transcribing' to 'inactive'
2026-09-04 13:30:45.722 - RealTimeSTT: realtimestt - DEBUG - Model tiny completed transcription in 0.79 seconds
2026-09-04 13:30:45.723 - RealTimeSTT: realtimestt - INFO - Setting listen time
2026-09-04 13:30:45.723 - RealTimeSTT: realtimestt - INFO - State changed from 'inactive' to 'listening'
2026-09-04 13:30:45.725 - RealTimeSTT: realtimestt - DEBUG - Waiting for recording start
2026-09-04 13:30:46.325 - RealTimeSTT: realtimestt - INFO - voice activity detected
2026-09-04 13:30:46.325 - RealTimeSTT: realtimestt - INFO - recording started
2026-09-04 13:30:46.325 - RealTimeSTT: realtimestt - INFO - State changed from 'listening' to 'recording'
2026-09-04 13:30:46.326 - RealTimeSTT: realtimestt - DEBUG - Waiting for recording stop
2026-09-04 13:30:47.485 - RealTimeSTT: realtimestt - INFO - recording stopped
2026-09-04 13:30:47.487 - RealTimeSTT: realtimestt - DEBUG - No samples removed, final audio length: 34816
2026-09-04 13:30:47.487 - RealTimeSTT: realtimestt - INFO - State changed from 'recording' to 'inactive'
2026-09-04 13:30:47.583 - RealTimeSTT: realtimestt - INFO - State changed from 'inactive' to 'transcribing'
2026-09-04 13:30:47.585 - RealTimeSTT: realtimestt - DEBUG - Adding transcription request, no early transcription started
2026-09-04 13:30:47.589 - RealTimeSTT: realtimestt - DEBUG - Receive from parent_transcription_pipe after sendiung transcription request, transcribe_count: 1
2026-09-04 13:30:47.689 - RealTimeSTT: realtimestt - DEBUG - Receive from parent_transcription_pipe after sendiung transcription request, transcribe_count: 1
2026-09-04 13:30:47.733 - RealTimeSTT: realtimestt - INFO - voice activity detected
2026-09-04 13:30:47.734 - RealTimeSTT: realtimestt - INFO - recording started
2026-09-04 13:30:47.734 - RealTimeSTT: realtimestt - INFO - State changed from 'transcribing' to 'recording'
2026-09-04 13:30:47.790 - RealTimeSTT: realtimestt - DEBUG - Receive from parent_transcription_pipe after sendiung transcription request, transcribe_count: 1
2026-09-04 13:30:47.891 - RealTimeSTT: realtimestt - DEBUG - Receive from parent_transcription_pipe after sendiung transcription request, transcribe_count: 1
2026-09-04 13:30:47.991 - RealTimeSTT: realtimestt - DEBUG - Receive from parent_transcription_pipe after sendiung transcription request, transcribe_count: 1
2026-09-04 13:30:48.092 - RealTimeSTT: realtimestt - DEBUG - Receive from parent_transcription_pipe after sendiung transcription request, transcribe_count: 1
2026-09-04 13:30:48.193 - RealTimeSTT: realtimestt - DEBUG - Receive from parent_transcription_pipe after sendiung transcription request, transcribe_count: 1
2026-09-04 13:30:48.294 - RealTimeSTT: realtimestt - DEBUG - Receive from parent_transcription_pipe after sendiung transcription request, transcribe_count: 1
2026-09-04 13:30:48.329 - RealTimeSTT: realtimestt - DEBUG - Model tiny completed transcription in 0.74 seconds
2026-09-04 13:30:48.330 - RealTimeSTT: realtimestt - INFO - Setting listen time
2026-09-04 13:30:48.331 - RealTimeSTT: realtimestt - DEBUG - Waiting for recording stop
2026-09-04 13:30:51.004 - RealTimeSTT: realtimestt - INFO - recording stopped
2026-09-04 13:30:51.007 - RealTimeSTT: realtimestt - DEBUG - No samples removed, final audio length: 56832
2026-09-04 13:30:51.007 - RealTimeSTT: realtimestt - INFO - State changed from 'recording' to 'inactive'
2026-09-04 13:30:51.055 - RealTimeSTT: realtimestt - INFO - State changed from 'inactive' to 'transcribing'
2026-09-04 13:30:51.057 - RealTimeSTT: realtimestt - DEBUG - Adding transcription request, no early transcription started
2026-09-04 13:30:51.058 - RealTimeSTT: realtimestt - DEBUG - Receive from parent_transcription_pipe after sendiung transcription request, transcribe_count: 1
2026-09-04 13:30:51.159 - RealTimeSTT: realtimestt - DEBUG - Receive from parent_transcription_pipe after sendiung transcription request, transcribe_count: 1
2026-09-04 13:30:51.254 - RealTimeSTT: realtimestt - INFO - voice activity detected
2026-09-04 13:30:51.254 - RealTimeSTT: realtimestt - INFO - recording started
2026-09-04 13:30:51.254 - RealTimeSTT: realtimestt - INFO - State changed from 'transcribing' to 'recording'
2026-09-04 13:30:51.259 - RealTimeSTT: realtimestt - DEBUG - Receive from parent_transcription_pipe after sendiung transcription request, transcribe_count: 1
2026-09-04 13:30:51.362 - RealTimeSTT: realtimestt - DEBUG - Receive from parent_transcription_pipe after sendiung transcription request, transcribe_count: 1
2026-09-04 13:30:51.463 - RealTimeSTT: realtimestt - DEBUG - Receive from parent_transcription_pipe after sendiung transcription request, transcribe_count: 1
2026-09-04 13:30:51.565 - RealTimeSTT: realtimestt - DEBUG - Receive from parent_transcription_pipe after sendiung transcription request, transcribe_count: 1
2026-09-04 13:30:51.665 - RealTimeSTT: realtimestt - DEBUG - Receive from parent_transcription_pipe after sendiung transcription request, transcribe_count: 1
2026-09-04 13:30:51.765 - RealTimeSTT: realtimestt - DEBUG - Receive from parent_transcription_pipe after sendiung transcription request, transcribe_count: 1
2026-09-04 13:30:51.866 - RealTimeSTT: realtimestt - DEBUG - Receive from parent_transcription_pipe after sendiung transcription request, transcribe_count: 1
2026-09-04 13:30:51.884 - RealTimeSTT: realtimestt - DEBUG - Model tiny completed transcription in 0.83 seconds
2026-09-04 13:30:51.885 - RealTimeSTT: realtimestt - INFO - Setting listen time
2026-09-04 13:30:51.885 - RealTimeSTT: realtimestt - DEBUG - Waiting for recording stop
2026-09-04 13:30:53.665 - RealTimeSTT: realtimestt - INFO - KeyboardInterrupt in wait_audio, shutting down
2026-09-04 13:30:53.665 - RealTimeSTT: realtimestt - DEBUG - Finishing recording thread
2026-09-04 13:30:53.668 - RealTimeSTT: realtimestt - DEBUG - Terminating reader process
2026-09-04 13:30:53.699 - RealTimeSTT: realtimestt - DEBUG - Receive from stdout pipe
2026-09-04 13:30:53.700 - RealTimeSTT: realtimestt - INFO - None
2026-09-04 13:35:39.364 - RealTimeSTT: realtimestt - INFO - Starting RealTimeSTT
2026-09-04 13:35:39.416 - RealTimeSTT: realtimestt - INFO - Initializing audio recording (creating pyAudio input stream, sample rate: 16000 buffer size: 512
2026-09-04 13:35:39.459 - RealTimeSTT: realtimestt - INFO - Initializing WebRTC voice with Sensitivity 3
2026-09-04 13:35:39.459 - RealTimeSTT: realtimestt - DEBUG - WebRTC VAD voice activity detection engine initialized successfully
2026-09-04 13:35:39.626 - RealTimeSTT: realtimestt - DEBUG - Silero VAD voice activity detection engine initialized successfully with backend raw_onnx_ifless
2026-09-04 13:35:39.629 - RealTimeSTT: realtimestt - DEBUG - Starting realtime worker
2026-09-04 13:35:39.629 - RealTimeSTT: realtimestt - DEBUG - Waiting for main transcription model to start
2026-09-04 13:35:39.629 - RealTimeSTT: realtimestt - DEBUG - Realtime transcription disabled; realtime worker exits
2026-09-04 13:35:46.809 - RealTimeSTT: realtimestt - DEBUG - Main transcription model ready
2026-09-04 13:35:46.810 - RealTimeSTT: realtimestt - DEBUG - RealtimeSTT initialization completed successfully
2026-09-04 13:35:46.810 - RealTimeSTT: realtimestt - INFO - Setting listen time
2026-09-04 13:35:46.810 - RealTimeSTT: realtimestt - INFO - State changed from 'inactive' to 'listening'
2026-09-04 13:35:46.812 - RealTimeSTT: realtimestt - DEBUG - Waiting for recording start
2026-09-04 13:35:48.182 - RealTimeSTT: realtimestt - INFO - voice activity detected
2026-09-04 13:35:48.182 - RealTimeSTT: realtimestt - INFO - recording started
2026-09-04 13:35:48.182 - RealTimeSTT: realtimestt - INFO - State changed from 'listening' to 'recording'
2026-09-04 13:35:48.182 - RealTimeSTT: realtimestt - DEBUG - Waiting for recording stop
2026-09-04 13:35:51.513 - RealTimeSTT: realtimestt - INFO - recording stopped
2026-09-04 13:35:51.516 - RealTimeSTT: realtimestt - DEBUG - No samples removed, final audio length: 69632
2026-09-04 13:35:51.516 - RealTimeSTT: realtimestt - INFO - State changed from 'recording' to 'inactive'
2026-09-04 13:35:51.534 - RealTimeSTT: realtimestt - INFO - State changed from 'inactive' to 'transcribing'
2026-09-04 13:35:51.536 - RealTimeSTT: realtimestt - DEBUG - Adding transcription request, no early transcription started
2026-09-04 13:35:51.554 - RealTimeSTT: realtimestt - DEBUG - Receive from parent_transcription_pipe after sendiung transcription request, transcribe_count: 1
2026-09-04 13:35:51.656 - RealTimeSTT: realtimestt - DEBUG - Receive from parent_transcription_pipe after sendiung transcription request, transcribe_count: 1
2026-09-04 13:35:51.756 - RealTimeSTT: realtimestt - DEBUG - Receive from parent_transcription_pipe after sendiung transcription request, transcribe_count: 1
2026-09-04 13:35:51.857 - RealTimeSTT: realtimestt - DEBUG - Receive from parent_transcription_pipe after sendiung transcription request, transcribe_count: 1
2026-09-04 13:35:51.959 - RealTimeSTT: realtimestt - DEBUG - Receive from parent_transcription_pipe after sendiung transcription request, transcribe_count: 1
2026-09-04 13:35:52.060 - RealTimeSTT: realtimestt - DEBUG - Receive from parent_transcription_pipe after sendiung transcription request, transcribe_count: 1
2026-09-04 13:35:52.161 - RealTimeSTT: realtimestt - DEBUG - Receive from parent_transcription_pipe after sendiung transcription request, transcribe_count: 1
2026-09-04 13:35:52.261 - RealTimeSTT: realtimestt - DEBUG - Receive from parent_transcription_pipe after sendiung transcription request, transcribe_count: 1
2026-09-04 13:35:52.362 - RealTimeSTT: realtimestt - DEBUG - Receive from parent_transcription_pipe after sendiung transcription request, transcribe_count: 1
2026-09-04 13:35:52.427 - RealTimeSTT: realtimestt - INFO - State changed from 'transcribing' to 'inactive'
2026-09-04 13:35:52.448 - RealTimeSTT: realtimestt - DEBUG - Model tiny completed transcription in 0.91 seconds
2026-09-04 13:35:52.449 - RealTimeSTT: realtimestt - INFO - Setting listen time
2026-09-04 13:35:52.449 - RealTimeSTT: realtimestt - INFO - State changed from 'inactive' to 'listening'
2026-09-04 13:35:52.452 - RealTimeSTT: realtimestt - DEBUG - Waiting for recording start
2026-09-04 13:35:58.360 - RealTimeSTT: realtimestt - INFO - KeyboardInterrupt in wait_audio, shutting down
2026-09-04 13:35:58.361 - RealTimeSTT: realtimestt - DEBUG - Finishing recording thread
2026-09-04 13:35:58.368 - RealTimeSTT: realtimestt - DEBUG - Terminating reader process
2026-09-04 13:35:58.375 - RealTimeSTT: realtimestt - DEBUG - Receive from stdout pipe
2026-09-04 13:35:58.375 - RealTimeSTT: realtimestt - INFO - None
2026-09-04 13:36:52.249 - RealTimeSTT: realtimestt - INFO - Starting RealTimeSTT
2026-09-04 13:36:52.301 - RealTimeSTT: realtimestt - INFO - Initializing audio recording (creating pyAudio input stream, sample rate: 16000 buffer size: 512
2026-09-04 13:36:52.339 - RealTimeSTT: realtimestt - INFO - Initializing faster_whisper realtime transcription model tiny, default device: cpu, compute type: default, device index: 0, download root: None
2026-09-04 13:36:54.846 - RealTimeSTT: realtimestt - DEBUG - faster_whisper realtime speech to text transcription model initialized successfully
2026-09-04 13:36:54.847 - RealTimeSTT: realtimestt - INFO - Initializing WebRTC voice with Sensitivity 3
2026-09-04 13:36:54.847 - RealTimeSTT: realtimestt - DEBUG - WebRTC VAD voice activity detection engine initialized successfully
2026-09-04 13:36:54.884 - RealTimeSTT: realtimestt - DEBUG - Silero VAD voice activity detection engine initialized successfully with backend raw_onnx_ifless
2026-09-04 13:36:54.886 - RealTimeSTT: realtimestt - DEBUG - Starting realtime worker
2026-09-04 13:36:54.887 - RealTimeSTT: realtimestt - DEBUG - Waiting for main transcription model to start
2026-09-04 13:36:59.479 - RealTimeSTT: realtimestt - DEBUG - Main transcription model ready
2026-09-04 13:36:59.481 - RealTimeSTT: realtimestt - DEBUG - RealtimeSTT initialization completed successfully
2026-09-04 13:36:59.481 - RealTimeSTT: realtimestt - INFO - Setting listen time
2026-09-04 13:36:59.481 - RealTimeSTT: realtimestt - INFO - State changed from 'inactive' to 'listening'
2026-09-04 13:36:59.485 - RealTimeSTT: realtimestt - DEBUG - Waiting for recording start
2026-09-04 13:36:59.742 - RealTimeSTT: realtimestt - INFO - voice activity detected
2026-09-04 13:36:59.742 - RealTimeSTT: realtimestt - INFO - recording started
2026-09-04 13:36:59.742 - RealTimeSTT: realtimestt - INFO - State changed from 'listening' to 'recording'
2026-09-04 13:36:59.742 - RealTimeSTT: realtimestt - DEBUG - Waiting for recording stop
2026-09-04 13:36:59.940 - RealTimeSTT: realtimestt - DEBUG - Current realtime buffer size: 19968
2026-09-04 13:37:00.652 - RealTimeSTT: realtimestt - DEBUG - Realtime text detected (timer): So fly!
2026-09-04 13:37:00.703 - RealTimeSTT: realtimestt - DEBUG - Current realtime buffer size: 32256
2026-09-04 13:37:01.391 - RealTimeSTT: realtimestt - DEBUG - Realtime text detected (timer): So goodbye.
2026-09-04 13:37:01.532 - RealTimeSTT: realtimestt - DEBUG - Current realtime buffer size: 45568
2026-09-04 13:37:02.244 - RealTimeSTT: realtimestt - DEBUG - Realtime text detected (timer): So do the fly. Testing.
2026-09-04 13:37:02.245 - RealTimeSTT: realtimestt - DEBUG - Current realtime buffer size: 56832
2026-09-04 13:37:02.975 - RealTimeSTT: realtimestt - DEBUG - Realtime text detected (timer): So to fly. Testing. I love testing.
2026-09-04 13:37:03.191 - RealTimeSTT: realtimestt - INFO - recording stopped
2026-09-04 13:37:03.194 - RealTimeSTT: realtimestt - DEBUG - No samples removed, final audio length: 71680
2026-09-04 13:37:03.194 - RealTimeSTT: realtimestt - INFO - State changed from 'recording' to 'inactive'
2026-09-04 13:37:03.203 - RealTimeSTT: realtimestt - INFO - State changed from 'inactive' to 'transcribing'
2026-09-04 13:37:03.205 - RealTimeSTT: realtimestt - DEBUG - Adding transcription request, no early transcription started
2026-09-04 13:37:03.221 - RealTimeSTT: realtimestt - DEBUG - Receive from parent_transcription_pipe after sendiung transcription request, transcribe_count: 1
2026-09-04 13:37:03.322 - RealTimeSTT: realtimestt - DEBUG - Receive from parent_transcription_pipe after sendiung transcription request, transcribe_count: 1
2026-09-04 13:37:03.422 - RealTimeSTT: realtimestt - DEBUG - Receive from parent_transcription_pipe after sendiung transcription request, transcribe_count: 1
2026-09-04 13:37:03.523 - RealTimeSTT: realtimestt - DEBUG - Receive from parent_transcription_pipe after sendiung transcription request, transcribe_count: 1
2026-09-04 13:37:03.624 - RealTimeSTT: realtimestt - DEBUG - Receive from parent_transcription_pipe after sendiung transcription request, transcribe_count: 1
2026-09-04 13:37:03.725 - RealTimeSTT: realtimestt - DEBUG - Receive from parent_transcription_pipe after sendiung transcription request, transcribe_count: 1
2026-09-04 13:37:03.825 - RealTimeSTT: realtimestt - DEBUG - Receive from parent_transcription_pipe after sendiung transcription request, transcribe_count: 1
2026-09-04 13:37:03.926 - RealTimeSTT: realtimestt - DEBUG - Receive from parent_transcription_pipe after sendiung transcription request, transcribe_count: 1
2026-09-04 13:37:04.020 - RealTimeSTT: realtimestt - INFO - State changed from 'transcribing' to 'inactive'
2026-09-04 13:37:04.021 - RealTimeSTT: realtimestt - INFO - voice activity detected
2026-09-04 13:37:04.021 - RealTimeSTT: realtimestt - INFO - recording started
2026-09-04 13:37:04.021 - RealTimeSTT: realtimestt - INFO - State changed from 'inactive' to 'recording'
2026-09-04 13:37:04.068 - RealTimeSTT: realtimestt - DEBUG - Model tiny completed transcription in 0.86 seconds
2026-09-04 13:37:04.069 - RealTimeSTT: realtimestt - INFO - Setting listen time
2026-09-04 13:37:04.069 - RealTimeSTT: realtimestt - DEBUG - Waiting for recording stop
2026-09-04 13:37:04.211 - RealTimeSTT: realtimestt - DEBUG - Current realtime buffer size: 16384
2026-09-04 13:37:04.929 - RealTimeSTT: realtimestt - DEBUG - Realtime text detected (timer): That's me girl
2026-09-04 13:37:05.182 - RealTimeSTT: realtimestt - INFO - recording stopped
2026-09-04 13:37:05.183 - RealTimeSTT: realtimestt - DEBUG - No samples removed, final audio length: 32256
2026-09-04 13:37:05.183 - RealTimeSTT: realtimestt - INFO - State changed from 'recording' to 'inactive'
2026-09-04 13:37:05.184 - RealTimeSTT: realtimestt - INFO - State changed from 'inactive' to 'transcribing'
2026-09-04 13:37:05.186 - RealTimeSTT: realtimestt - DEBUG - Adding transcription request, no early transcription started
2026-09-04 13:37:05.188 - RealTimeSTT: realtimestt - DEBUG - Receive from parent_transcription_pipe after sendiung transcription request, transcribe_count: 1
2026-09-04 13:37:05.289 - RealTimeSTT: realtimestt - DEBUG - Receive from parent_transcription_pipe after sendiung transcription request, transcribe_count: 1
2026-09-04 13:37:05.389 - RealTimeSTT: realtimestt - DEBUG - Receive from parent_transcription_pipe after sendiung transcription request, transcribe_count: 1
2026-09-04 13:37:05.489 - RealTimeSTT: realtimestt - DEBUG - Receive from parent_transcription_pipe after sendiung transcription request, transcribe_count: 1
2026-09-04 13:37:05.590 - RealTimeSTT: realtimestt - DEBUG - Receive from parent_transcription_pipe after sendiung transcription request, transcribe_count: 1
2026-09-04 13:37:05.691 - RealTimeSTT: realtimestt - DEBUG - Receive from parent_transcription_pipe after sendiung transcription request, transcribe_count: 1
2026-09-04 13:37:05.792 - RealTimeSTT: realtimestt - DEBUG - Receive from parent_transcription_pipe after sendiung transcription request, transcribe_count: 1
2026-09-04 13:37:05.893 - RealTimeSTT: realtimestt - DEBUG - Receive from parent_transcription_pipe after sendiung transcription request, transcribe_count: 1
2026-09-04 13:37:05.928 - RealTimeSTT: realtimestt - INFO - State changed from 'transcribing' to 'inactive'
2026-09-04 13:37:05.945 - RealTimeSTT: realtimestt - DEBUG - Model tiny completed transcription in 0.76 seconds
2026-09-04 13:37:05.946 - RealTimeSTT: realtimestt - INFO - Setting listen time
2026-09-04 13:37:05.946 - RealTimeSTT: realtimestt - INFO - State changed from 'inactive' to 'listening'
2026-09-04 13:37:05.948 - RealTimeSTT: realtimestt - DEBUG - Waiting for recording start
2026-09-04 13:37:08.901 - RealTimeSTT: realtimestt - INFO - KeyboardInterrupt in wait_audio, shutting down
2026-09-04 13:37:08.901 - RealTimeSTT: realtimestt - DEBUG - Finishing recording thread
2026-09-04 13:37:08.901 - RealTimeSTT: realtimestt - DEBUG - Realtime worker stopped
2026-09-04 13:37:08.903 - RealTimeSTT: realtimestt - DEBUG - Terminating reader process
2026-09-04 13:37:20.126 - RealTimeSTT: realtimestt - INFO - Starting RealTimeSTT
2026-09-04 13:37:20.178 - RealTimeSTT: realtimestt - INFO - Initializing audio recording (creating pyAudio input stream, sample rate: 16000 buffer size: 512
2026-09-04 13:37:20.214 - RealTimeSTT: realtimestt - INFO - Initializing WebRTC voice with Sensitivity 3
2026-09-04 13:37:20.215 - RealTimeSTT: realtimestt - DEBUG - WebRTC VAD voice activity detection engine initialized successfully
2026-09-04 13:37:20.360 - RealTimeSTT: realtimestt - DEBUG - Silero VAD voice activity detection engine initialized successfully with backend raw_onnx_ifless
2026-09-04 13:37:20.363 - RealTimeSTT: realtimestt - DEBUG - Starting realtime worker
2026-09-04 13:37:20.363 - RealTimeSTT: realtimestt - DEBUG - Waiting for main transcription model to start
2026-09-04 13:37:20.363 - RealTimeSTT: realtimestt - DEBUG - Realtime transcription disabled; realtime worker exits
2026-09-04 13:37:27.428 - RealTimeSTT: realtimestt - DEBUG - Main transcription model ready
2026-09-04 13:37:27.429 - RealTimeSTT: realtimestt - DEBUG - RealtimeSTT initialization completed successfully
2026-09-04 13:37:27.429 - RealTimeSTT: realtimestt - INFO - Setting listen time
2026-09-04 13:37:27.429 - RealTimeSTT: realtimestt - INFO - State changed from 'inactive' to 'listening'
2026-09-04 13:37:27.431 - RealTimeSTT: realtimestt - DEBUG - Waiting for recording start
2026-09-04 13:37:27.730 - RealTimeSTT: realtimestt - INFO - voice activity detected
2026-09-04 13:37:27.730 - RealTimeSTT: realtimestt - INFO - recording started
2026-09-04 13:37:27.730 - RealTimeSTT: realtimestt - INFO - State changed from 'listening' to 'recording'
2026-09-04 13:37:27.730 - RealTimeSTT: realtimestt - DEBUG - Waiting for recording stop
2026-09-04 13:37:28.889 - RealTimeSTT: realtimestt - INFO - recording stopped
2026-09-04 13:37:28.892 - RealTimeSTT: realtimestt - DEBUG - No samples removed, final audio length: 34816
2026-09-04 13:37:28.892 - RealTimeSTT: realtimestt - INFO - State changed from 'recording' to 'inactive'
2026-09-04 13:37:28.937 - RealTimeSTT: realtimestt - INFO - State changed from 'inactive' to 'transcribing'
2026-09-04 13:37:28.940 - RealTimeSTT: realtimestt - DEBUG - Adding transcription request, no early transcription started
2026-09-04 13:37:28.956 - RealTimeSTT: realtimestt - DEBUG - Receive from parent_transcription_pipe after sendiung transcription request, transcribe_count: 1
2026-09-04 13:37:29.056 - RealTimeSTT: realtimestt - DEBUG - Receive from parent_transcription_pipe after sendiung transcription request, transcribe_count: 1
2026-09-04 13:37:29.157 - RealTimeSTT: realtimestt - DEBUG - Receive from parent_transcription_pipe after sendiung transcription request, transcribe_count: 1
2026-09-04 13:37:29.258 - RealTimeSTT: realtimestt - DEBUG - Receive from parent_transcription_pipe after sendiung transcription request, transcribe_count: 1
2026-09-04 13:37:29.359 - RealTimeSTT: realtimestt - DEBUG - Receive from parent_transcription_pipe after sendiung transcription request, transcribe_count: 1
2026-09-04 13:37:29.400 - RealTimeSTT: realtimestt - INFO - voice activity detected
2026-09-04 13:37:29.400 - RealTimeSTT: realtimestt - INFO - recording started
2026-09-04 13:37:29.400 - RealTimeSTT: realtimestt - INFO - State changed from 'transcribing' to 'recording'
2026-09-04 13:37:29.459 - RealTimeSTT: realtimestt - DEBUG - Receive from parent_transcription_pipe after sendiung transcription request, transcribe_count: 1
2026-09-04 13:37:29.560 - RealTimeSTT: realtimestt - DEBUG - Receive from parent_transcription_pipe after sendiung transcription request, transcribe_count: 1
2026-09-04 13:37:29.661 - RealTimeSTT: realtimestt - DEBUG - Receive from parent_transcription_pipe after sendiung transcription request, transcribe_count: 1
2026-09-04 13:37:29.754 - RealTimeSTT: realtimestt - DEBUG - Model tiny completed transcription in 0.81 seconds
2026-09-04 13:37:29.755 - RealTimeSTT: realtimestt - INFO - Setting listen time
2026-09-04 13:37:29.755 - RealTimeSTT: realtimestt - DEBUG - Waiting for recording stop
2026-09-04 13:37:32.660 - RealTimeSTT: realtimestt - INFO - recording stopped
2026-09-04 13:37:32.663 - RealTimeSTT: realtimestt - DEBUG - No samples removed, final audio length: 60928
2026-09-04 13:37:32.663 - RealTimeSTT: realtimestt - INFO - State changed from 'recording' to 'inactive'
2026-09-04 13:37:32.759 - RealTimeSTT: realtimestt - INFO - State changed from 'inactive' to 'transcribing'
2026-09-04 13:37:32.761 - RealTimeSTT: realtimestt - DEBUG - Adding transcription request, no early transcription started
2026-09-04 13:37:32.782 - RealTimeSTT: realtimestt - DEBUG - Receive from parent_transcription_pipe after sendiung transcription request, transcribe_count: 1
2026-09-04 13:37:32.882 - RealTimeSTT: realtimestt - DEBUG - Receive from parent_transcription_pipe after sendiung transcription request, transcribe_count: 1
2026-09-04 13:37:32.983 - RealTimeSTT: realtimestt - DEBUG - Receive from parent_transcription_pipe after sendiung transcription request, transcribe_count: 1
2026-09-04 13:37:33.083 - RealTimeSTT: realtimestt - DEBUG - Receive from parent_transcription_pipe after sendiung transcription request, transcribe_count: 1
2026-09-04 13:37:33.184 - RealTimeSTT: realtimestt - DEBUG - Receive from parent_transcription_pipe after sendiung transcription request, transcribe_count: 1
2026-09-04 13:37:33.285 - RealTimeSTT: realtimestt - DEBUG - Receive from parent_transcription_pipe after sendiung transcription request, transcribe_count: 1
2026-09-04 13:37:33.386 - RealTimeSTT: realtimestt - DEBUG - Receive from parent_transcription_pipe after sendiung transcription request, transcribe_count: 1
2026-09-04 13:37:33.487 - RealTimeSTT: realtimestt - DEBUG - Receive from parent_transcription_pipe after sendiung transcription request, transcribe_count: 1
2026-09-04 13:37:33.588 - RealTimeSTT: realtimestt - DEBUG - Receive from parent_transcription_pipe after sendiung transcription request, transcribe_count: 1
2026-09-04 13:37:33.664 - RealTimeSTT: realtimestt - INFO - State changed from 'transcribing' to 'inactive'
2026-09-04 13:37:33.702 - RealTimeSTT: realtimestt - DEBUG - Model tiny completed transcription in 0.94 seconds
2026-09-04 13:37:33.702 - RealTimeSTT: realtimestt - INFO - Setting listen time
2026-09-04 13:37:33.703 - RealTimeSTT: realtimestt - INFO - State changed from 'inactive' to 'listening'
2026-09-04 13:37:33.705 - RealTimeSTT: realtimestt - DEBUG - Waiting for recording start
2026-09-04 13:37:35.539 - RealTimeSTT: realtimestt - INFO - voice activity detected
2026-09-04 13:37:35.539 - RealTimeSTT: realtimestt - INFO - recording started
2026-09-04 13:37:35.540 - RealTimeSTT: realtimestt - INFO - State changed from 'listening' to 'recording'
2026-09-04 13:37:35.540 - RealTimeSTT: realtimestt - DEBUG - Waiting for recording stop
2026-09-04 13:37:37.330 - RealTimeSTT: realtimestt - INFO - recording stopped
2026-09-04 13:37:37.332 - RealTimeSTT: realtimestt - DEBUG - No samples removed, final audio length: 45056
2026-09-04 13:37:37.332 - RealTimeSTT: realtimestt - INFO - State changed from 'recording' to 'inactive'
2026-09-04 13:37:37.415 - RealTimeSTT: realtimestt - INFO - State changed from 'inactive' to 'transcribing'
2026-09-04 13:37:37.417 - RealTimeSTT: realtimestt - DEBUG - Adding transcription request, no early transcription started
2026-09-04 13:37:37.433 - RealTimeSTT: realtimestt - DEBUG - Receive from parent_transcription_pipe after sendiung transcription request, transcribe_count: 1
2026-09-04 13:37:37.534 - RealTimeSTT: realtimestt - DEBUG - Receive from parent_transcription_pipe after sendiung transcription request, transcribe_count: 1
2026-09-04 13:37:37.634 - RealTimeSTT: realtimestt - DEBUG - Receive from parent_transcription_pipe after sendiung transcription request, transcribe_count: 1
2026-09-04 13:37:37.735 - RealTimeSTT: realtimestt - DEBUG - Receive from parent_transcription_pipe after sendiung transcription request, transcribe_count: 1
2026-09-04 13:37:37.836 - RealTimeSTT: realtimestt - DEBUG - Receive from parent_transcription_pipe after sendiung transcription request, transcribe_count: 1
2026-09-04 13:37:37.936 - RealTimeSTT: realtimestt - DEBUG - Receive from parent_transcription_pipe after sendiung transcription request, transcribe_count: 1
2026-09-04 13:37:38.036 - RealTimeSTT: realtimestt - DEBUG - Receive from parent_transcription_pipe after sendiung transcription request, transcribe_count: 1
2026-09-04 13:37:38.136 - RealTimeSTT: realtimestt - DEBUG - Receive from parent_transcription_pipe after sendiung transcription request, transcribe_count: 1
2026-09-04 13:37:38.181 - RealTimeSTT: realtimestt - INFO - State changed from 'transcribing' to 'inactive'
2026-09-04 13:37:38.226 - RealTimeSTT: realtimestt - DEBUG - Model tiny completed transcription in 0.81 seconds
2026-09-04 13:37:38.227 - RealTimeSTT: realtimestt - INFO - Setting listen time
2026-09-04 13:37:38.227 - RealTimeSTT: realtimestt - INFO - State changed from 'inactive' to 'listening'
2026-09-04 13:37:38.229 - RealTimeSTT: realtimestt - DEBUG - Waiting for recording start
2026-09-04 13:37:38.419 - RealTimeSTT: realtimestt - INFO - voice activity detected
2026-09-04 13:37:38.420 - RealTimeSTT: realtimestt - INFO - recording started
2026-09-04 13:37:38.420 - RealTimeSTT: realtimestt - INFO - State changed from 'listening' to 'recording'
2026-09-04 13:37:38.420 - RealTimeSTT: realtimestt - DEBUG - Waiting for recording stop
2026-09-04 13:37:39.640 - RealTimeSTT: realtimestt - INFO - recording stopped
2026-09-04 13:37:39.642 - RealTimeSTT: realtimestt - DEBUG - No samples removed, final audio length: 35840
2026-09-04 13:37:39.642 - RealTimeSTT: realtimestt - INFO - State changed from 'recording' to 'inactive'
2026-09-04 13:37:39.686 - RealTimeSTT: realtimestt - INFO - State changed from 'inactive' to 'transcribing'
2026-09-04 13:37:39.688 - RealTimeSTT: realtimestt - DEBUG - Adding transcription request, no early transcription started
2026-09-04 13:37:39.709 - RealTimeSTT: realtimestt - DEBUG - Receive from parent_transcription_pipe after sendiung transcription request, transcribe_count: 1
2026-09-04 13:37:39.811 - RealTimeSTT: realtimestt - DEBUG - Receive from parent_transcription_pipe after sendiung transcription request, transcribe_count: 1
2026-09-04 13:37:39.912 - RealTimeSTT: realtimestt - DEBUG - Receive from parent_transcription_pipe after sendiung transcription request, transcribe_count: 1
2026-09-04 13:37:40.012 - RealTimeSTT: realtimestt - DEBUG - Receive from parent_transcription_pipe after sendiung transcription request, transcribe_count: 1
2026-09-04 13:37:40.113 - RealTimeSTT: realtimestt - DEBUG - Receive from parent_transcription_pipe after sendiung transcription request, transcribe_count: 1
2026-09-04 13:37:40.213 - RealTimeSTT: realtimestt - DEBUG - Receive from parent_transcription_pipe after sendiung transcription request, transcribe_count: 1
2026-09-04 13:37:40.313 - RealTimeSTT: realtimestt - DEBUG - Receive from parent_transcription_pipe after sendiung transcription request, transcribe_count: 1
2026-09-04 13:37:40.413 - RealTimeSTT: realtimestt - DEBUG - Receive from parent_transcription_pipe after sendiung transcription request, transcribe_count: 1
2026-09-04 13:37:40.432 - RealTimeSTT: realtimestt - INFO - State changed from 'transcribing' to 'inactive'
2026-09-04 13:37:40.447 - RealTimeSTT: realtimestt - DEBUG - Model tiny completed transcription in 0.76 seconds
2026-09-04 13:37:40.448 - RealTimeSTT: realtimestt - INFO - Setting listen time
2026-09-04 13:37:40.448 - RealTimeSTT: realtimestt - INFO - State changed from 'inactive' to 'listening'
2026-09-04 13:37:40.450 - RealTimeSTT: realtimestt - DEBUG - Waiting for recording start
2026-09-04 13:37:44.050 - RealTimeSTT: realtimestt - INFO - voice activity detected
2026-09-04 13:37:44.050 - RealTimeSTT: realtimestt - INFO - recording started
2026-09-04 13:37:44.050 - RealTimeSTT: realtimestt - INFO - State changed from 'listening' to 'recording'
2026-09-04 13:37:44.050 - RealTimeSTT: realtimestt - DEBUG - Waiting for recording stop
2026-09-04 13:37:46.679 - RealTimeSTT: realtimestt - INFO - recording stopped
2026-09-04 13:37:46.683 - RealTimeSTT: realtimestt - DEBUG - No samples removed, final audio length: 58368
2026-09-04 13:37:46.683 - RealTimeSTT: realtimestt - INFO - State changed from 'recording' to 'inactive'
2026-09-04 13:37:46.724 - RealTimeSTT: realtimestt - INFO - State changed from 'inactive' to 'transcribing'
2026-09-04 13:37:46.728 - RealTimeSTT: realtimestt - DEBUG - Adding transcription request, no early transcription started
2026-09-04 13:37:46.744 - RealTimeSTT: realtimestt - DEBUG - Receive from parent_transcription_pipe after sendiung transcription request, transcribe_count: 1
2026-09-04 13:37:46.845 - RealTimeSTT: realtimestt - DEBUG - Receive from parent_transcription_pipe after sendiung transcription request, transcribe_count: 1
2026-09-04 13:37:46.945 - RealTimeSTT: realtimestt - DEBUG - Receive from parent_transcription_pipe after sendiung transcription request, transcribe_count: 1
2026-09-04 13:37:47.047 - RealTimeSTT: realtimestt - DEBUG - Receive from parent_transcription_pipe after sendiung transcription request, transcribe_count: 1
2026-09-04 13:37:47.148 - RealTimeSTT: realtimestt - DEBUG - Receive from parent_transcription_pipe after sendiung transcription request, transcribe_count: 1
2026-09-04 13:37:47.250 - RealTimeSTT: realtimestt - DEBUG - Receive from parent_transcription_pipe after sendiung transcription request, transcribe_count: 1
2026-09-04 13:37:47.350 - RealTimeSTT: realtimestt - DEBUG - Receive from parent_transcription_pipe after sendiung transcription request, transcribe_count: 1
2026-09-04 13:37:47.452 - RealTimeSTT: realtimestt - DEBUG - Receive from parent_transcription_pipe after sendiung transcription request, transcribe_count: 1
2026-09-04 13:37:47.546 - RealTimeSTT: realtimestt - INFO - State changed from 'transcribing' to 'inactive'
2026-09-04 13:37:47.591 - RealTimeSTT: realtimestt - DEBUG - Model tiny completed transcription in 0.86 seconds
2026-09-04 13:37:47.592 - RealTimeSTT: realtimestt - INFO - Setting listen time
2026-09-04 13:37:47.592 - RealTimeSTT: realtimestt - INFO - State changed from 'inactive' to 'listening'
2026-09-04 13:37:47.594 - RealTimeSTT: realtimestt - DEBUG - Waiting for recording start
2026-09-04 13:37:51.426 - RealTimeSTT: realtimestt - INFO - KeyboardInterrupt in wait_audio, shutting down
2026-09-04 13:37:51.426 - RealTimeSTT: realtimestt - DEBUG - Finishing recording thread
2026-09-04 13:37:51.432 - RealTimeSTT: realtimestt - DEBUG - Terminating reader process
2026-09-04 14:22:34.801 - RealTimeSTT: realtimestt - INFO - Starting RealTimeSTT
2026-09-04 14:22:34.848 - RealTimeSTT: realtimestt - INFO - Initializing audio recording (creating pyAudio input stream, sample rate: 16000 buffer size: 512
2026-09-04 14:22:34.890 - RealTimeSTT: realtimestt - INFO - Initializing WebRTC voice with Sensitivity 3
2026-09-04 14:22:34.890 - RealTimeSTT: realtimestt - DEBUG - WebRTC VAD voice activity detection engine initialized successfully
2026-09-04 14:22:35.066 - RealTimeSTT: realtimestt - DEBUG - Silero VAD voice activity detection engine initialized successfully with backend raw_onnx_ifless
2026-09-04 14:22:35.071 - RealTimeSTT: realtimestt - DEBUG - Starting realtime worker
2026-09-04 14:22:35.071 - RealTimeSTT: realtimestt - DEBUG - Waiting for main transcription model to start
2026-09-04 14:22:35.071 - RealTimeSTT: realtimestt - DEBUG - Realtime transcription disabled; realtime worker exits
2026-09-04 14:22:42.082 - RealTimeSTT: realtimestt - DEBUG - Main transcription model ready
2026-09-04 14:22:42.084 - RealTimeSTT: realtimestt - DEBUG - RealtimeSTT initialization completed successfully
2026-09-04 14:22:42.084 - RealTimeSTT: realtimestt - INFO - Setting listen time
2026-09-04 14:22:42.084 - RealTimeSTT: realtimestt - INFO - State changed from 'inactive' to 'listening'
2026-09-04 14:22:42.086 - RealTimeSTT: realtimestt - DEBUG - Waiting for recording start
2026-09-04 14:22:42.263 - RealTimeSTT: realtimestt - INFO - voice activity detected
2026-09-04 14:22:42.264 - RealTimeSTT: realtimestt - INFO - recording started
2026-09-04 14:22:42.264 - RealTimeSTT: realtimestt - INFO - State changed from 'listening' to 'recording'
2026-09-04 14:22:42.264 - RealTimeSTT: realtimestt - DEBUG - Waiting for recording stop
2026-09-04 14:22:50.143 - RealTimeSTT: realtimestt - INFO - recording stopped
2026-09-04 14:22:50.148 - RealTimeSTT: realtimestt - DEBUG - No samples removed, final audio length: 142336
2026-09-04 14:22:50.149 - RealTimeSTT: realtimestt - INFO - State changed from 'recording' to 'inactive'
2026-09-04 14:22:50.182 - RealTimeSTT: realtimestt - INFO - State changed from 'inactive' to 'transcribing'
2026-09-04 14:22:50.185 - RealTimeSTT: realtimestt - DEBUG - Adding transcription request, no early transcription started
2026-09-04 14:22:50.205 - RealTimeSTT: realtimestt - DEBUG - Receive from parent_transcription_pipe after sendiung transcription request, transcribe_count: 1
2026-09-04 14:22:50.310 - RealTimeSTT: realtimestt - DEBUG - Receive from parent_transcription_pipe after sendiung transcription request, transcribe_count: 1
2026-09-04 14:22:50.416 - RealTimeSTT: realtimestt - DEBUG - Receive from parent_transcription_pipe after sendiung transcription request, transcribe_count: 1
2026-09-04 14:22:50.523 - RealTimeSTT: realtimestt - DEBUG - Receive from parent_transcription_pipe after sendiung transcription request, transcribe_count: 1
2026-09-04 14:22:50.630 - RealTimeSTT: realtimestt - DEBUG - Receive from parent_transcription_pipe after sendiung transcription request, transcribe_count: 1
2026-09-04 14:22:50.737 - RealTimeSTT: realtimestt - DEBUG - Receive from parent_transcription_pipe after sendiung transcription request, transcribe_count: 1
2026-09-04 14:22:50.844 - RealTimeSTT: realtimestt - DEBUG - Receive from parent_transcription_pipe after sendiung transcription request, transcribe_count: 1
2026-09-04 14:22:50.951 - RealTimeSTT: realtimestt - DEBUG - Receive from parent_transcription_pipe after sendiung transcription request, transcribe_count: 1
2026-09-04 14:22:51.059 - RealTimeSTT: realtimestt - DEBUG - Receive from parent_transcription_pipe after sendiung transcription request, transcribe_count: 1
2026-09-04 14:22:51.165 - RealTimeSTT: realtimestt - DEBUG - Receive from parent_transcription_pipe after sendiung transcription request, transcribe_count: 1
2026-09-04 14:22:51.257 - RealTimeSTT: realtimestt - INFO - State changed from 'transcribing' to 'inactive'
2026-09-04 14:22:51.300 - RealTimeSTT: realtimestt - DEBUG - Model tiny completed transcription in 1.11 seconds
2026-09-04 14:22:51.301 - RealTimeSTT: realtimestt - INFO - Setting listen time
2026-09-04 14:22:51.301 - RealTimeSTT: realtimestt - INFO - State changed from 'inactive' to 'listening'
2026-09-04 14:22:51.304 - RealTimeSTT: realtimestt - DEBUG - Waiting for recording start
2026-09-04 14:22:51.423 - RealTimeSTT: realtimestt - INFO - voice activity detected
2026-09-04 14:22:51.423 - RealTimeSTT: realtimestt - INFO - recording started
2026-09-04 14:22:51.423 - RealTimeSTT: realtimestt - INFO - State changed from 'listening' to 'recording'
2026-09-04 14:22:51.424 - RealTimeSTT: realtimestt - DEBUG - Waiting for recording stop
2026-09-04 14:22:55.133 - RealTimeSTT: realtimestt - INFO - recording stopped
2026-09-04 14:22:55.137 - RealTimeSTT: realtimestt - DEBUG - No samples removed, final audio length: 75776
2026-09-04 14:22:55.137 - RealTimeSTT: realtimestt - INFO - State changed from 'recording' to 'inactive'
2026-09-04 14:22:55.174 - RealTimeSTT: realtimestt - INFO - State changed from 'inactive' to 'transcribing'
2026-09-04 14:22:55.176 - RealTimeSTT: realtimestt - DEBUG - Adding transcription request, no early transcription started
2026-09-04 14:22:55.178 - RealTimeSTT: realtimestt - DEBUG - Receive from parent_transcription_pipe after sendiung transcription request, transcribe_count: 1
2026-09-04 14:22:55.289 - RealTimeSTT: realtimestt - DEBUG - Receive from parent_transcription_pipe after sendiung transcription request, transcribe_count: 1
2026-09-04 14:22:55.400 - RealTimeSTT: realtimestt - DEBUG - Receive from parent_transcription_pipe after sendiung transcription request, transcribe_count: 1
2026-09-04 14:22:55.507 - RealTimeSTT: realtimestt - DEBUG - Receive from parent_transcription_pipe after sendiung transcription request, transcribe_count: 1
2026-09-04 14:22:55.616 - RealTimeSTT: realtimestt - DEBUG - Receive from parent_transcription_pipe after sendiung transcription request, transcribe_count: 1
2026-09-04 14:22:55.724 - RealTimeSTT: realtimestt - DEBUG - Receive from parent_transcription_pipe after sendiung transcription request, transcribe_count: 1
2026-09-04 14:22:55.833 - RealTimeSTT: realtimestt - DEBUG - Receive from parent_transcription_pipe after sendiung transcription request, transcribe_count: 1
2026-09-04 14:22:55.939 - RealTimeSTT: realtimestt - DEBUG - Receive from parent_transcription_pipe after sendiung transcription request, transcribe_count: 1
2026-09-04 14:22:56.043 - RealTimeSTT: realtimestt - INFO - State changed from 'transcribing' to 'inactive'
2026-09-04 14:22:56.088 - RealTimeSTT: realtimestt - DEBUG - Model tiny completed transcription in 0.91 seconds
2026-09-04 14:22:56.089 - RealTimeSTT: realtimestt - INFO - Setting listen time
2026-09-04 14:22:56.089 - RealTimeSTT: realtimestt - INFO - State changed from 'inactive' to 'listening'
2026-09-04 14:22:56.091 - RealTimeSTT: realtimestt - DEBUG - Waiting for recording start
2026-09-04 14:22:56.603 - RealTimeSTT: realtimestt - INFO - voice activity detected
2026-09-04 14:22:56.604 - RealTimeSTT: realtimestt - INFO - recording started
2026-09-04 14:22:56.604 - RealTimeSTT: realtimestt - INFO - State changed from 'listening' to 'recording'
2026-09-04 14:22:56.604 - RealTimeSTT: realtimestt - DEBUG - Waiting for recording stop
2026-09-04 14:22:59.674 - RealTimeSTT: realtimestt - INFO - recording stopped
2026-09-04 14:22:59.679 - RealTimeSTT: realtimestt - DEBUG - No samples removed, final audio length: 65536
2026-09-04 14:22:59.680 - RealTimeSTT: realtimestt - INFO - State changed from 'recording' to 'inactive'
2026-09-04 14:22:59.762 - RealTimeSTT: realtimestt - INFO - State changed from 'inactive' to 'transcribing'
2026-09-04 14:22:59.765 - RealTimeSTT: realtimestt - DEBUG - Adding transcription request, no early transcription started
2026-09-04 14:22:59.786 - RealTimeSTT: realtimestt - DEBUG - Receive from parent_transcription_pipe after sendiung transcription request, transcribe_count: 1
2026-09-04 14:22:59.887 - RealTimeSTT: realtimestt - DEBUG - Receive from parent_transcription_pipe after sendiung transcription request, transcribe_count: 1
2026-09-04 14:22:59.994 - RealTimeSTT: realtimestt - DEBUG - Receive from parent_transcription_pipe after sendiung transcription request, transcribe_count: 1
2026-09-04 14:23:00.101 - RealTimeSTT: realtimestt - DEBUG - Receive from parent_transcription_pipe after sendiung transcription request, transcribe_count: 1
2026-09-04 14:23:00.209 - RealTimeSTT: realtimestt - DEBUG - Receive from parent_transcription_pipe after sendiung transcription request, transcribe_count: 1
2026-09-04 14:23:00.254 - RealTimeSTT: realtimestt - INFO - voice activity detected
2026-09-04 14:23:00.254 - RealTimeSTT: realtimestt - INFO - recording started
2026-09-04 14:23:00.254 - RealTimeSTT: realtimestt - INFO - State changed from 'transcribing' to 'recording'
2026-09-04 14:23:00.315 - RealTimeSTT: realtimestt - DEBUG - Receive from parent_transcription_pipe after sendiung transcription request, transcribe_count: 1
2026-09-04 14:23:00.423 - RealTimeSTT: realtimestt - DEBUG - Receive from parent_transcription_pipe after sendiung transcription request, transcribe_count: 1
2026-09-04 14:23:00.530 - RealTimeSTT: realtimestt - DEBUG - Receive from parent_transcription_pipe after sendiung transcription request, transcribe_count: 1
2026-09-04 14:23:00.614 - RealTimeSTT: realtimestt - DEBUG - Model tiny completed transcription in 0.85 seconds
2026-09-04 14:23:00.615 - RealTimeSTT: realtimestt - INFO - Setting listen time
2026-09-04 14:23:00.615 - RealTimeSTT: realtimestt - DEBUG - Waiting for recording stop
2026-09-04 14:23:03.964 - RealTimeSTT: realtimestt - INFO - recording stopped
2026-09-04 14:23:03.967 - RealTimeSTT: realtimestt - DEBUG - No samples removed, final audio length: 69120
2026-09-04 14:23:03.968 - RealTimeSTT: realtimestt - INFO - State changed from 'recording' to 'inactive'
2026-09-04 14:23:03.989 - RealTimeSTT: realtimestt - INFO - State changed from 'inactive' to 'transcribing'
2026-09-04 14:23:03.993 - RealTimeSTT: realtimestt - DEBUG - Adding transcription request, no early transcription started
2026-09-04 14:23:03.995 - RealTimeSTT: realtimestt - DEBUG - Receive from parent_transcription_pipe after sendiung transcription request, transcribe_count: 1
2026-09-04 14:23:04.100 - RealTimeSTT: realtimestt - DEBUG - Receive from parent_transcription_pipe after sendiung transcription request, transcribe_count: 1
2026-09-04 14:23:04.205 - RealTimeSTT: realtimestt - DEBUG - Receive from parent_transcription_pipe after sendiung transcription request, transcribe_count: 1
2026-09-04 14:23:04.312 - RealTimeSTT: realtimestt - DEBUG - Receive from parent_transcription_pipe after sendiung transcription request, transcribe_count: 1
2026-09-04 14:23:04.419 - RealTimeSTT: realtimestt - DEBUG - Receive from parent_transcription_pipe after sendiung transcription request, transcribe_count: 1
2026-09-04 14:23:04.527 - RealTimeSTT: realtimestt - DEBUG - Receive from parent_transcription_pipe after sendiung transcription request, transcribe_count: 1
2026-09-04 14:23:04.633 - RealTimeSTT: realtimestt - DEBUG - Receive from parent_transcription_pipe after sendiung transcription request, transcribe_count: 1
2026-09-04 14:23:04.740 - RealTimeSTT: realtimestt - DEBUG - Receive from parent_transcription_pipe after sendiung transcription request, transcribe_count: 1
2026-09-04 14:23:04.743 - RealTimeSTT: realtimestt - INFO - State changed from 'transcribing' to 'inactive'
2026-09-04 14:23:04.751 - RealTimeSTT: realtimestt - DEBUG - Model tiny completed transcription in 0.76 seconds
2026-09-04 14:23:04.752 - RealTimeSTT: realtimestt - INFO - Setting listen time
2026-09-04 14:23:04.752 - RealTimeSTT: realtimestt - INFO - State changed from 'inactive' to 'listening'
2026-09-04 14:23:04.755 - RealTimeSTT: realtimestt - DEBUG - Waiting for recording start
2026-09-04 14:23:08.659 - RealTimeSTT: realtimestt - INFO - KeyboardInterrupt in wait_audio, shutting down
2026-09-04 14:23:08.659 - RealTimeSTT: realtimestt - DEBUG - Finishing recording thread
2026-09-04 14:23:08.675 - RealTimeSTT: realtimestt - DEBUG - Terminating reader process
2026-09-04 14:31:20.514 - RealTimeSTT: realtimestt - INFO - Starting RealTimeSTT
2026-09-04 14:31:20.569 - RealTimeSTT: realtimestt - INFO - Initializing audio recording (creating pyAudio input stream, sample rate: 16000 buffer size: 512
2026-09-04 14:31:20.609 - RealTimeSTT: realtimestt - INFO - Initializing WebRTC voice with Sensitivity 3
2026-09-04 14:31:20.609 - RealTimeSTT: realtimestt - DEBUG - WebRTC VAD voice activity detection engine initialized successfully
2026-09-04 14:31:20.780 - RealTimeSTT: realtimestt - DEBUG - Silero VAD voice activity detection engine initialized successfully with backend raw_onnx_ifless
2026-09-04 14:31:20.785 - RealTimeSTT: realtimestt - DEBUG - Starting realtime worker
2026-09-04 14:31:20.785 - RealTimeSTT: realtimestt - DEBUG - Waiting for main transcription model to start
2026-09-04 14:31:20.785 - RealTimeSTT: realtimestt - DEBUG - Realtime transcription disabled; realtime worker exits
2026-09-04 14:43:32.031 - RealTimeSTT: realtimestt - INFO - Starting RealTimeSTT
2026-09-04 14:43:32.082 - RealTimeSTT: realtimestt - INFO - Initializing audio recording (creating pyAudio input stream, sample rate: 16000 buffer size: 512
2026-09-04 14:43:32.117 - RealTimeSTT: realtimestt - INFO - Initializing WebRTC voice with Sensitivity 3
2026-09-04 14:43:32.117 - RealTimeSTT: realtimestt - DEBUG - WebRTC VAD voice activity detection engine initialized successfully
2026-09-04 14:43:32.265 - RealTimeSTT: realtimestt - DEBUG - Silero VAD voice activity detection engine initialized successfully with backend raw_onnx_ifless
2026-09-04 14:43:32.269 - RealTimeSTT: realtimestt - DEBUG - Starting realtime worker
2026-09-04 14:43:32.270 - RealTimeSTT: realtimestt - DEBUG - Waiting for main transcription model to start
2026-09-04 14:43:32.270 - RealTimeSTT: realtimestt - DEBUG - Realtime transcription disabled; realtime worker exits
2026-09-04 14:43:47.462 - RealTimeSTT: realtimestt - DEBUG - Main transcription model ready
2026-09-04 14:43:47.463 - RealTimeSTT: realtimestt - DEBUG - RealtimeSTT initialization completed successfully
2026-09-04 14:43:47.463 - RealTimeSTT: realtimestt - INFO - Setting listen time
2026-09-04 14:43:47.463 - RealTimeSTT: realtimestt - INFO - State changed from 'inactive' to 'listening'
2026-09-04 14:43:47.467 - RealTimeSTT: realtimestt - DEBUG - Waiting for recording start
2026-09-04 14:43:49.620 - RealTimeSTT: realtimestt - INFO - voice activity detected
2026-09-04 14:43:49.620 - RealTimeSTT: realtimestt - INFO - recording started
2026-09-04 14:43:49.620 - RealTimeSTT: realtimestt - INFO - State changed from 'listening' to 'recording'
2026-09-04 14:43:49.621 - RealTimeSTT: realtimestt - DEBUG - Waiting for recording stop
2026-09-04 14:43:51.420 - RealTimeSTT: realtimestt - INFO - recording stopped
2026-09-04 14:43:51.422 - RealTimeSTT: realtimestt - DEBUG - No samples removed, final audio length: 45056
2026-09-04 14:43:51.422 - RealTimeSTT: realtimestt - INFO - State changed from 'recording' to 'inactive'
2026-09-04 14:43:51.431 - RealTimeSTT: realtimestt - INFO - State changed from 'inactive' to 'transcribing'
2026-09-04 14:43:51.434 - RealTimeSTT: realtimestt - DEBUG - Adding transcription request, no early transcription started
2026-09-04 14:43:51.455 - RealTimeSTT: realtimestt - DEBUG - Receive from parent_transcription_pipe after sendiung transcription request, transcribe_count: 1
2026-09-04 14:43:51.557 - RealTimeSTT: realtimestt - DEBUG - Receive from parent_transcription_pipe after sendiung transcription request, transcribe_count: 1
2026-09-04 14:43:51.658 - RealTimeSTT: realtimestt - DEBUG - Receive from parent_transcription_pipe after sendiung transcription request, transcribe_count: 1
2026-09-04 14:43:51.769 - RealTimeSTT: realtimestt - DEBUG - Receive from parent_transcription_pipe after sendiung transcription request, transcribe_count: 1
2026-09-04 14:43:51.878 - RealTimeSTT: realtimestt - DEBUG - Receive from parent_transcription_pipe after sendiung transcription request, transcribe_count: 1
2026-09-04 14:43:51.983 - RealTimeSTT: realtimestt - DEBUG - Receive from parent_transcription_pipe after sendiung transcription request, transcribe_count: 1
2026-09-04 14:43:52.090 - RealTimeSTT: realtimestt - DEBUG - Receive from parent_transcription_pipe after sendiung transcription request, transcribe_count: 1
2026-09-04 14:43:52.197 - RealTimeSTT: realtimestt - DEBUG - Receive from parent_transcription_pipe after sendiung transcription request, transcribe_count: 1
2026-09-04 14:43:52.232 - RealTimeSTT: realtimestt - INFO - State changed from 'transcribing' to 'inactive'
2026-09-04 14:43:52.273 - RealTimeSTT: realtimestt - DEBUG - Model tiny completed transcription in 0.84 seconds
2026-09-04 14:43:52.274 - RealTimeSTT: realtimestt - INFO - Setting listen time
2026-09-04 14:43:52.274 - RealTimeSTT: realtimestt - INFO - State changed from 'inactive' to 'listening'
2026-09-04 14:43:52.276 - RealTimeSTT: realtimestt - DEBUG - Waiting for recording start
2026-09-04 14:43:53.910 - RealTimeSTT: realtimestt - INFO - voice activity detected
2026-09-04 14:43:53.910 - RealTimeSTT: realtimestt - INFO - recording started
2026-09-04 14:43:53.910 - RealTimeSTT: realtimestt - INFO - State changed from 'listening' to 'recording'
2026-09-04 14:43:53.910 - RealTimeSTT: realtimestt - DEBUG - Waiting for recording stop
2026-09-04 14:43:55.579 - RealTimeSTT: realtimestt - INFO - recording stopped
2026-09-04 14:43:55.581 - RealTimeSTT: realtimestt - DEBUG - No samples removed, final audio length: 43008
2026-09-04 14:43:55.581 - RealTimeSTT: realtimestt - INFO - State changed from 'recording' to 'inactive'
2026-09-04 14:43:55.640 - RealTimeSTT: realtimestt - INFO - State changed from 'inactive' to 'transcribing'
2026-09-04 14:43:55.644 - RealTimeSTT: realtimestt - DEBUG - Adding transcription request, no early transcription started
2026-09-04 14:43:55.645 - RealTimeSTT: realtimestt - DEBUG - Receive from parent_transcription_pipe after sendiung transcription request, transcribe_count: 1
2026-09-04 14:43:55.759 - RealTimeSTT: realtimestt - DEBUG - Receive from parent_transcription_pipe after sendiung transcription request, transcribe_count: 1
2026-09-04 14:43:55.865 - RealTimeSTT: realtimestt - DEBUG - Receive from parent_transcription_pipe after sendiung transcription request, transcribe_count: 1
2026-09-04 14:43:55.972 - RealTimeSTT: realtimestt - DEBUG - Receive from parent_transcription_pipe after sendiung transcription request, transcribe_count: 1
2026-09-04 14:43:56.078 - RealTimeSTT: realtimestt - DEBUG - Receive from parent_transcription_pipe after sendiung transcription request, transcribe_count: 1
2026-09-04 14:43:56.184 - RealTimeSTT: realtimestt - DEBUG - Receive from parent_transcription_pipe after sendiung transcription request, transcribe_count: 1
2026-09-04 14:43:56.290 - RealTimeSTT: realtimestt - DEBUG - Receive from parent_transcription_pipe after sendiung transcription request, transcribe_count: 1
2026-09-04 14:43:56.397 - RealTimeSTT: realtimestt - DEBUG - Receive from parent_transcription_pipe after sendiung transcription request, transcribe_count: 1
2026-09-04 14:43:56.422 - RealTimeSTT: realtimestt - INFO - State changed from 'transcribing' to 'inactive'
2026-09-04 14:43:56.454 - RealTimeSTT: realtimestt - DEBUG - Model tiny completed transcription in 0.81 seconds
2026-09-04 14:43:56.456 - RealTimeSTT: realtimestt - INFO - Setting listen time
2026-09-04 14:43:56.456 - RealTimeSTT: realtimestt - INFO - State changed from 'inactive' to 'listening'
2026-09-04 14:43:56.459 - RealTimeSTT: realtimestt - DEBUG - Waiting for recording start
2026-09-04 14:43:59.446 - RealTimeSTT: realtimestt - DEBUG - No samples removed, final audio length: 0
2026-09-04 14:43:59.446 - RealTimeSTT: realtimestt - INFO - State changed from 'listening' to 'inactive'
2026-09-04 14:43:59.465 - RealTimeSTT: realtimestt - INFO - Setting listen time
2026-09-04 14:43:59.465 - RealTimeSTT: realtimestt - INFO - State changed from 'inactive' to 'listening'
2026-09-04 14:43:59.468 - RealTimeSTT: realtimestt - DEBUG - Waiting for recording start
2026-09-04 14:46:25.957 - RealTimeSTT: realtimestt - INFO - Starting RealTimeSTT
2026-09-04 14:46:26.003 - RealTimeSTT: realtimestt - INFO - Initializing audio recording (creating pyAudio input stream, sample rate: 16000 buffer size: 512
2026-09-04 14:46:26.043 - RealTimeSTT: realtimestt - INFO - Initializing WebRTC voice with Sensitivity 3
2026-09-04 14:46:26.043 - RealTimeSTT: realtimestt - DEBUG - WebRTC VAD voice activity detection engine initialized successfully
2026-09-04 14:46:26.189 - RealTimeSTT: realtimestt - DEBUG - Silero VAD voice activity detection engine initialized successfully with backend raw_onnx_ifless
2026-09-04 14:46:26.192 - RealTimeSTT: realtimestt - DEBUG - Starting realtime worker
2026-09-04 14:46:26.192 - RealTimeSTT: realtimestt - DEBUG - Waiting for main transcription model to start
2026-09-04 14:46:26.192 - RealTimeSTT: realtimestt - DEBUG - Realtime transcription disabled; realtime worker exits
2026-09-04 14:46:33.940 - RealTimeSTT: realtimestt - DEBUG - Main transcription model ready
2026-09-04 14:46:33.941 - RealTimeSTT: realtimestt - DEBUG - RealtimeSTT initialization completed successfully
2026-09-04 14:46:33.941 - RealTimeSTT: realtimestt - INFO - Setting listen time
2026-09-04 14:46:33.941 - RealTimeSTT: realtimestt - INFO - State changed from 'inactive' to 'listening'
2026-09-04 14:46:33.943 - RealTimeSTT: realtimestt - DEBUG - Waiting for recording start
2026-09-04 14:46:35.476 - RealTimeSTT: realtimestt - INFO - voice activity detected
2026-09-04 14:46:35.476 - RealTimeSTT: realtimestt - INFO - recording started
2026-09-04 14:46:35.476 - RealTimeSTT: realtimestt - INFO - State changed from 'listening' to 'recording'
2026-09-04 14:46:35.477 - RealTimeSTT: realtimestt - DEBUG - Waiting for recording stop
2026-09-04 14:46:37.266 - RealTimeSTT: realtimestt - INFO - recording stopped
2026-09-04 14:46:37.269 - RealTimeSTT: realtimestt - DEBUG - No samples removed, final audio length: 45056
2026-09-04 14:46:37.269 - RealTimeSTT: realtimestt - INFO - State changed from 'recording' to 'inactive'
2026-09-04 14:46:37.307 - RealTimeSTT: realtimestt - INFO - State changed from 'inactive' to 'transcribing'
2026-09-04 14:46:37.311 - RealTimeSTT: realtimestt - DEBUG - Adding transcription request, no early transcription started
2026-09-04 14:46:37.325 - RealTimeSTT: realtimestt - DEBUG - Receive from parent_transcription_pipe after sendiung transcription request, transcribe_count: 1
2026-09-04 14:46:37.427 - RealTimeSTT: realtimestt - DEBUG - Receive from parent_transcription_pipe after sendiung transcription request, transcribe_count: 1
2026-09-04 14:46:37.533 - RealTimeSTT: realtimestt - DEBUG - Receive from parent_transcription_pipe after sendiung transcription request, transcribe_count: 1
2026-09-04 14:46:37.638 - RealTimeSTT: realtimestt - DEBUG - Receive from parent_transcription_pipe after sendiung transcription request, transcribe_count: 1
2026-09-04 14:46:37.745 - RealTimeSTT: realtimestt - DEBUG - Receive from parent_transcription_pipe after sendiung transcription request, transcribe_count: 1
2026-09-04 14:46:37.852 - RealTimeSTT: realtimestt - DEBUG - Receive from parent_transcription_pipe after sendiung transcription request, transcribe_count: 1
2026-09-04 14:46:37.958 - RealTimeSTT: realtimestt - DEBUG - Receive from parent_transcription_pipe after sendiung transcription request, transcribe_count: 1
2026-09-04 14:46:37.976 - RealTimeSTT: realtimestt - INFO - voice activity detected
2026-09-04 14:46:37.976 - RealTimeSTT: realtimestt - INFO - recording started
2026-09-04 14:46:37.976 - RealTimeSTT: realtimestt - INFO - State changed from 'transcribing' to 'recording'
2026-09-04 14:46:38.066 - RealTimeSTT: realtimestt - DEBUG - Receive from parent_transcription_pipe after sendiung transcription request, transcribe_count: 1
2026-09-04 14:46:38.082 - RealTimeSTT: realtimestt - DEBUG - Model tiny completed transcription in 0.77 seconds
2026-09-04 14:46:40.726 - RealTimeSTT: realtimestt - INFO - recording stopped
2026-09-04 14:47:20.095 - RealTimeSTT: realtimestt - INFO - Starting RealTimeSTT
2026-09-04 14:47:20.143 - RealTimeSTT: realtimestt - INFO - Initializing audio recording (creating pyAudio input stream, sample rate: 16000 buffer size: 512
2026-09-04 14:47:20.181 - RealTimeSTT: realtimestt - INFO - Initializing WebRTC voice with Sensitivity 3
2026-09-04 14:47:20.181 - RealTimeSTT: realtimestt - DEBUG - WebRTC VAD voice activity detection engine initialized successfully
2026-09-04 14:47:20.341 - RealTimeSTT: realtimestt - DEBUG - Silero VAD voice activity detection engine initialized successfully with backend raw_onnx_ifless
2026-09-04 14:47:20.344 - RealTimeSTT: realtimestt - DEBUG - Starting realtime worker
2026-09-04 14:47:20.344 - RealTimeSTT: realtimestt - DEBUG - Waiting for main transcription model to start
2026-09-04 14:47:20.344 - RealTimeSTT: realtimestt - DEBUG - Realtime transcription disabled; realtime worker exits
2026-09-04 14:47:27.802 - RealTimeSTT: realtimestt - DEBUG - Main transcription model ready
2026-09-04 14:47:27.803 - RealTimeSTT: realtimestt - DEBUG - RealtimeSTT initialization completed successfully
2026-09-04 14:47:27.803 - RealTimeSTT: realtimestt - INFO - Setting listen time
2026-09-04 14:47:27.803 - RealTimeSTT: realtimestt - INFO - State changed from 'inactive' to 'listening'
2026-09-04 14:47:27.806 - RealTimeSTT: realtimestt - DEBUG - Waiting for recording start
2026-09-04 14:47:29.341 - RealTimeSTT: realtimestt - INFO - voice activity detected
2026-09-04 14:47:29.341 - RealTimeSTT: realtimestt - INFO - recording started
2026-09-04 14:47:29.341 - RealTimeSTT: realtimestt - INFO - State changed from 'listening' to 'recording'
2026-09-04 14:47:29.341 - RealTimeSTT: realtimestt - DEBUG - Waiting for recording stop
2026-09-04 14:47:31.831 - RealTimeSTT: realtimestt - INFO - recording stopped
2026-09-04 14:47:31.834 - RealTimeSTT: realtimestt - DEBUG - No samples removed, final audio length: 56320
2026-09-04 14:47:31.834 - RealTimeSTT: realtimestt - INFO - State changed from 'recording' to 'inactive'
2026-09-04 14:47:31.872 - RealTimeSTT: realtimestt - INFO - State changed from 'inactive' to 'transcribing'
2026-09-04 14:47:31.875 - RealTimeSTT: realtimestt - DEBUG - Adding transcription request, no early transcription started
2026-09-04 14:47:31.876 - RealTimeSTT: realtimestt - DEBUG - Receive from parent_transcription_pipe after sendiung transcription request, transcribe_count: 1
2026-09-04 14:47:31.977 - RealTimeSTT: realtimestt - DEBUG - Receive from parent_transcription_pipe after sendiung transcription request, transcribe_count: 1
2026-09-04 14:47:32.085 - RealTimeSTT: realtimestt - DEBUG - Receive from parent_transcription_pipe after sendiung transcription request, transcribe_count: 1
2026-09-04 14:47:32.191 - RealTimeSTT: realtimestt - DEBUG - Receive from parent_transcription_pipe after sendiung transcription request, transcribe_count: 1
2026-09-04 14:47:32.298 - RealTimeSTT: realtimestt - DEBUG - Receive from parent_transcription_pipe after sendiung transcription request, transcribe_count: 1
2026-09-04 14:47:32.404 - RealTimeSTT: realtimestt - DEBUG - Receive from parent_transcription_pipe after sendiung transcription request, transcribe_count: 1
2026-09-04 14:47:32.509 - RealTimeSTT: realtimestt - DEBUG - Receive from parent_transcription_pipe after sendiung transcription request, transcribe_count: 1
2026-09-04 14:47:32.594 - RealTimeSTT: realtimestt - INFO - State changed from 'transcribing' to 'inactive'
2026-09-04 14:47:32.635 - RealTimeSTT: realtimestt - DEBUG - Model tiny completed transcription in 0.76 seconds
2026-09-04 14:47:32.636 - RealTimeSTT: realtimestt - INFO - Setting listen time
2026-09-04 14:47:32.637 - RealTimeSTT: realtimestt - INFO - State changed from 'inactive' to 'listening'
2026-09-04 14:47:32.639 - RealTimeSTT: realtimestt - DEBUG - Waiting for recording start
2026-09-04 14:47:33.310 - RealTimeSTT: realtimestt - INFO - voice activity detected
2026-09-04 14:47:33.311 - RealTimeSTT: realtimestt - INFO - recording started
2026-09-04 14:47:33.311 - RealTimeSTT: realtimestt - INFO - State changed from 'listening' to 'recording'
2026-09-04 14:47:33.311 - RealTimeSTT: realtimestt - DEBUG - Waiting for recording stop
2026-09-04 14:47:43.550 - RealTimeSTT: realtimestt - INFO - recording stopped
2026-09-04 14:47:43.558 - RealTimeSTT: realtimestt - DEBUG - No samples removed, final audio length: 180224
2026-09-04 14:47:43.558 - RealTimeSTT: realtimestt - INFO - State changed from 'recording' to 'inactive'
2026-09-04 14:47:43.643 - RealTimeSTT: realtimestt - INFO - State changed from 'inactive' to 'transcribing'
2026-09-04 14:47:43.645 - RealTimeSTT: realtimestt - DEBUG - Adding transcription request, no early transcription started
2026-09-04 14:47:43.646 - RealTimeSTT: realtimestt - DEBUG - Receive from parent_transcription_pipe after sendiung transcription request, transcribe_count: 1
2026-09-04 14:47:43.752 - RealTimeSTT: realtimestt - DEBUG - Receive from parent_transcription_pipe after sendiung transcription request, transcribe_count: 1
2026-09-04 14:47:43.860 - RealTimeSTT: realtimestt - DEBUG - Receive from parent_transcription_pipe after sendiung transcription request, transcribe_count: 1
2026-09-04 14:47:43.967 - RealTimeSTT: realtimestt - DEBUG - Receive from parent_transcription_pipe after sendiung transcription request, transcribe_count: 1
2026-09-04 14:47:44.073 - RealTimeSTT: realtimestt - DEBUG - Receive from parent_transcription_pipe after sendiung transcription request, transcribe_count: 1
2026-09-04 14:47:44.182 - RealTimeSTT: realtimestt - DEBUG - Receive from parent_transcription_pipe after sendiung transcription request, transcribe_count: 1
2026-09-04 14:47:44.289 - RealTimeSTT: realtimestt - DEBUG - Receive from parent_transcription_pipe after sendiung transcription request, transcribe_count: 1
2026-09-04 14:47:44.397 - RealTimeSTT: realtimestt - DEBUG - Receive from parent_transcription_pipe after sendiung transcription request, transcribe_count: 1
2026-09-04 14:47:44.505 - RealTimeSTT: realtimestt - DEBUG - Receive from parent_transcription_pipe after sendiung transcription request, transcribe_count: 1
2026-09-04 14:47:44.563 - RealTimeSTT: realtimestt - INFO - State changed from 'transcribing' to 'inactive'
2026-09-04 14:47:44.609 - RealTimeSTT: realtimestt - DEBUG - Model tiny completed transcription in 0.96 seconds
2026-09-04 14:47:44.610 - RealTimeSTT: realtimestt - INFO - Setting listen time
2026-09-04 14:47:44.610 - RealTimeSTT: realtimestt - INFO - State changed from 'inactive' to 'listening'
2026-09-04 14:47:44.612 - RealTimeSTT: realtimestt - DEBUG - Waiting for recording start
2026-09-04 14:47:47.450 - RealTimeSTT: realtimestt - INFO - voice activity detected
2026-09-04 14:47:47.450 - RealTimeSTT: realtimestt - INFO - recording started
2026-09-04 14:47:47.450 - RealTimeSTT: realtimestt - INFO - State changed from 'listening' to 'recording'
2026-09-04 14:47:47.451 - RealTimeSTT: realtimestt - DEBUG - Waiting for recording stop
2026-09-04 14:47:49.111 - RealTimeSTT: realtimestt - INFO - recording stopped
2026-09-04 14:47:49.114 - RealTimeSTT: realtimestt - DEBUG - No samples removed, final audio length: 43008
2026-09-04 14:47:49.114 - RealTimeSTT: realtimestt - INFO - State changed from 'recording' to 'inactive'
2026-09-04 14:47:49.130 - RealTimeSTT: realtimestt - INFO - State changed from 'inactive' to 'transcribing'
2026-09-04 14:47:49.132 - RealTimeSTT: realtimestt - DEBUG - Adding transcription request, no early transcription started
2026-09-04 14:47:49.134 - RealTimeSTT: realtimestt - DEBUG - Receive from parent_transcription_pipe after sendiung transcription request, transcribe_count: 1
2026-09-04 14:47:49.246 - RealTimeSTT: realtimestt - DEBUG - Receive from parent_transcription_pipe after sendiung transcription request, transcribe_count: 1
2026-09-04 14:47:49.353 - RealTimeSTT: realtimestt - DEBUG - Receive from parent_transcription_pipe after sendiung transcription request, transcribe_count: 1
2026-09-04 14:47:49.459 - RealTimeSTT: realtimestt - DEBUG - Receive from parent_transcription_pipe after sendiung transcription request, transcribe_count: 1
2026-09-04 14:47:49.566 - RealTimeSTT: realtimestt - DEBUG - Receive from parent_transcription_pipe after sendiung transcription request, transcribe_count: 1
2026-09-04 14:47:49.672 - RealTimeSTT: realtimestt - DEBUG - Receive from parent_transcription_pipe after sendiung transcription request, transcribe_count: 1
2026-09-04 14:47:49.780 - RealTimeSTT: realtimestt - DEBUG - Receive from parent_transcription_pipe after sendiung transcription request, transcribe_count: 1
2026-09-04 14:47:49.887 - RealTimeSTT: realtimestt - DEBUG - Receive from parent_transcription_pipe after sendiung transcription request, transcribe_count: 1
2026-09-04 14:47:49.975 - RealTimeSTT: realtimestt - INFO - State changed from 'transcribing' to 'inactive'
2026-09-04 14:47:49.991 - RealTimeSTT: realtimestt - DEBUG - Model tiny completed transcription in 0.86 seconds
2026-09-04 14:47:49.992 - RealTimeSTT: realtimestt - INFO - Setting listen time
2026-09-04 14:47:49.992 - RealTimeSTT: realtimestt - INFO - State changed from 'inactive' to 'listening'
2026-09-04 14:47:49.994 - RealTimeSTT: realtimestt - DEBUG - Waiting for recording start
2026-09-04 14:47:50.141 - RealTimeSTT: realtimestt - INFO - voice activity detected
2026-09-04 14:47:50.141 - RealTimeSTT: realtimestt - INFO - recording started
2026-09-04 14:47:50.141 - RealTimeSTT: realtimestt - INFO - State changed from 'listening' to 'recording'
2026-09-04 14:47:50.141 - RealTimeSTT: realtimestt - DEBUG - Waiting for recording stop
2026-09-04 14:47:51.421 - RealTimeSTT: realtimestt - INFO - recording stopped
2026-09-04 14:47:51.423 - RealTimeSTT: realtimestt - DEBUG - No samples removed, final audio length: 36864
2026-09-04 14:47:51.423 - RealTimeSTT: realtimestt - INFO - State changed from 'recording' to 'inactive'
2026-09-04 14:47:51.452 - RealTimeSTT: realtimestt - INFO - State changed from 'inactive' to 'transcribing'
2026-09-04 14:47:51.454 - RealTimeSTT: realtimestt - DEBUG - Adding transcription request, no early transcription started
2026-09-04 14:47:51.455 - RealTimeSTT: realtimestt - DEBUG - Receive from parent_transcription_pipe after sendiung transcription request, transcribe_count: 1
2026-09-04 14:47:51.569 - RealTimeSTT: realtimestt - DEBUG - Receive from parent_transcription_pipe after sendiung transcription request, transcribe_count: 1
2026-09-04 14:47:51.677 - RealTimeSTT: realtimestt - DEBUG - Receive from parent_transcription_pipe after sendiung transcription request, transcribe_count: 1
2026-09-04 14:47:51.784 - RealTimeSTT: realtimestt - DEBUG - Receive from parent_transcription_pipe after sendiung transcription request, transcribe_count: 1
2026-09-04 14:47:51.891 - RealTimeSTT: realtimestt - DEBUG - Receive from parent_transcription_pipe after sendiung transcription request, transcribe_count: 1
2026-09-04 14:47:51.997 - RealTimeSTT: realtimestt - DEBUG - Receive from parent_transcription_pipe after sendiung transcription request, transcribe_count: 1
2026-09-04 14:47:52.105 - RealTimeSTT: realtimestt - DEBUG - Receive from parent_transcription_pipe after sendiung transcription request, transcribe_count: 1
2026-09-04 14:47:52.175 - RealTimeSTT: realtimestt - INFO - State changed from 'transcribing' to 'inactive'
2026-09-04 14:47:52.212 - RealTimeSTT: realtimestt - DEBUG - Model tiny completed transcription in 0.76 seconds
2026-09-04 14:47:52.213 - RealTimeSTT: realtimestt - INFO - Setting listen time
2026-09-04 14:47:52.213 - RealTimeSTT: realtimestt - INFO - State changed from 'inactive' to 'listening'
2026-09-04 14:47:52.216 - RealTimeSTT: realtimestt - DEBUG - Waiting for recording start
2026-09-04 14:47:53.342 - RealTimeSTT: realtimestt - INFO - voice activity detected
2026-09-04 14:47:53.342 - RealTimeSTT: realtimestt - INFO - recording started
2026-09-04 14:47:53.342 - RealTimeSTT: realtimestt - INFO - State changed from 'listening' to 'recording'
2026-09-04 14:47:53.343 - RealTimeSTT: realtimestt - DEBUG - Waiting for recording stop
2026-09-04 14:47:54.680 - RealTimeSTT: realtimestt - INFO - recording stopped
2026-09-04 14:47:54.682 - RealTimeSTT: realtimestt - DEBUG - No samples removed, final audio length: 37888
2026-09-04 14:47:54.682 - RealTimeSTT: realtimestt - INFO - State changed from 'recording' to 'inactive'
2026-09-04 14:47:54.775 - RealTimeSTT: realtimestt - INFO - State changed from 'inactive' to 'transcribing'
2026-09-04 14:47:54.779 - RealTimeSTT: realtimestt - DEBUG - Adding transcription request, no early transcription started
2026-09-04 14:47:54.795 - RealTimeSTT: realtimestt - DEBUG - Receive from parent_transcription_pipe after sendiung transcription request, transcribe_count: 1
2026-09-04 14:47:54.897 - RealTimeSTT: realtimestt - DEBUG - Receive from parent_transcription_pipe after sendiung transcription request, transcribe_count: 1
2026-09-04 14:47:55.005 - RealTimeSTT: realtimestt - DEBUG - Receive from parent_transcription_pipe after sendiung transcription request, transcribe_count: 1
2026-09-04 14:47:55.111 - RealTimeSTT: realtimestt - DEBUG - Receive from parent_transcription_pipe after sendiung transcription request, transcribe_count: 1
2026-09-04 14:47:55.217 - RealTimeSTT: realtimestt - DEBUG - Receive from parent_transcription_pipe after sendiung transcription request, transcribe_count: 1
2026-09-04 14:47:55.323 - RealTimeSTT: realtimestt - DEBUG - Receive from parent_transcription_pipe after sendiung transcription request, transcribe_count: 1
2026-09-04 14:47:55.429 - RealTimeSTT: realtimestt - DEBUG - Receive from parent_transcription_pipe after sendiung transcription request, transcribe_count: 1
2026-09-04 14:47:55.536 - RealTimeSTT: realtimestt - DEBUG - Receive from parent_transcription_pipe after sendiung transcription request, transcribe_count: 1
2026-09-04 14:47:55.573 - RealTimeSTT: realtimestt - INFO - State changed from 'transcribing' to 'inactive'
2026-09-04 14:47:55.598 - RealTimeSTT: realtimestt - DEBUG - Model tiny completed transcription in 0.82 seconds
2026-09-04 14:47:55.599 - RealTimeSTT: realtimestt - INFO - Setting listen time
2026-09-04 14:47:55.599 - RealTimeSTT: realtimestt - INFO - State changed from 'inactive' to 'listening'
2026-09-04 14:47:55.601 - RealTimeSTT: realtimestt - DEBUG - Waiting for recording start
2026-09-04 14:47:55.960 - RealTimeSTT: realtimestt - INFO - voice activity detected
2026-09-04 14:47:55.960 - RealTimeSTT: realtimestt - INFO - recording started
2026-09-04 14:47:55.960 - RealTimeSTT: realtimestt - INFO - State changed from 'listening' to 'recording'
2026-09-04 14:47:55.961 - RealTimeSTT: realtimestt - DEBUG - Waiting for recording stop
2026-09-04 14:47:57.691 - RealTimeSTT: realtimestt - INFO - recording stopped
2026-09-04 14:47:57.694 - RealTimeSTT: realtimestt - DEBUG - No samples removed, final audio length: 44032
2026-09-04 14:47:57.694 - RealTimeSTT: realtimestt - INFO - State changed from 'recording' to 'inactive'
2026-09-04 14:47:57.710 - RealTimeSTT: realtimestt - INFO - State changed from 'inactive' to 'transcribing'
2026-09-04 14:47:57.712 - RealTimeSTT: realtimestt - DEBUG - Adding transcription request, no early transcription started
2026-09-04 14:47:57.713 - RealTimeSTT: realtimestt - DEBUG - Receive from parent_transcription_pipe after sendiung transcription request, transcribe_count: 1
2026-09-04 21:07:02.171 - RealTimeSTT: realtimestt - INFO - Starting RealTimeSTT
2026-09-04 21:07:02.237 - RealTimeSTT: realtimestt - INFO - Initializing audio recording (creating pyAudio input stream, sample rate: 16000 buffer size: 512
2026-09-04 21:07:02.273 - RealTimeSTT: realtimestt - INFO - Initializing WebRTC voice with Sensitivity 3
2026-09-04 21:07:02.274 - RealTimeSTT: realtimestt - DEBUG - WebRTC VAD voice activity detection engine initialized successfully
2026-09-04 21:07:02.764 - RealTimeSTT: realtimestt - DEBUG - Silero VAD voice activity detection engine initialized successfully with backend raw_onnx_ifless
2026-09-04 21:07:02.774 - RealTimeSTT: realtimestt - DEBUG - Starting realtime worker
2026-09-04 21:07:02.774 - RealTimeSTT: realtimestt - DEBUG - Waiting for main transcription model to start
2026-09-04 21:07:02.774 - RealTimeSTT: realtimestt - DEBUG - Realtime transcription disabled; realtime worker exits
2026-09-04 21:07:25.803 - RealTimeSTT: realtimestt - DEBUG - Main transcription model ready
2026-09-04 21:07:25.805 - RealTimeSTT: realtimestt - DEBUG - RealtimeSTT initialization completed successfully
2026-09-04 21:09:02.971 - RealTimeSTT: realtimestt - INFO - Starting RealTimeSTT
2026-09-04 21:09:03.037 - RealTimeSTT: realtimestt - INFO - Initializing audio recording (creating pyAudio input stream, sample rate: 16000 buffer size: 512
2026-09-04 21:09:03.077 - RealTimeSTT: realtimestt - INFO - Initializing WebRTC voice with Sensitivity 3
2026-09-04 21:09:03.077 - RealTimeSTT: realtimestt - DEBUG - WebRTC VAD voice activity detection engine initialized successfully
2026-09-04 21:09:03.274 - RealTimeSTT: realtimestt - DEBUG - Silero VAD voice activity detection engine initialized successfully with backend raw_onnx_ifless
2026-09-04 21:09:03.278 - RealTimeSTT: realtimestt - DEBUG - Starting realtime worker
2026-09-04 21:09:03.278 - RealTimeSTT: realtimestt - DEBUG - Waiting for main transcription model to start
2026-09-04 21:09:03.278 - RealTimeSTT: realtimestt - DEBUG - Realtime transcription disabled; realtime worker exits
2026-09-05 11:31:40.138 - RealTimeSTT: realtimestt - INFO - Starting RealTimeSTT
2026-09-05 11:31:40.235 - RealTimeSTT: realtimestt - INFO - Initializing audio recording (creating pyAudio input stream, sample rate: 16000 buffer size: 512
2026-09-05 11:31:40.276 - RealTimeSTT: realtimestt - INFO - Initializing WebRTC voice with Sensitivity 3
2026-09-05 11:31:40.277 - RealTimeSTT: realtimestt - DEBUG - WebRTC VAD voice activity detection engine initialized successfully
2026-09-05 11:31:40.728 - RealTimeSTT: realtimestt - DEBUG - Silero VAD voice activity detection engine initialized successfully with backend raw_onnx_ifless
2026-09-05 11:31:40.738 - RealTimeSTT: realtimestt - DEBUG - Starting realtime worker
2026-09-05 11:31:40.739 - RealTimeSTT: realtimestt - DEBUG - Waiting for main transcription model to start
2026-09-05 11:31:40.739 - RealTimeSTT: realtimestt - DEBUG - Realtime transcription disabled; realtime worker exits
2026-09-05 11:32:05.803 - RealTimeSTT: realtimestt - DEBUG - Main transcription model ready
2026-09-05 11:32:05.805 - RealTimeSTT: realtimestt - DEBUG - RealtimeSTT initialization completed successfully
2026-09-05 11:32:05.805 - RealTimeSTT: realtimestt - INFO - Setting listen time
2026-09-05 11:32:05.805 - RealTimeSTT: realtimestt - INFO - State changed from 'inactive' to 'listening'
2026-09-05 11:32:05.809 - RealTimeSTT: realtimestt - DEBUG - Waiting for recording start
2026-09-05 11:32:09.256 - RealTimeSTT: realtimestt - INFO - voice activity detected
2026-09-05 11:32:09.257 - RealTimeSTT: realtimestt - INFO - recording started
2026-09-05 11:32:09.257 - RealTimeSTT: realtimestt - INFO - State changed from 'listening' to 'recording'
2026-09-05 11:32:09.257 - RealTimeSTT: realtimestt - DEBUG - Waiting for recording stop
2026-09-05 11:32:10.787 - RealTimeSTT: realtimestt - INFO - recording stopped
2026-09-05 11:32:10.789 - RealTimeSTT: realtimestt - DEBUG - No samples removed, final audio length: 40960
2026-09-05 11:32:10.789 - RealTimeSTT: realtimestt - INFO - State changed from 'recording' to 'inactive'
2026-09-05 11:32:10.855 - RealTimeSTT: realtimestt - INFO - State changed from 'inactive' to 'transcribing'
2026-09-05 11:32:10.858 - RealTimeSTT: realtimestt - DEBUG - Adding transcription request, no early transcription started
2026-09-05 11:32:10.867 - RealTimeSTT: realtimestt - DEBUG - Receive from parent_transcription_pipe after sendiung transcription request, transcribe_count: 1
2026-09-05 11:32:10.967 - RealTimeSTT: realtimestt - DEBUG - Receive from parent_transcription_pipe after sendiung transcription request, transcribe_count: 1
2026-09-05 11:32:11.069 - RealTimeSTT: realtimestt - DEBUG - Receive from parent_transcription_pipe after sendiung transcription request, transcribe_count: 1
2026-09-05 11:32:11.170 - RealTimeSTT: realtimestt - DEBUG - Receive from parent_transcription_pipe after sendiung transcription request, transcribe_count: 1
2026-09-05 11:32:11.273 - RealTimeSTT: realtimestt - DEBUG - Receive from parent_transcription_pipe after sendiung transcription request, transcribe_count: 1
2026-09-05 11:32:11.372 - RealTimeSTT: realtimestt - DEBUG - Receive from parent_transcription_pipe after sendiung transcription request, transcribe_count: 1
2026-09-05 11:32:11.473 - RealTimeSTT: realtimestt - DEBUG - Receive from parent_transcription_pipe after sendiung transcription request, transcribe_count: 1
2026-09-05 11:32:11.574 - RealTimeSTT: realtimestt - DEBUG - Receive from parent_transcription_pipe after sendiung transcription request, transcribe_count: 1
2026-09-05 11:32:11.675 - RealTimeSTT: realtimestt - DEBUG - Receive from parent_transcription_pipe after sendiung transcription request, transcribe_count: 1
2026-09-05 11:32:11.726 - RealTimeSTT: realtimestt - INFO - State changed from 'transcribing' to 'inactive'
2026-09-05 11:32:11.755 - RealTimeSTT: realtimestt - DEBUG - Model tiny completed transcription in 0.90 seconds
2026-09-05 11:32:11.757 - RealTimeSTT: realtimestt - INFO - Setting listen time
2026-09-05 11:32:11.757 - RealTimeSTT: realtimestt - INFO - State changed from 'inactive' to 'listening'
2026-09-05 11:32:11.760 - RealTimeSTT: realtimestt - DEBUG - Waiting for recording start
2026-09-05 11:32:18.537 - RealTimeSTT: realtimestt - INFO - voice activity detected
2026-09-05 11:32:18.537 - RealTimeSTT: realtimestt - INFO - recording started
2026-09-05 11:32:18.537 - RealTimeSTT: realtimestt - INFO - State changed from 'listening' to 'recording'
2026-09-05 11:32:18.537 - RealTimeSTT: realtimestt - DEBUG - Waiting for recording stop
2026-09-05 11:32:20.007 - RealTimeSTT: realtimestt - INFO - recording stopped
2026-09-05 11:32:20.008 - RealTimeSTT: realtimestt - DEBUG - No samples removed, final audio length: 39936
2026-09-05 11:32:20.009 - RealTimeSTT: realtimestt - INFO - State changed from 'recording' to 'inactive'
2026-09-05 11:32:20.084 - RealTimeSTT: realtimestt - INFO - State changed from 'inactive' to 'transcribing'
2026-09-05 11:32:20.089 - RealTimeSTT: realtimestt - DEBUG - Adding transcription request, no early transcription started
2026-09-05 11:32:20.099 - RealTimeSTT: realtimestt - DEBUG - Receive from parent_transcription_pipe after sendiung transcription request, transcribe_count: 1
2026-09-05 11:32:20.199 - RealTimeSTT: realtimestt - DEBUG - Receive from parent_transcription_pipe after sendiung transcription request, transcribe_count: 1
2026-09-05 11:32:20.300 - RealTimeSTT: realtimestt - DEBUG - Receive from parent_transcription_pipe after sendiung transcription request, transcribe_count: 1
2026-09-05 11:32:20.401 - RealTimeSTT: realtimestt - DEBUG - Receive from parent_transcription_pipe after sendiung transcription request, transcribe_count: 1
2026-09-05 11:32:20.502 - RealTimeSTT: realtimestt - DEBUG - Receive from parent_transcription_pipe after sendiung transcription request, transcribe_count: 1
2026-09-05 11:32:20.603 - RealTimeSTT: realtimestt - DEBUG - Receive from parent_transcription_pipe after sendiung transcription request, transcribe_count: 1
2026-09-05 11:32:20.704 - RealTimeSTT: realtimestt - DEBUG - Receive from parent_transcription_pipe after sendiung transcription request, transcribe_count: 1
2026-09-05 11:32:20.804 - RealTimeSTT: realtimestt - DEBUG - Receive from parent_transcription_pipe after sendiung transcription request, transcribe_count: 1
2026-09-05 11:32:20.908 - RealTimeSTT: realtimestt - DEBUG - Receive from parent_transcription_pipe after sendiung transcription request, transcribe_count: 1
2026-09-05 11:32:20.966 - RealTimeSTT: realtimestt - INFO - State changed from 'transcribing' to 'inactive'
2026-09-05 11:32:21.001 - RealTimeSTT: realtimestt - DEBUG - Model tiny completed transcription in 0.91 seconds
2026-09-05 11:32:21.003 - RealTimeSTT: realtimestt - INFO - Setting listen time
2026-09-05 11:32:21.004 - RealTimeSTT: realtimestt - INFO - State changed from 'inactive' to 'listening'
2026-09-05 11:32:21.008 - RealTimeSTT: realtimestt - DEBUG - Waiting for recording start
2026-09-05 11:32:26.046 - RealTimeSTT: realtimestt - DEBUG - No samples removed, final audio length: 0
2026-09-05 11:32:26.048 - RealTimeSTT: realtimestt - INFO - State changed from 'listening' to 'inactive'
2026-09-05 11:35:21.370 - RealTimeSTT: realtimestt - INFO - Starting RealTimeSTT
2026-09-05 11:35:21.436 - RealTimeSTT: realtimestt - INFO - Initializing audio recording (creating pyAudio input stream, sample rate: 16000 buffer size: 512
2026-09-05 11:35:21.478 - RealTimeSTT: realtimestt - INFO - Initializing WebRTC voice with Sensitivity 3
2026-09-05 11:35:21.478 - RealTimeSTT: realtimestt - DEBUG - WebRTC VAD voice activity detection engine initialized successfully
2026-09-05 11:35:21.696 - RealTimeSTT: realtimestt - DEBUG - Silero VAD voice activity detection engine initialized successfully with backend raw_onnx_ifless
2026-09-05 11:35:21.700 - RealTimeSTT: realtimestt - DEBUG - Starting realtime worker
2026-09-05 11:35:21.700 - RealTimeSTT: realtimestt - DEBUG - Waiting for main transcription model to start
2026-09-05 11:35:21.700 - RealTimeSTT: realtimestt - DEBUG - Realtime transcription disabled; realtime worker exits
2026-09-05 11:35:40.359 - RealTimeSTT: realtimestt - DEBUG - Main transcription model ready
2026-09-05 11:35:40.360 - RealTimeSTT: realtimestt - DEBUG - RealtimeSTT initialization completed successfully
2026-09-05 11:35:40.361 - RealTimeSTT: realtimestt - INFO - Setting listen time
2026-09-05 11:35:40.361 - RealTimeSTT: realtimestt - INFO - State changed from 'inactive' to 'listening'
2026-09-05 11:35:40.365 - RealTimeSTT: realtimestt - DEBUG - Waiting for recording start
2026-09-05 11:35:44.880 - RealTimeSTT: realtimestt - INFO - voice activity detected
2026-09-05 11:35:44.880 - RealTimeSTT: realtimestt - INFO - recording started
2026-09-05 11:35:44.880 - RealTimeSTT: realtimestt - INFO - State changed from 'listening' to 'recording'
2026-09-05 11:35:44.881 - RealTimeSTT: realtimestt - DEBUG - Waiting for recording stop
2026-09-05 11:35:46.350 - RealTimeSTT: realtimestt - INFO - recording stopped
2026-09-05 11:35:46.353 - RealTimeSTT: realtimestt - DEBUG - No samples removed, final audio length: 39936
2026-09-05 11:35:46.353 - RealTimeSTT: realtimestt - INFO - State changed from 'recording' to 'inactive'
2026-09-05 11:35:46.413 - RealTimeSTT: realtimestt - INFO - State changed from 'inactive' to 'transcribing'
2026-09-05 11:35:46.417 - RealTimeSTT: realtimestt - DEBUG - Adding transcription request, no early transcription started
2026-09-05 11:35:46.432 - RealTimeSTT: realtimestt - DEBUG - Receive from parent_transcription_pipe after sendiung transcription request, transcribe_count: 1
2026-09-05 11:35:46.533 - RealTimeSTT: realtimestt - DEBUG - Receive from parent_transcription_pipe after sendiung transcription request, transcribe_count: 1
2026-09-05 11:35:46.634 - RealTimeSTT: realtimestt - DEBUG - Receive from parent_transcription_pipe after sendiung transcription request, transcribe_count: 1
2026-09-05 11:35:46.735 - RealTimeSTT: realtimestt - DEBUG - Receive from parent_transcription_pipe after sendiung transcription request, transcribe_count: 1
2026-09-05 11:35:46.836 - RealTimeSTT: realtimestt - DEBUG - Receive from parent_transcription_pipe after sendiung transcription request, transcribe_count: 1
2026-09-05 11:35:46.936 - RealTimeSTT: realtimestt - DEBUG - Receive from parent_transcription_pipe after sendiung transcription request, transcribe_count: 1
2026-09-05 11:35:47.037 - RealTimeSTT: realtimestt - DEBUG - Receive from parent_transcription_pipe after sendiung transcription request, transcribe_count: 1
2026-09-05 11:35:47.139 - RealTimeSTT: realtimestt - DEBUG - Receive from parent_transcription_pipe after sendiung transcription request, transcribe_count: 1
2026-09-05 11:35:47.240 - RealTimeSTT: realtimestt - DEBUG - Receive from parent_transcription_pipe after sendiung transcription request, transcribe_count: 1
2026-09-05 11:35:47.319 - RealTimeSTT: realtimestt - INFO - State changed from 'transcribing' to 'inactive'
2026-09-05 11:35:47.330 - RealTimeSTT: realtimestt - DEBUG - Model tiny completed transcription in 0.91 seconds
2026-09-05 11:36:07.178 - RealTimeSTT: realtimestt - INFO - Starting RealTimeSTT
2026-09-05 11:36:07.242 - RealTimeSTT: realtimestt - INFO - Initializing audio recording (creating pyAudio input stream, sample rate: 16000 buffer size: 512
2026-09-05 11:36:07.286 - RealTimeSTT: realtimestt - INFO - Initializing WebRTC voice with Sensitivity 3
2026-09-05 11:36:07.287 - RealTimeSTT: realtimestt - DEBUG - WebRTC VAD voice activity detection engine initialized successfully
2026-09-05 11:36:07.470 - RealTimeSTT: realtimestt - DEBUG - Silero VAD voice activity detection engine initialized successfully with backend raw_onnx_ifless
2026-09-05 11:36:07.474 - RealTimeSTT: realtimestt - DEBUG - Starting realtime worker
2026-09-05 11:36:07.474 - RealTimeSTT: realtimestt - DEBUG - Waiting for main transcription model to start
2026-09-05 11:36:07.474 - RealTimeSTT: realtimestt - DEBUG - Realtime transcription disabled; realtime worker exits
2026-09-05 11:36:24.668 - RealTimeSTT: realtimestt - DEBUG - Main transcription model ready
2026-09-05 11:36:24.670 - RealTimeSTT: realtimestt - DEBUG - RealtimeSTT initialization completed successfully
2026-09-05 11:37:02.684 - RealTimeSTT: realtimestt - DEBUG - Receive from stdout pipe
2026-09-05 11:37:02.685 - RealTimeSTT: realtimestt - INFO - None
2026-09-05 11:38:51.491 - RealTimeSTT: realtimestt - INFO - Starting RealTimeSTT
2026-09-05 11:38:51.545 - RealTimeSTT: realtimestt - INFO - Initializing audio recording (creating pyAudio input stream, sample rate: 16000 buffer size: 512
2026-09-05 11:38:51.584 - RealTimeSTT: realtimestt - INFO - Initializing WebRTC voice with Sensitivity 3
2026-09-05 11:38:51.584 - RealTimeSTT: realtimestt - DEBUG - WebRTC VAD voice activity detection engine initialized successfully
2026-09-05 11:38:51.780 - RealTimeSTT: realtimestt - DEBUG - Silero VAD voice activity detection engine initialized successfully with backend raw_onnx_ifless
2026-09-05 11:38:51.784 - RealTimeSTT: realtimestt - DEBUG - Starting realtime worker
2026-09-05 11:38:51.784 - RealTimeSTT: realtimestt - DEBUG - Waiting for main transcription model to start
2026-09-05 11:38:51.784 - RealTimeSTT: realtimestt - DEBUG - Realtime transcription disabled; realtime worker exits
2026-09-05 11:39:06.355 - RealTimeSTT: realtimestt - INFO - Starting RealTimeSTT
2026-09-05 11:39:06.358 - RealTimeSTT: realtimestt - INFO - Starting RealTimeSTT
2026-09-05 11:40:25.018 - RealTimeSTT: realtimestt - INFO - Starting RealTimeSTT
2026-09-05 11:40:25.079 - RealTimeSTT: realtimestt - INFO - Initializing audio recording (creating pyAudio input stream, sample rate: 16000 buffer size: 512
2026-09-05 11:40:25.121 - RealTimeSTT: realtimestt - INFO - Initializing WebRTC voice with Sensitivity 3
2026-09-05 11:40:25.121 - RealTimeSTT: realtimestt - DEBUG - WebRTC VAD voice activity detection engine initialized successfully
2026-09-05 11:40:25.291 - RealTimeSTT: realtimestt - DEBUG - Silero VAD voice activity detection engine initialized successfully with backend raw_onnx_ifless
2026-09-05 11:40:25.294 - RealTimeSTT: realtimestt - DEBUG - Starting realtime worker
2026-09-05 11:40:25.295 - RealTimeSTT: realtimestt - DEBUG - Waiting for main transcription model to start
2026-09-05 11:40:25.295 - RealTimeSTT: realtimestt - DEBUG - Realtime transcription disabled; realtime worker exits
2026-09-05 11:40:41.720 - RealTimeSTT: realtimestt - DEBUG - Main transcription model ready
2026-09-05 11:40:41.721 - RealTimeSTT: realtimestt - DEBUG - RealtimeSTT initialization completed successfully
2026-09-05 11:41:41.041 - RealTimeSTT: realtimestt - DEBUG - Receive from stdout pipe
2026-09-05 11:41:41.041 - RealTimeSTT: realtimestt - INFO - None
2026-09-05 11:44:04.591 - RealTimeSTT: realtimestt - INFO - Starting RealTimeSTT
2026-09-05 11:44:04.642 - RealTimeSTT: realtimestt - INFO - Initializing audio recording (creating pyAudio input stream, sample rate: 16000 buffer size: 512
2026-09-05 11:44:04.684 - RealTimeSTT: realtimestt - INFO - Initializing WebRTC voice with Sensitivity 3
2026-09-05 11:44:04.685 - RealTimeSTT: realtimestt - DEBUG - WebRTC VAD voice activity detection engine initialized successfully
2026-09-05 11:44:04.884 - RealTimeSTT: realtimestt - DEBUG - Silero VAD voice activity detection engine initialized successfully with backend raw_onnx_ifless
2026-09-05 11:44:04.888 - RealTimeSTT: realtimestt - DEBUG - Starting realtime worker
2026-09-05 11:44:04.888 - RealTimeSTT: realtimestt - DEBUG - Waiting for main transcription model to start
2026-09-05 11:44:04.888 - RealTimeSTT: realtimestt - DEBUG - Realtime transcription disabled; realtime worker exits
2026-09-05 11:44:20.642 - RealTimeSTT: realtimestt - DEBUG - Main transcription model ready
2026-09-05 11:44:20.643 - RealTimeSTT: realtimestt - DEBUG - RealtimeSTT initialization completed successfully
2026-09-05 11:50:28.079 - RealTimeSTT: realtimestt - INFO - Starting RealTimeSTT
2026-09-05 11:50:28.151 - RealTimeSTT: realtimestt - INFO - Initializing audio recording (creating pyAudio input stream, sample rate: 16000 buffer size: 512
2026-09-05 11:50:28.199 - RealTimeSTT: realtimestt - INFO - Initializing WebRTC voice with Sensitivity 3
2026-09-05 11:50:28.199 - RealTimeSTT: realtimestt - DEBUG - WebRTC VAD voice activity detection engine initialized successfully
2026-09-05 11:50:28.375 - RealTimeSTT: realtimestt - DEBUG - Silero VAD voice activity detection engine initialized successfully with backend raw_onnx_ifless
2026-09-05 11:50:28.379 - RealTimeSTT: realtimestt - DEBUG - Starting realtime worker
2026-09-05 11:50:28.379 - RealTimeSTT: realtimestt - DEBUG - Waiting for main transcription model to start
2026-09-05 11:50:28.379 - RealTimeSTT: realtimestt - DEBUG - Realtime transcription disabled; realtime worker exits
2026-09-05 11:50:45.650 - RealTimeSTT: realtimestt - DEBUG - Main transcription model ready
2026-09-05 11:50:45.651 - RealTimeSTT: realtimestt - DEBUG - RealtimeSTT initialization completed successfully
2026-09-05 11:52:34.898 - RealTimeSTT: realtimestt - INFO - Starting RealTimeSTT
2026-09-05 11:52:34.946 - RealTimeSTT: realtimestt - INFO - Initializing audio recording (creating pyAudio input stream, sample rate: 16000 buffer size: 512
2026-09-05 11:52:34.985 - RealTimeSTT: realtimestt - INFO - Initializing WebRTC voice with Sensitivity 3
2026-09-05 11:52:34.986 - RealTimeSTT: realtimestt - DEBUG - WebRTC VAD voice activity detection engine initialized successfully
2026-09-05 11:52:35.183 - RealTimeSTT: realtimestt - DEBUG - Silero VAD voice activity detection engine initialized successfully with backend raw_onnx_ifless
2026-09-05 11:52:35.187 - RealTimeSTT: realtimestt - DEBUG - Starting realtime worker
2026-09-05 11:52:35.188 - RealTimeSTT: realtimestt - DEBUG - Waiting for main transcription model to start
2026-09-05 11:52:35.188 - RealTimeSTT: realtimestt - DEBUG - Realtime transcription disabled; realtime worker exits
2026-09-05 11:52:50.665 - RealTimeSTT: realtimestt - DEBUG - Main transcription model ready
2026-09-05 11:52:50.666 - RealTimeSTT: realtimestt - DEBUG - RealtimeSTT initialization completed successfully
2026-09-05 11:54:09.391 - RealTimeSTT: realtimestt - DEBUG - Receive from stdout pipe
2026-09-05 11:54:09.391 - RealTimeSTT: realtimestt - INFO - None
2026-09-05 11:57:34.333 - RealTimeSTT: realtimestt - INFO - Starting RealTimeSTT
2026-09-05 11:57:34.395 - RealTimeSTT: realtimestt - INFO - Initializing audio recording (creating pyAudio input stream, sample rate: 16000 buffer size: 512
2026-09-05 11:57:34.445 - RealTimeSTT: realtimestt - INFO - Initializing WebRTC voice with Sensitivity 3
2026-09-05 11:57:34.445 - RealTimeSTT: realtimestt - DEBUG - WebRTC VAD voice activity detection engine initialized successfully
2026-09-05 11:57:34.632 - RealTimeSTT: realtimestt - DEBUG - Silero VAD voice activity detection engine initialized successfully with backend raw_onnx_ifless
2026-09-05 11:57:34.636 - RealTimeSTT: realtimestt - DEBUG - Starting realtime worker
2026-09-05 11:57:34.636 - RealTimeSTT: realtimestt - DEBUG - Waiting for main transcription model to start
2026-09-05 11:57:34.636 - RealTimeSTT: realtimestt - DEBUG - Realtime transcription disabled; realtime worker exits
2026-09-05 11:57:50.853 - RealTimeSTT: realtimestt - DEBUG - Main transcription model ready
2026-09-05 11:57:50.854 - RealTimeSTT: realtimestt - DEBUG - RealtimeSTT initialization completed successfully
2026-09-05 11:58:17.154 - RealTimeSTT: realtimestt - INFO - Starting RealTimeSTT
2026-09-05 11:58:17.210 - RealTimeSTT: realtimestt - INFO - Initializing audio recording (creating pyAudio input stream, sample rate: 16000 buffer size: 512
2026-09-05 11:58:17.252 - RealTimeSTT: realtimestt - INFO - Initializing WebRTC voice with Sensitivity 3
2026-09-05 11:58:17.252 - RealTimeSTT: realtimestt - DEBUG - WebRTC VAD voice activity detection engine initialized successfully
2026-09-05 11:58:17.413 - RealTimeSTT: realtimestt - DEBUG - Silero VAD voice activity detection engine initialized successfully with backend raw_onnx_ifless
2026-09-05 11:58:17.417 - RealTimeSTT: realtimestt - DEBUG - Starting realtime worker
2026-09-05 11:58:17.417 - RealTimeSTT: realtimestt - DEBUG - Waiting for main transcription model to start
2026-09-05 11:58:17.418 - RealTimeSTT: realtimestt - DEBUG - Realtime transcription disabled; realtime worker exits
2026-09-05 11:58:33.215 - RealTimeSTT: realtimestt - DEBUG - Main transcription model ready
2026-09-05 11:58:33.216 - RealTimeSTT: realtimestt - DEBUG - RealtimeSTT initialization completed successfully
2026-09-05 11:59:52.799 - RealTimeSTT: realtimestt - INFO - Starting RealTimeSTT
2026-09-05 11:59:52.857 - RealTimeSTT: realtimestt - INFO - Initializing audio recording (creating pyAudio input stream, sample rate: 16000 buffer size: 512
2026-09-05 11:59:52.898 - RealTimeSTT: realtimestt - INFO - Initializing WebRTC voice with Sensitivity 3
2026-09-05 11:59:52.898 - RealTimeSTT: realtimestt - DEBUG - WebRTC VAD voice activity detection engine initialized successfully
2026-09-05 11:59:53.097 - RealTimeSTT: realtimestt - DEBUG - Silero VAD voice activity detection engine initialized successfully with backend raw_onnx_ifless
2026-09-05 11:59:53.102 - RealTimeSTT: realtimestt - DEBUG - Starting realtime worker
2026-09-05 11:59:53.102 - RealTimeSTT: realtimestt - DEBUG - Realtime transcription disabled; realtime worker exits
2026-09-05 11:59:53.102 - RealTimeSTT: realtimestt - DEBUG - Waiting for main transcription model to start
2026-09-05 12:00:09.028 - RealTimeSTT: realtimestt - DEBUG - Main transcription model ready
2026-09-05 12:00:09.029 - RealTimeSTT: realtimestt - DEBUG - RealtimeSTT initialization completed successfully
2026-09-05 12:06:17.508 - RealTimeSTT: realtimestt - INFO - Starting RealTimeSTT
2026-09-05 12:06:17.561 - RealTimeSTT: realtimestt - INFO - Initializing audio recording (creating pyAudio input stream, sample rate: 16000 buffer size: 512
2026-09-05 12:06:17.612 - RealTimeSTT: realtimestt - INFO - Initializing WebRTC voice with Sensitivity 3
2026-09-05 12:06:17.613 - RealTimeSTT: realtimestt - DEBUG - WebRTC VAD voice activity detection engine initialized successfully
2026-09-05 12:06:17.801 - RealTimeSTT: realtimestt - DEBUG - Silero VAD voice activity detection engine initialized successfully with backend raw_onnx_ifless
2026-09-05 12:06:17.805 - RealTimeSTT: realtimestt - DEBUG - Starting realtime worker
2026-09-05 12:06:17.805 - RealTimeSTT: realtimestt - DEBUG - Waiting for main transcription model to start
2026-09-05 12:06:17.805 - RealTimeSTT: realtimestt - DEBUG - Realtime transcription disabled; realtime worker exits
2026-09-05 12:06:34.406 - RealTimeSTT: realtimestt - DEBUG - Main transcription model ready
2026-09-05 12:06:34.408 - RealTimeSTT: realtimestt - DEBUG - RealtimeSTT initialization completed successfully
2026-09-05 12:08:07.342 - RealTimeSTT: realtimestt - INFO - Starting RealTimeSTT
2026-09-05 12:08:07.401 - RealTimeSTT: realtimestt - INFO - Initializing audio recording (creating pyAudio input stream, sample rate: 16000 buffer size: 512
2026-09-05 12:08:07.444 - RealTimeSTT: realtimestt - INFO - Initializing WebRTC voice with Sensitivity 3
2026-09-05 12:08:07.444 - RealTimeSTT: realtimestt - DEBUG - WebRTC VAD voice activity detection engine initialized successfully
2026-09-05 12:08:07.628 - RealTimeSTT: realtimestt - DEBUG - Silero VAD voice activity detection engine initialized successfully with backend raw_onnx_ifless
2026-09-05 12:08:07.632 - RealTimeSTT: realtimestt - DEBUG - Starting realtime worker
2026-09-05 12:08:07.632 - RealTimeSTT: realtimestt - DEBUG - Waiting for main transcription model to start
2026-09-05 12:08:07.632 - RealTimeSTT: realtimestt - DEBUG - Realtime transcription disabled; realtime worker exits
2026-09-05 12:08:23.563 - RealTimeSTT: realtimestt - DEBUG - Main transcription model ready
2026-09-05 12:08:23.564 - RealTimeSTT: realtimestt - DEBUG - RealtimeSTT initialization completed successfully
2026-09-05 12:10:24.478 - RealTimeSTT: realtimestt - DEBUG - Receive from stdout pipe
2026-09-05 12:10:24.479 - RealTimeSTT: realtimestt - INFO - None
2026-09-05 12:10:52.688 - RealTimeSTT: realtimestt - INFO - Starting RealTimeSTT
2026-09-05 12:10:52.742 - RealTimeSTT: realtimestt - INFO - Initializing audio recording (creating pyAudio input stream, sample rate: 16000 buffer size: 512
2026-09-05 12:10:52.788 - RealTimeSTT: realtimestt - INFO - Initializing WebRTC voice with Sensitivity 3
2026-09-05 12:10:52.788 - RealTimeSTT: realtimestt - DEBUG - WebRTC VAD voice activity detection engine initialized successfully
2026-09-05 12:10:52.983 - RealTimeSTT: realtimestt - DEBUG - Silero VAD voice activity detection engine initialized successfully with backend raw_onnx_ifless
2026-09-05 12:10:52.988 - RealTimeSTT: realtimestt - DEBUG - Starting realtime worker
2026-09-05 12:10:52.988 - RealTimeSTT: realtimestt - DEBUG - Waiting for main transcription model to start
2026-09-05 12:10:52.988 - RealTimeSTT: realtimestt - DEBUG - Realtime transcription disabled; realtime worker exits
2026-09-05 12:11:09.191 - RealTimeSTT: realtimestt - DEBUG - Main transcription model ready
2026-09-05 12:11:09.192 - RealTimeSTT: realtimestt - DEBUG - RealtimeSTT initialization completed successfully
2026-09-05 12:11:33.492 - RealTimeSTT: realtimestt - DEBUG - Receive from stdout pipe
2026-09-05 12:11:33.493 - RealTimeSTT: realtimestt - INFO - None
2026-09-05 12:12:01.835 - RealTimeSTT: realtimestt - INFO - Starting RealTimeSTT
2026-09-05 12:12:01.897 - RealTimeSTT: realtimestt - INFO - Initializing audio recording (creating pyAudio input stream, sample rate: 16000 buffer size: 512
2026-09-05 12:12:01.936 - RealTimeSTT: realtimestt - INFO - Initializing WebRTC voice with Sensitivity 3
2026-09-05 12:12:01.936 - RealTimeSTT: realtimestt - DEBUG - WebRTC VAD voice activity detection engine initialized successfully
2026-09-05 12:12:02.127 - RealTimeSTT: realtimestt - DEBUG - Silero VAD voice activity detection engine initialized successfully with backend raw_onnx_ifless
2026-09-05 12:12:02.131 - RealTimeSTT: realtimestt - DEBUG - Starting realtime worker
2026-09-05 12:12:02.131 - RealTimeSTT: realtimestt - DEBUG - Waiting for main transcription model to start
2026-09-05 12:12:02.131 - RealTimeSTT: realtimestt - DEBUG - Realtime transcription disabled; realtime worker exits
2026-09-05 12:12:18.769 - RealTimeSTT: realtimestt - DEBUG - Main transcription model ready
2026-09-05 12:12:18.771 - RealTimeSTT: realtimestt - DEBUG - RealtimeSTT initialization completed successfully
2026-09-05 12:14:19.099 - RealTimeSTT: realtimestt - INFO - Starting RealTimeSTT
2026-09-05 12:14:19.169 - RealTimeSTT: realtimestt - INFO - Initializing audio recording (creating pyAudio input stream, sample rate: 16000 buffer size: 512
2026-09-05 12:14:19.218 - RealTimeSTT: realtimestt - INFO - Initializing WebRTC voice with Sensitivity 3
2026-09-05 12:14:19.218 - RealTimeSTT: realtimestt - DEBUG - WebRTC VAD voice activity detection engine initialized successfully
2026-09-05 12:14:19.403 - RealTimeSTT: realtimestt - DEBUG - Silero VAD voice activity detection engine initialized successfully with backend raw_onnx_ifless
2026-09-05 12:14:19.407 - RealTimeSTT: realtimestt - DEBUG - Starting realtime worker
2026-09-05 12:14:19.407 - RealTimeSTT: realtimestt - DEBUG - Waiting for main transcription model to start
2026-09-05 12:14:19.407 - RealTimeSTT: realtimestt - DEBUG - Realtime transcription disabled; realtime worker exits
2026-09-05 12:14:38.890 - RealTimeSTT: realtimestt - DEBUG - Main transcription model ready
2026-09-05 12:14:38.891 - RealTimeSTT: realtimestt - DEBUG - RealtimeSTT initialization completed successfully
2026-09-05 12:16:31.782 - RealTimeSTT: realtimestt - DEBUG - Receive from stdout pipe
2026-09-05 12:16:31.783 - RealTimeSTT: realtimestt - INFO - None
2026-09-05 12:17:23.161 - RealTimeSTT: realtimestt - INFO - Starting RealTimeSTT
2026-09-05 12:17:23.261 - RealTimeSTT: realtimestt - INFO - Initializing audio recording (creating pyAudio input stream, sample rate: 16000 buffer size: 512
2026-09-05 12:17:23.327 - RealTimeSTT: realtimestt - INFO - Initializing WebRTC voice with Sensitivity 3
2026-09-05 12:17:23.327 - RealTimeSTT: realtimestt - DEBUG - WebRTC VAD voice activity detection engine initialized successfully
2026-09-05 12:17:23.589 - RealTimeSTT: realtimestt - DEBUG - Silero VAD voice activity detection engine initialized successfully with backend raw_onnx_ifless
2026-09-05 12:17:23.594 - RealTimeSTT: realtimestt - DEBUG - Starting realtime worker
2026-09-05 12:17:23.594 - RealTimeSTT: realtimestt - DEBUG - Waiting for main transcription model to start
2026-09-05 12:17:23.594 - RealTimeSTT: realtimestt - DEBUG - Realtime transcription disabled; realtime worker exits
2026-09-05 12:17:53.301 - RealTimeSTT: realtimestt - DEBUG - Main transcription model ready
2026-09-05 12:17:53.303 - RealTimeSTT: realtimestt - DEBUG - RealtimeSTT initialization completed successfully
2026-09-05 12:20:14.476 - RealTimeSTT: realtimestt - DEBUG - Receive from stdout pipe
2026-09-05 12:20:14.477 - RealTimeSTT: realtimestt - INFO - None
2026-09-05 12:25:27.875 - RealTimeSTT: realtimestt - INFO - Starting RealTimeSTT
2026-09-05 12:25:27.939 - RealTimeSTT: realtimestt - INFO - Initializing audio recording (creating pyAudio input stream, sample rate: 16000 buffer size: 512
2026-09-05 12:25:27.981 - RealTimeSTT: realtimestt - INFO - Initializing WebRTC voice with Sensitivity 3
2026-09-05 12:25:27.981 - RealTimeSTT: realtimestt - DEBUG - WebRTC VAD voice activity detection engine initialized successfully
2026-09-05 12:25:28.171 - RealTimeSTT: realtimestt - DEBUG - Silero VAD voice activity detection engine initialized successfully with backend raw_onnx_ifless
2026-09-05 12:25:28.178 - RealTimeSTT: realtimestt - DEBUG - Starting realtime worker
2026-09-05 12:25:28.179 - RealTimeSTT: realtimestt - DEBUG - Waiting for main transcription model to start
2026-09-05 12:25:28.179 - RealTimeSTT: realtimestt - DEBUG - Realtime transcription disabled; realtime worker exits
2026-09-05 12:25:46.499 - RealTimeSTT: realtimestt - DEBUG - Main transcription model ready
2026-09-05 12:25:46.500 - RealTimeSTT: realtimestt - DEBUG - RealtimeSTT initialization completed successfully
2026-09-05 12:27:10.619 - RealTimeSTT: realtimestt - DEBUG - Receive from stdout pipe
2026-09-05 12:27:10.619 - RealTimeSTT: realtimestt - INFO - None
2026-09-05 12:27:50.725 - RealTimeSTT: realtimestt - INFO - Starting RealTimeSTT
2026-09-05 12:27:50.792 - RealTimeSTT: realtimestt - INFO - Initializing audio recording (creating pyAudio input stream, sample rate: 16000 buffer size: 512
2026-09-05 12:27:50.831 - RealTimeSTT: realtimestt - INFO - Initializing WebRTC voice with Sensitivity 3
2026-09-05 12:27:50.831 - RealTimeSTT: realtimestt - DEBUG - WebRTC VAD voice activity detection engine initialized successfully
2026-09-05 12:27:51.041 - RealTimeSTT: realtimestt - DEBUG - Silero VAD voice activity detection engine initialized successfully with backend raw_onnx_ifless
2026-09-05 12:27:51.045 - RealTimeSTT: realtimestt - DEBUG - Starting realtime worker
2026-09-05 12:27:51.046 - RealTimeSTT: realtimestt - DEBUG - Waiting for main transcription model to start
2026-09-05 12:27:51.046 - RealTimeSTT: realtimestt - DEBUG - Realtime transcription disabled; realtime worker exits
2026-09-05 12:28:08.599 - RealTimeSTT: realtimestt - DEBUG - Main transcription model ready
2026-09-05 12:28:08.600 - RealTimeSTT: realtimestt - DEBUG - RealtimeSTT initialization completed successfully
2026-09-05 12:28:53.160 - RealTimeSTT: realtimestt - DEBUG - Receive from stdout pipe
2026-09-05 12:28:53.160 - RealTimeSTT: realtimestt - INFO - None
2026-09-05 12:29:14.780 - RealTimeSTT: realtimestt - INFO - Starting RealTimeSTT
2026-09-05 12:29:14.839 - RealTimeSTT: realtimestt - INFO - Initializing audio recording (creating pyAudio input stream, sample rate: 16000 buffer size: 512
2026-09-05 12:29:14.883 - RealTimeSTT: realtimestt - INFO - Initializing WebRTC voice with Sensitivity 3
2026-09-05 12:29:14.884 - RealTimeSTT: realtimestt - DEBUG - WebRTC VAD voice activity detection engine initialized successfully
2026-09-05 12:29:15.107 - RealTimeSTT: realtimestt - DEBUG - Silero VAD voice activity detection engine initialized successfully with backend raw_onnx_ifless
2026-09-05 12:29:15.112 - RealTimeSTT: realtimestt - DEBUG - Starting realtime worker
2026-09-05 12:29:15.112 - RealTimeSTT: realtimestt - DEBUG - Waiting for main transcription model to start
2026-09-05 12:29:15.112 - RealTimeSTT: realtimestt - DEBUG - Realtime transcription disabled; realtime worker exits
2026-09-05 12:29:33.127 - RealTimeSTT: realtimestt - DEBUG - Main transcription model ready
2026-09-05 12:29:33.128 - RealTimeSTT: realtimestt - DEBUG - RealtimeSTT initialization completed successfully
2026-09-05 12:30:04.589 - RealTimeSTT: realtimestt - DEBUG - Receive from stdout pipe
2026-09-05 12:30:04.589 - RealTimeSTT: realtimestt - INFO - None
2026-09-07 18:58:07.192 - RealTimeSTT: realtimestt - INFO - Starting RealTimeSTT
2026-09-07 18:58:07.287 - RealTimeSTT: realtimestt - INFO - Initializing audio recording (creating pyAudio input stream, sample rate: 16000 buffer size: 512
2026-09-07 18:58:07.319 - RealTimeSTT: realtimestt - INFO - Initializing WebRTC voice with Sensitivity 3
2026-09-07 18:58:07.320 - RealTimeSTT: realtimestt - DEBUG - WebRTC VAD voice activity detection engine initialized successfully
2026-09-07 18:58:07.841 - RealTimeSTT: realtimestt - DEBUG - Silero VAD voice activity detection engine initialized successfully with backend raw_onnx_ifless
2026-09-07 18:58:07.847 - RealTimeSTT: realtimestt - DEBUG - Starting realtime worker
2026-09-07 18:58:07.847 - RealTimeSTT: realtimestt - DEBUG - Waiting for main transcription model to start
2026-09-07 18:58:07.847 - RealTimeSTT: realtimestt - DEBUG - Realtime transcription disabled; realtime worker exits
2026-09-07 18:58:32.118 - RealTimeSTT: realtimestt - DEBUG - Main transcription model ready
2026-09-07 18:58:32.119 - RealTimeSTT: realtimestt - DEBUG - RealtimeSTT initialization completed successfully
2026-09-07 19:07:19.033 - RealTimeSTT: realtimestt - DEBUG - Receive from stdout pipe
2026-09-07 19:07:19.033 - RealTimeSTT: realtimestt - INFO - None
2026-09-07 21:25:49.278 - RealTimeSTT: realtimestt - INFO - Starting RealTimeSTT
2026-09-07 21:25:49.361 - RealTimeSTT: realtimestt - INFO - Initializing audio recording (creating pyAudio input stream, sample rate: 16000 buffer size: 512
2026-09-07 21:25:49.399 - RealTimeSTT: realtimestt - INFO - Initializing WebRTC voice with Sensitivity 3
2026-09-07 21:25:49.400 - RealTimeSTT: realtimestt - DEBUG - WebRTC VAD voice activity detection engine initialized successfully
2026-09-07 21:25:49.819 - RealTimeSTT: realtimestt - DEBUG - Silero VAD voice activity detection engine initialized successfully with backend raw_onnx_ifless
2026-09-07 21:25:49.831 - RealTimeSTT: realtimestt - DEBUG - Starting realtime worker
2026-09-07 21:25:49.831 - RealTimeSTT: realtimestt - DEBUG - Waiting for main transcription model to start
2026-09-07 21:25:49.831 - RealTimeSTT: realtimestt - DEBUG - Realtime transcription disabled; realtime worker exits
2026-09-07 21:26:16.153 - RealTimeSTT: realtimestt - DEBUG - Main transcription model ready
2026-09-07 21:26:16.154 - RealTimeSTT: realtimestt - DEBUG - RealtimeSTT initialization completed successfully
2026-09-07 21:26:20.073 - RealTimeSTT: realtimestt - DEBUG - Receive from stdout pipe
2026-09-07 21:26:20.073 - RealTimeSTT: realtimestt - INFO - None
2026-09-07 21:27:03.184 - RealTimeSTT: realtimestt - INFO - Starting RealTimeSTT
2026-09-07 21:27:03.250 - RealTimeSTT: realtimestt - INFO - Initializing audio recording (creating pyAudio input stream, sample rate: 16000 buffer size: 512
2026-09-07 21:27:03.294 - RealTimeSTT: realtimestt - INFO - Initializing WebRTC voice with Sensitivity 3
2026-09-07 21:27:03.295 - RealTimeSTT: realtimestt - DEBUG - WebRTC VAD voice activity detection engine initialized successfully
2026-09-07 21:27:03.443 - RealTimeSTT: realtimestt - DEBUG - Silero VAD voice activity detection engine initialized successfully with backend raw_onnx_ifless
2026-09-07 21:27:03.447 - RealTimeSTT: realtimestt - DEBUG - Starting realtime worker
2026-09-07 21:27:03.447 - RealTimeSTT: realtimestt - DEBUG - Waiting for main transcription model to start
2026-09-07 21:27:03.447 - RealTimeSTT: realtimestt - DEBUG - Realtime transcription disabled; realtime worker exits
2026-09-07 21:27:20.881 - RealTimeSTT: realtimestt - DEBUG - Main transcription model ready
2026-09-07 21:27:20.884 - RealTimeSTT: realtimestt - DEBUG - RealtimeSTT initialization completed successfully
2026-09-07 21:27:36.022 - RealTimeSTT: realtimestt - INFO - Setting listen time
2026-09-07 21:27:36.023 - RealTimeSTT: realtimestt - INFO - State changed from 'inactive' to 'listening'
2026-09-07 21:27:36.032 - RealTimeSTT: realtimestt - DEBUG - Waiting for recording start
2026-09-07 21:27:38.759 - RealTimeSTT: realtimestt - INFO - voice activity detected
2026-09-07 21:27:38.759 - RealTimeSTT: realtimestt - INFO - recording started
2026-09-07 21:27:38.759 - RealTimeSTT: realtimestt - INFO - State changed from 'listening' to 'recording'
2026-09-07 21:27:38.760 - RealTimeSTT: realtimestt - DEBUG - Waiting for recording stop
2026-09-07 21:27:40.159 - RealTimeSTT: realtimestt - INFO - recording stopped
2026-09-07 21:27:40.162 - RealTimeSTT: realtimestt - DEBUG - No samples removed, final audio length: 38912
2026-09-07 21:27:40.163 - RealTimeSTT: realtimestt - INFO - State changed from 'recording' to 'inactive'
2026-09-07 21:27:40.199 - RealTimeSTT: realtimestt - INFO - State changed from 'inactive' to 'transcribing'
2026-09-07 21:27:40.204 - RealTimeSTT: realtimestt - DEBUG - Adding transcription request, no early transcription started
2026-09-07 21:27:40.206 - RealTimeSTT: realtimestt - DEBUG - Receive from parent_transcription_pipe after sendiung transcription request, transcribe_count: 1
2026-09-07 21:27:40.306 - RealTimeSTT: realtimestt - DEBUG - Receive from parent_transcription_pipe after sendiung transcription request, transcribe_count: 1
2026-09-07 21:27:40.406 - RealTimeSTT: realtimestt - DEBUG - Receive from parent_transcription_pipe after sendiung transcription request, transcribe_count: 1
2026-09-07 21:27:40.508 - RealTimeSTT: realtimestt - DEBUG - Receive from parent_transcription_pipe after sendiung transcription request, transcribe_count: 1
2026-09-07 21:27:40.609 - RealTimeSTT: realtimestt - DEBUG - Receive from parent_transcription_pipe after sendiung transcription request, transcribe_count: 1
2026-09-07 21:27:40.710 - RealTimeSTT: realtimestt - DEBUG - Receive from parent_transcription_pipe after sendiung transcription request, transcribe_count: 1
2026-09-07 21:27:40.810 - RealTimeSTT: realtimestt - DEBUG - Receive from parent_transcription_pipe after sendiung transcription request, transcribe_count: 1
2026-09-07 21:27:40.911 - RealTimeSTT: realtimestt - DEBUG - Receive from parent_transcription_pipe after sendiung transcription request, transcribe_count: 1
2026-09-07 21:27:41.013 - RealTimeSTT: realtimestt - DEBUG - Receive from parent_transcription_pipe after sendiung transcription request, transcribe_count: 1
2026-09-07 21:27:41.114 - RealTimeSTT: realtimestt - DEBUG - Receive from parent_transcription_pipe after sendiung transcription request, transcribe_count: 1
2026-09-07 21:27:41.134 - RealTimeSTT: realtimestt - INFO - State changed from 'transcribing' to 'inactive'
2026-09-07 21:27:41.170 - RealTimeSTT: realtimestt - DEBUG - Model tiny completed transcription in 0.97 seconds
2026-09-07 21:27:41.172 - RealTimeSTT: realtimestt - INFO - Setting listen time
2026-09-07 21:27:41.172 - RealTimeSTT: realtimestt - INFO - State changed from 'inactive' to 'listening'
2026-09-07 21:27:41.176 - RealTimeSTT: realtimestt - DEBUG - Waiting for recording start
2026-09-07 21:27:42.079 - RealTimeSTT: realtimestt - INFO - voice activity detected
2026-09-07 21:27:42.079 - RealTimeSTT: realtimestt - INFO - recording started
2026-09-07 21:27:42.079 - RealTimeSTT: realtimestt - INFO - State changed from 'listening' to 'recording'
2026-09-07 21:27:42.080 - RealTimeSTT: realtimestt - DEBUG - Waiting for recording stop
2026-09-07 21:27:44.069 - RealTimeSTT: realtimestt - INFO - recording stopped
2026-09-07 21:27:44.071 - RealTimeSTT: realtimestt - DEBUG - No samples removed, final audio length: 48128
2026-09-07 21:27:44.072 - RealTimeSTT: realtimestt - INFO - State changed from 'recording' to 'inactive'
2026-09-07 21:27:44.092 - RealTimeSTT: realtimestt - INFO - State changed from 'inactive' to 'transcribing'
2026-09-07 21:27:44.096 - RealTimeSTT: realtimestt - DEBUG - Adding transcription request, no early transcription started
2026-09-07 21:27:44.108 - RealTimeSTT: realtimestt - DEBUG - Receive from parent_transcription_pipe after sendiung transcription request, transcribe_count: 1
2026-09-07 21:27:44.209 - RealTimeSTT: realtimestt - DEBUG - Receive from parent_transcription_pipe after sendiung transcription request, transcribe_count: 1
2026-09-07 21:27:44.310 - RealTimeSTT: realtimestt - DEBUG - Receive from parent_transcription_pipe after sendiung transcription request, transcribe_count: 1
2026-09-07 21:27:44.411 - RealTimeSTT: realtimestt - DEBUG - Receive from parent_transcription_pipe after sendiung transcription request, transcribe_count: 1
2026-09-07 21:27:44.512 - RealTimeSTT: realtimestt - DEBUG - Receive from parent_transcription_pipe after sendiung transcription request, transcribe_count: 1
2026-09-07 21:27:44.613 - RealTimeSTT: realtimestt - DEBUG - Receive from parent_transcription_pipe after sendiung transcription request, transcribe_count: 1
2026-09-07 21:27:44.714 - RealTimeSTT: realtimestt - DEBUG - Receive from parent_transcription_pipe after sendiung transcription request, transcribe_count: 1
2026-09-07 21:27:44.814 - RealTimeSTT: realtimestt - DEBUG - Receive from parent_transcription_pipe after sendiung transcription request, transcribe_count: 1
2026-09-07 21:27:44.915 - RealTimeSTT: realtimestt - DEBUG - Receive from parent_transcription_pipe after sendiung transcription request, transcribe_count: 1
2026-09-07 21:27:45.017 - RealTimeSTT: realtimestt - DEBUG - Receive from parent_transcription_pipe after sendiung transcription request, transcribe_count: 1
2026-09-07 21:27:45.030 - RealTimeSTT: realtimestt - INFO - State changed from 'transcribing' to 'inactive'
2026-09-07 21:27:45.062 - RealTimeSTT: realtimestt - DEBUG - Model tiny completed transcription in 0.97 seconds
2026-09-07 21:27:45.063 - RealTimeSTT: realtimestt - INFO - Setting listen time
2026-09-07 21:27:45.063 - RealTimeSTT: realtimestt - INFO - State changed from 'inactive' to 'listening'
2026-09-07 21:27:45.066 - RealTimeSTT: realtimestt - DEBUG - Waiting for recording start
2026-09-07 21:27:48.289 - RealTimeSTT: realtimestt - INFO - voice activity detected
2026-09-07 21:27:48.290 - RealTimeSTT: realtimestt - INFO - recording started
2026-09-07 21:27:48.290 - RealTimeSTT: realtimestt - INFO - State changed from 'listening' to 'recording'
2026-09-07 21:27:48.290 - RealTimeSTT: realtimestt - DEBUG - Waiting for recording stop
2026-09-07 21:27:49.509 - RealTimeSTT: realtimestt - INFO - recording stopped
2026-09-07 21:27:49.511 - RealTimeSTT: realtimestt - DEBUG - No samples removed, final audio length: 35840
2026-09-07 21:27:49.512 - RealTimeSTT: realtimestt - INFO - State changed from 'recording' to 'inactive'
2026-09-07 21:27:49.532 - RealTimeSTT: realtimestt - INFO - State changed from 'inactive' to 'transcribing'
2026-09-07 21:27:49.536 - RealTimeSTT: realtimestt - DEBUG - Adding transcription request, no early transcription started
2026-09-07 21:27:49.557 - RealTimeSTT: realtimestt - DEBUG - Receive from parent_transcription_pipe after sendiung transcription request, transcribe_count: 1
2026-09-07 21:27:49.658 - RealTimeSTT: realtimestt - DEBUG - Receive from parent_transcription_pipe after sendiung transcription request, transcribe_count: 1
2026-09-07 21:27:49.758 - RealTimeSTT: realtimestt - DEBUG - Receive from parent_transcription_pipe after sendiung transcription request, transcribe_count: 1
2026-09-07 21:27:49.860 - RealTimeSTT: realtimestt - DEBUG - Receive from parent_transcription_pipe after sendiung transcription request, transcribe_count: 1
2026-09-07 21:27:49.961 - RealTimeSTT: realtimestt - DEBUG - Receive from parent_transcription_pipe after sendiung transcription request, transcribe_count: 1
2026-09-07 21:27:50.062 - RealTimeSTT: realtimestt - DEBUG - Receive from parent_transcription_pipe after sendiung transcription request, transcribe_count: 1
2026-09-07 21:27:50.162 - RealTimeSTT: realtimestt - DEBUG - Receive from parent_transcription_pipe after sendiung transcription request, transcribe_count: 1
2026-09-07 21:27:50.264 - RealTimeSTT: realtimestt - DEBUG - Receive from parent_transcription_pipe after sendiung transcription request, transcribe_count: 1
2026-09-07 21:27:50.365 - RealTimeSTT: realtimestt - DEBUG - Receive from parent_transcription_pipe after sendiung transcription request, transcribe_count: 1
2026-09-07 21:27:50.436 - RealTimeSTT: realtimestt - INFO - State changed from 'transcribing' to 'inactive'
2026-09-07 21:27:50.450 - RealTimeSTT: realtimestt - DEBUG - Model tiny completed transcription in 0.91 seconds
2026-09-07 21:28:36.236 - RealTimeSTT: realtimestt - WARNING - Audio queue size exceeds latency limit. Current size: 101. Discarding old audio chunks.
2026-09-07 21:28:36.351 - RealTimeSTT: realtimestt - WARNING - Audio queue size exceeds latency limit. Current size: 101. Discarding old audio chunks.
2026-09-07 21:28:36.569 - RealTimeSTT: realtimestt - WARNING - Audio queue size exceeds latency limit. Current size: 101. Discarding old audio chunks.
2026-09-07 21:28:36.669 - RealTimeSTT: realtimestt - WARNING - Audio queue size exceeds latency limit. Current size: 101. Discarding old audio chunks.
2026-09-07 21:28:36.778 - RealTimeSTT: realtimestt - WARNING - Audio queue size exceeds latency limit. Current size: 101. Discarding old audio chunks.
2026-09-07 21:28:36.934 - RealTimeSTT: realtimestt - WARNING - Audio queue size exceeds latency limit. Current size: 101. Discarding old audio chunks.
2026-09-07 21:28:37.069 - RealTimeSTT: realtimestt - WARNING - Audio queue size exceeds latency limit. Current size: 101. Discarding old audio chunks.
2026-09-07 21:28:37.579 - RealTimeSTT: realtimestt - WARNING - Audio queue size exceeds latency limit. Current size: 101. Discarding old audio chunks.
2026-09-07 21:28:37.644 - RealTimeSTT: realtimestt - WARNING - Audio queue size exceeds latency limit. Current size: 101. Discarding old audio chunks.
2026-09-07 21:28:37.736 - RealTimeSTT: realtimestt - WARNING - Audio queue size exceeds latency limit. Current size: 101. Discarding old audio chunks.
2026-09-07 21:28:38.800 - RealTimeSTT: realtimestt - WARNING - Audio queue size exceeds latency limit. Current size: 101. Discarding old audio chunks.
2026-09-07 21:28:38.929 - RealTimeSTT: realtimestt - WARNING - Audio queue size exceeds latency limit. Current size: 101. Discarding old audio chunks.
2026-09-07 21:28:39.011 - RealTimeSTT: realtimestt - WARNING - Audio queue size exceeds latency limit. Current size: 101. Discarding old audio chunks.
2026-09-07 21:28:39.401 - RealTimeSTT: realtimestt - WARNING - Audio queue size exceeds latency limit. Current size: 101. Discarding old audio chunks.
2026-09-07 21:28:39.657 - RealTimeSTT: realtimestt - WARNING - Audio queue size exceeds latency limit. Current size: 101. Discarding old audio chunks.
2026-09-07 21:28:39.931 - RealTimeSTT: realtimestt - WARNING - Audio queue size exceeds latency limit. Current size: 101. Discarding old audio chunks.
2026-09-07 21:29:24.310 - RealTimeSTT: realtimestt - WARNING - Audio queue size exceeds latency limit. Current size: 101. Discarding old audio chunks.
2026-09-07 21:29:24.410 - RealTimeSTT: realtimestt - WARNING - Audio queue size exceeds latency limit. Current size: 101. Discarding old audio chunks.
2026-09-07 21:29:24.505 - RealTimeSTT: realtimestt - WARNING - Audio queue size exceeds latency limit. Current size: 101. Discarding old audio chunks.
2026-09-07 21:29:24.577 - RealTimeSTT: realtimestt - WARNING - Audio queue size exceeds latency limit. Current size: 101. Discarding old audio chunks.
2026-09-07 21:29:24.703 - RealTimeSTT: realtimestt - WARNING - Audio queue size exceeds latency limit. Current size: 101. Discarding old audio chunks.
2026-09-07 21:29:24.906 - RealTimeSTT: realtimestt - WARNING - Audio queue size exceeds latency limit. Current size: 101. Discarding old audio chunks.
2026-09-07 21:29:25.391 - RealTimeSTT: realtimestt - WARNING - Audio queue size exceeds latency limit. Current size: 101. Discarding old audio chunks.
2026-09-07 21:29:25.537 - RealTimeSTT: realtimestt - WARNING - Audio queue size exceeds latency limit. Current size: 103. Discarding old audio chunks.
2026-09-07 21:29:25.981 - RealTimeSTT: realtimestt - WARNING - Audio queue size exceeds latency limit. Current size: 101. Discarding old audio chunks.
2026-09-07 21:29:26.047 - RealTimeSTT: realtimestt - WARNING - Audio queue size exceeds latency limit. Current size: 101. Discarding old audio chunks.
2026-09-07 21:29:26.168 - RealTimeSTT: realtimestt - WARNING - Audio queue size exceeds latency limit. Current size: 101. Discarding old audio chunks.
2026-09-07 21:29:26.486 - RealTimeSTT: realtimestt - WARNING - Audio queue size exceeds latency limit. Current size: 101. Discarding old audio chunks.
2026-09-07 21:29:26.613 - RealTimeSTT: realtimestt - WARNING - Audio queue size exceeds latency limit. Current size: 101. Discarding old audio chunks.
2026-09-07 21:29:26.684 - RealTimeSTT: realtimestt - WARNING - Audio queue size exceeds latency limit. Current size: 101. Discarding old audio chunks.
2026-09-07 21:29:26.745 - RealTimeSTT: realtimestt - WARNING - Audio queue size exceeds latency limit. Current size: 101. Discarding old audio chunks.
2026-09-07 21:29:26.864 - RealTimeSTT: realtimestt - WARNING - Audio queue size exceeds latency limit. Current size: 101. Discarding old audio chunks.
2026-09-07 21:29:26.937 - RealTimeSTT: realtimestt - WARNING - Audio queue size exceeds latency limit. Current size: 101. Discarding old audio chunks.
2026-09-07 21:29:26.999 - RealTimeSTT: realtimestt - WARNING - Audio queue size exceeds latency limit. Current size: 101. Discarding old audio chunks.
2026-09-07 21:29:27.185 - RealTimeSTT: realtimestt - WARNING - Audio queue size exceeds latency limit. Current size: 101. Discarding old audio chunks.
2026-09-07 21:29:27.312 - RealTimeSTT: realtimestt - WARNING - Audio queue size exceeds latency limit. Current size: 101. Discarding old audio chunks.
2026-09-07 21:29:27.384 - RealTimeSTT: realtimestt - WARNING - Audio queue size exceeds latency limit. Current size: 101. Discarding old audio chunks.
2026-09-07 21:29:27.633 - RealTimeSTT: realtimestt - WARNING - Audio queue size exceeds latency limit. Current size: 101. Discarding old audio chunks.
2026-09-07 21:29:27.770 - RealTimeSTT: realtimestt - WARNING - Audio queue size exceeds latency limit. Current size: 101. Discarding old audio chunks.
2026-09-07 21:29:27.837 - RealTimeSTT: realtimestt - WARNING - Audio queue size exceeds latency limit. Current size: 101. Discarding old audio chunks.
2026-09-07 21:29:28.097 - RealTimeSTT: realtimestt - WARNING - Audio queue size exceeds latency limit. Current size: 101. Discarding old audio chunks.
2026-09-07 21:29:28.133 - RealTimeSTT: realtimestt - WARNING - Audio queue size exceeds latency limit. Current size: 101. Discarding old audio chunks.
2026-09-07 21:29:28.401 - RealTimeSTT: realtimestt - WARNING - Audio queue size exceeds latency limit. Current size: 101. Discarding old audio chunks.
2026-09-07 21:29:28.564 - RealTimeSTT: realtimestt - WARNING - Audio queue size exceeds latency limit. Current size: 101. Discarding old audio chunks.
2026-09-07 21:29:28.795 - RealTimeSTT: realtimestt - WARNING - Audio queue size exceeds latency limit. Current size: 101. Discarding old audio chunks.
2026-09-07 21:29:29.251 - RealTimeSTT: realtimestt - WARNING - Audio queue size exceeds latency limit. Current size: 101. Discarding old audio chunks.
2026-09-07 21:29:29.312 - RealTimeSTT: realtimestt - WARNING - Audio queue size exceeds latency limit. Current size: 101. Discarding old audio chunks.
2026-09-07 21:29:29.550 - RealTimeSTT: realtimestt - WARNING - Audio queue size exceeds latency limit. Current size: 101. Discarding old audio chunks.
2026-09-07 21:29:29.687 - RealTimeSTT: realtimestt - WARNING - Audio queue size exceeds latency limit. Current size: 101. Discarding old audio chunks.
2026-09-07 21:29:29.803 - RealTimeSTT: realtimestt - WARNING - Audio queue size exceeds latency limit. Current size: 101. Discarding old audio chunks.
2026-09-07 21:29:29.982 - RealTimeSTT: realtimestt - WARNING - Audio queue size exceeds latency limit. Current size: 101. Discarding old audio chunks.
2026-09-07 21:29:30.464 - RealTimeSTT: realtimestt - WARNING - Audio queue size exceeds latency limit. Current size: 101. Discarding old audio chunks.
2026-09-07 21:29:30.703 - RealTimeSTT: realtimestt - WARNING - Audio queue size exceeds latency limit. Current size: 101. Discarding old audio chunks.
2026-09-07 21:29:30.780 - RealTimeSTT: realtimestt - WARNING - Audio queue size exceeds latency limit. Current size: 101. Discarding old audio chunks.
2026-09-07 21:29:30.981 - RealTimeSTT: realtimestt - WARNING - Audio queue size exceeds latency limit. Current size: 101. Discarding old audio chunks.
2026-09-07 21:29:31.064 - RealTimeSTT: realtimestt - DEBUG - Receive from stdout pipe
2026-09-07 21:29:31.070 - RealTimeSTT: realtimestt - INFO - None
2026-09-07 21:36:45.229 - RealTimeSTT: realtimestt - INFO - Starting RealTimeSTT
2026-09-07 21:36:45.293 - RealTimeSTT: realtimestt - INFO - Initializing audio recording (creating pyAudio input stream, sample rate: 16000 buffer size: 512
2026-09-07 21:36:45.336 - RealTimeSTT: realtimestt - INFO - Initializing WebRTC voice with Sensitivity 3
2026-09-07 21:36:45.336 - RealTimeSTT: realtimestt - DEBUG - WebRTC VAD voice activity detection engine initialized successfully
2026-09-07 21:36:45.512 - RealTimeSTT: realtimestt - DEBUG - Silero VAD voice activity detection engine initialized successfully with backend raw_onnx_ifless
2026-09-07 21:36:45.518 - RealTimeSTT: realtimestt - DEBUG - Starting realtime worker
2026-09-07 21:36:45.518 - RealTimeSTT: realtimestt - DEBUG - Waiting for main transcription model to start
2026-09-07 21:36:45.518 - RealTimeSTT: realtimestt - DEBUG - Realtime transcription disabled; realtime worker exits
2026-09-07 21:37:23.254 - RealTimeSTT: realtimestt - INFO - Starting RealTimeSTT
2026-09-07 21:37:23.319 - RealTimeSTT: realtimestt - INFO - Initializing audio recording (creating pyAudio input stream, sample rate: 16000 buffer size: 512
2026-09-07 21:37:23.357 - RealTimeSTT: realtimestt - INFO - Initializing WebRTC voice with Sensitivity 3
2026-09-07 21:37:23.357 - RealTimeSTT: realtimestt - DEBUG - WebRTC VAD voice activity detection engine initialized successfully
2026-09-07 21:37:23.498 - RealTimeSTT: realtimestt - DEBUG - Silero VAD voice activity detection engine initialized successfully with backend raw_onnx_ifless
2026-09-07 21:37:23.503 - RealTimeSTT: realtimestt - DEBUG - Starting realtime worker
2026-09-07 21:37:23.503 - RealTimeSTT: realtimestt - DEBUG - Waiting for main transcription model to start
2026-09-07 21:37:23.503 - RealTimeSTT: realtimestt - DEBUG - Realtime transcription disabled; realtime worker exits
2026-09-07 21:37:40.847 - RealTimeSTT: realtimestt - DEBUG - Main transcription model ready
2026-09-07 21:37:40.849 - RealTimeSTT: realtimestt - DEBUG - RealtimeSTT initialization completed successfully
2026-09-07 21:38:06.195 - RealTimeSTT: realtimestt - INFO - Starting RealTimeSTT
2026-09-07 21:38:06.264 - RealTimeSTT: realtimestt - INFO - Initializing audio recording (creating pyAudio input stream, sample rate: 16000 buffer size: 512
2026-09-07 21:38:06.305 - RealTimeSTT: realtimestt - INFO - Initializing WebRTC voice with Sensitivity 3
2026-09-07 21:38:06.305 - RealTimeSTT: realtimestt - DEBUG - WebRTC VAD voice activity detection engine initialized successfully
2026-09-07 21:38:06.453 - RealTimeSTT: realtimestt - DEBUG - Silero VAD voice activity detection engine initialized successfully with backend raw_onnx_ifless
2026-09-07 21:38:06.458 - RealTimeSTT: realtimestt - DEBUG - Starting realtime worker
2026-09-07 21:38:06.458 - RealTimeSTT: realtimestt - DEBUG - Waiting for main transcription model to start
2026-09-07 21:38:06.458 - RealTimeSTT: realtimestt - DEBUG - Realtime transcription disabled; realtime worker exits
2026-09-07 21:38:23.255 - RealTimeSTT: realtimestt - DEBUG - Main transcription model ready
2026-09-07 21:38:23.257 - RealTimeSTT: realtimestt - DEBUG - RealtimeSTT initialization completed successfully
2026-09-07 21:39:28.031 - RealTimeSTT: realtimestt - INFO - Starting RealTimeSTT
2026-09-07 21:39:28.090 - RealTimeSTT: realtimestt - INFO - Initializing audio recording (creating pyAudio input stream, sample rate: 16000 buffer size: 512
2026-09-07 21:39:28.128 - RealTimeSTT: realtimestt - INFO - Initializing WebRTC voice with Sensitivity 3
2026-09-07 21:39:28.128 - RealTimeSTT: realtimestt - DEBUG - WebRTC VAD voice activity detection engine initialized successfully
2026-09-07 21:39:28.300 - RealTimeSTT: realtimestt - DEBUG - Silero VAD voice activity detection engine initialized successfully with backend raw_onnx_ifless
2026-09-07 21:39:28.304 - RealTimeSTT: realtimestt - DEBUG - Starting realtime worker
2026-09-07 21:39:28.304 - RealTimeSTT: realtimestt - DEBUG - Waiting for main transcription model to start
2026-09-07 21:39:28.304 - RealTimeSTT: realtimestt - DEBUG - Realtime transcription disabled; realtime worker exits
2026-09-07 21:39:46.677 - RealTimeSTT: realtimestt - DEBUG - Main transcription model ready
2026-09-07 21:39:46.678 - RealTimeSTT: realtimestt - DEBUG - RealtimeSTT initialization completed successfully
2026-09-07 21:40:00.694 - RealTimeSTT: realtimestt - DEBUG - Receive from stdout pipe
2026-09-07 21:40:00.733 - RealTimeSTT: realtimestt - INFO - None
2026-09-07 21:40:15.408 - RealTimeSTT: realtimestt - INFO - Starting RealTimeSTT
2026-09-07 21:40:15.465 - RealTimeSTT: realtimestt - INFO - Initializing audio recording (creating pyAudio input stream, sample rate: 16000 buffer size: 512
2026-09-07 21:40:15.507 - RealTimeSTT: realtimestt - INFO - Initializing WebRTC voice with Sensitivity 3
2026-09-07 21:40:15.507 - RealTimeSTT: realtimestt - DEBUG - WebRTC VAD voice activity detection engine initialized successfully
2026-09-07 21:40:15.667 - RealTimeSTT: realtimestt - DEBUG - Silero VAD voice activity detection engine initialized successfully with backend raw_onnx_ifless
2026-09-07 21:40:15.673 - RealTimeSTT: realtimestt - DEBUG - Starting realtime worker
2026-09-07 21:40:15.673 - RealTimeSTT: realtimestt - DEBUG - Waiting for main transcription model to start
2026-09-07 21:40:15.673 - RealTimeSTT: realtimestt - DEBUG - Realtime transcription disabled; realtime worker exits
2026-09-07 21:40:33.962 - RealTimeSTT: realtimestt - DEBUG - Main transcription model ready
2026-09-07 21:40:33.964 - RealTimeSTT: realtimestt - DEBUG - RealtimeSTT initialization completed successfully
2026-09-07 21:40:56.329 - RealTimeSTT: realtimestt - DEBUG - Receive from stdout pipe
2026-09-07 21:40:56.346 - RealTimeSTT: realtimestt - INFO - None
2026-09-07 21:43:58.342 - RealTimeSTT: realtimestt - INFO - Starting RealTimeSTT
2026-09-07 21:43:58.381 - RealTimeSTT: realtimestt - INFO - Initializing audio recording (creating pyAudio input stream, sample rate: 16000 buffer size: 512
2026-09-07 21:43:58.407 - RealTimeSTT: realtimestt - INFO - Initializing WebRTC voice with Sensitivity 3
2026-09-07 21:43:58.407 - RealTimeSTT: realtimestt - DEBUG - WebRTC VAD voice activity detection engine initialized successfully
2026-09-07 21:43:58.503 - RealTimeSTT: realtimestt - DEBUG - Silero VAD voice activity detection engine initialized successfully with backend raw_onnx_ifless
2026-09-07 21:43:58.506 - RealTimeSTT: realtimestt - DEBUG - Starting realtime worker
2026-09-07 21:43:58.506 - RealTimeSTT: realtimestt - DEBUG - Waiting for main transcription model to start
2026-09-07 21:43:58.506 - RealTimeSTT: realtimestt - DEBUG - Realtime transcription disabled; realtime worker exits
2026-09-07 21:44:17.110 - RealTimeSTT: realtimestt - DEBUG - Main transcription model ready
2026-09-07 21:44:17.112 - RealTimeSTT: realtimestt - DEBUG - RealtimeSTT initialization completed successfully
2026-09-07 21:45:06.371 - RealTimeSTT: realtimestt - INFO - Starting RealTimeSTT
2026-09-07 21:45:06.434 - RealTimeSTT: realtimestt - INFO - Initializing audio recording (creating pyAudio input stream, sample rate: 16000 buffer size: 512
2026-09-07 21:45:06.475 - RealTimeSTT: realtimestt - INFO - Initializing WebRTC voice with Sensitivity 3
2026-09-07 21:45:06.475 - RealTimeSTT: realtimestt - DEBUG - WebRTC VAD voice activity detection engine initialized successfully
2026-09-07 21:45:06.621 - RealTimeSTT: realtimestt - DEBUG - Silero VAD voice activity detection engine initialized successfully with backend raw_onnx_ifless
2026-09-07 21:45:06.625 - RealTimeSTT: realtimestt - DEBUG - Starting realtime worker
2026-09-07 21:45:06.625 - RealTimeSTT: realtimestt - DEBUG - Waiting for main transcription model to start
2026-09-07 21:45:06.625 - RealTimeSTT: realtimestt - DEBUG - Realtime transcription disabled; realtime worker exits
2026-09-07 21:45:25.077 - RealTimeSTT: realtimestt - DEBUG - Main transcription model ready
2026-09-07 21:45:25.078 - RealTimeSTT: realtimestt - DEBUG - RealtimeSTT initialization completed successfully
2026-09-07 21:45:32.593 - RealTimeSTT: realtimestt - DEBUG - Receive from stdout pipe
2026-09-07 21:45:32.604 - RealTimeSTT: realtimestt - INFO - None
2026-09-07 21:46:04.498 - RealTimeSTT: realtimestt - INFO - Starting RealTimeSTT
2026-09-07 21:46:04.553 - RealTimeSTT: realtimestt - INFO - Initializing audio recording (creating pyAudio input stream, sample rate: 16000 buffer size: 512
2026-09-07 21:46:04.589 - RealTimeSTT: realtimestt - INFO - Initializing WebRTC voice with Sensitivity 3
2026-09-07 21:46:04.589 - RealTimeSTT: realtimestt - DEBUG - WebRTC VAD voice activity detection engine initialized successfully
2026-09-07 21:46:04.715 - RealTimeSTT: realtimestt - DEBUG - Silero VAD voice activity detection engine initialized successfully with backend raw_onnx_ifless
2026-09-07 21:46:04.718 - RealTimeSTT: realtimestt - DEBUG - Starting realtime worker
2026-09-07 21:46:04.718 - RealTimeSTT: realtimestt - DEBUG - Waiting for main transcription model to start
2026-09-07 21:46:04.718 - RealTimeSTT: realtimestt - DEBUG - Realtime transcription disabled; realtime worker exits
2026-09-07 21:47:27.430 - RealTimeSTT: realtimestt - INFO - Starting RealTimeSTT
2026-09-07 21:47:27.468 - RealTimeSTT: realtimestt - INFO - Initializing audio recording (creating pyAudio input stream, sample rate: 16000 buffer size: 512
2026-09-07 21:47:27.493 - RealTimeSTT: realtimestt - INFO - Initializing WebRTC voice with Sensitivity 3
2026-09-07 21:47:27.493 - RealTimeSTT: realtimestt - DEBUG - WebRTC VAD voice activity detection engine initialized successfully
2026-09-07 21:47:27.584 - RealTimeSTT: realtimestt - DEBUG - Silero VAD voice activity detection engine initialized successfully with backend raw_onnx_ifless
2026-09-07 21:47:27.587 - RealTimeSTT: realtimestt - DEBUG - Starting realtime worker
2026-09-07 21:47:27.587 - RealTimeSTT: realtimestt - DEBUG - Waiting for main transcription model to start
2026-09-07 21:47:27.587 - RealTimeSTT: realtimestt - DEBUG - Realtime transcription disabled; realtime worker exits
2026-09-07 21:47:46.293 - RealTimeSTT: realtimestt - DEBUG - Main transcription model ready
2026-09-07 21:47:46.294 - RealTimeSTT: realtimestt - DEBUG - RealtimeSTT initialization completed successfully
2026-09-07 21:47:51.550 - RealTimeSTT: realtimestt - DEBUG - Receive from stdout pipe
2026-09-07 21:47:51.572 - RealTimeSTT: realtimestt - INFO - None
2026-09-07 21:48:40.921 - RealTimeSTT: realtimestt - INFO - Starting RealTimeSTT
2026-09-07 21:48:40.975 - RealTimeSTT: realtimestt - INFO - Initializing audio recording (creating pyAudio input stream, sample rate: 16000 buffer size: 512
2026-09-07 21:48:41.008 - RealTimeSTT: realtimestt - INFO - Initializing WebRTC voice with Sensitivity 3
2026-09-07 21:48:41.009 - RealTimeSTT: realtimestt - DEBUG - WebRTC VAD voice activity detection engine initialized successfully
2026-09-07 21:48:41.152 - RealTimeSTT: realtimestt - DEBUG - Silero VAD voice activity detection engine initialized successfully with backend raw_onnx_ifless
2026-09-07 21:48:41.156 - RealTimeSTT: realtimestt - DEBUG - Starting realtime worker
2026-09-07 21:48:41.156 - RealTimeSTT: realtimestt - DEBUG - Waiting for main transcription model to start
2026-09-07 21:48:41.157 - RealTimeSTT: realtimestt - DEBUG - Realtime transcription disabled; realtime worker exits
2026-09-07 21:49:43.965 - RealTimeSTT: realtimestt - INFO - Starting RealTimeSTT
2026-09-07 21:49:44.019 - RealTimeSTT: realtimestt - INFO - Initializing audio recording (creating pyAudio input stream, sample rate: 16000 buffer size: 512
2026-09-07 21:49:44.055 - RealTimeSTT: realtimestt - INFO - Initializing WebRTC voice with Sensitivity 3
2026-09-07 21:49:44.056 - RealTimeSTT: realtimestt - DEBUG - WebRTC VAD voice activity detection engine initialized successfully
2026-09-07 21:49:44.195 - RealTimeSTT: realtimestt - DEBUG - Silero VAD voice activity detection engine initialized successfully with backend raw_onnx_ifless
2026-09-07 21:49:44.199 - RealTimeSTT: realtimestt - DEBUG - Starting realtime worker
2026-09-07 21:49:44.199 - RealTimeSTT: realtimestt - DEBUG - Waiting for main transcription model to start
2026-09-07 21:49:44.199 - RealTimeSTT: realtimestt - DEBUG - Realtime transcription disabled; realtime worker exits
2026-09-07 21:51:11.261 - RealTimeSTT: realtimestt - INFO - Starting RealTimeSTT
2026-09-07 21:51:11.316 - RealTimeSTT: realtimestt - INFO - Initializing audio recording (creating pyAudio input stream, sample rate: 16000 buffer size: 512
2026-09-07 21:51:11.352 - RealTimeSTT: realtimestt - INFO - Initializing WebRTC voice with Sensitivity 3
2026-09-07 21:51:11.353 - RealTimeSTT: realtimestt - DEBUG - WebRTC VAD voice activity detection engine initialized successfully
2026-09-07 21:51:11.500 - RealTimeSTT: realtimestt - DEBUG - Silero VAD voice activity detection engine initialized successfully with backend raw_onnx_ifless
2026-09-07 21:51:11.503 - RealTimeSTT: realtimestt - DEBUG - Starting realtime worker
2026-09-07 21:51:11.504 - RealTimeSTT: realtimestt - DEBUG - Waiting for main transcription model to start
2026-09-07 21:51:11.504 - RealTimeSTT: realtimestt - DEBUG - Realtime transcription disabled; realtime worker exits
2026-09-07 21:52:06.285 - RealTimeSTT: realtimestt - INFO - Starting RealTimeSTT
2026-09-07 21:52:06.341 - RealTimeSTT: realtimestt - INFO - Initializing audio recording (creating pyAudio input stream, sample rate: 16000 buffer size: 512
2026-09-07 21:52:06.379 - RealTimeSTT: realtimestt - INFO - Initializing WebRTC voice with Sensitivity 3
2026-09-07 21:52:06.379 - RealTimeSTT: realtimestt - DEBUG - WebRTC VAD voice activity detection engine initialized successfully
2026-09-07 21:52:06.512 - RealTimeSTT: realtimestt - DEBUG - Silero VAD voice activity detection engine initialized successfully with backend raw_onnx_ifless
2026-09-07 21:52:06.517 - RealTimeSTT: realtimestt - DEBUG - Starting realtime worker
2026-09-07 21:52:06.517 - RealTimeSTT: realtimestt - DEBUG - Waiting for main transcription model to start
2026-09-07 21:52:06.517 - RealTimeSTT: realtimestt - DEBUG - Realtime transcription disabled; realtime worker exits
2026-09-07 21:52:25.699 - RealTimeSTT: realtimestt - DEBUG - Main transcription model ready
2026-09-07 21:52:25.700 - RealTimeSTT: realtimestt - DEBUG - RealtimeSTT initialization completed successfully
2026-09-07 21:52:37.203 - RealTimeSTT: realtimestt - INFO - Setting listen time
2026-09-07 21:52:37.204 - RealTimeSTT: realtimestt - INFO - State changed from 'inactive' to 'listening'
2026-09-07 21:52:37.214 - RealTimeSTT: realtimestt - DEBUG - Waiting for recording start
2026-09-07 21:52:39.188 - RealTimeSTT: realtimestt - INFO - voice activity detected
2026-09-07 21:52:39.189 - RealTimeSTT: realtimestt - INFO - recording started
2026-09-07 21:52:39.189 - RealTimeSTT: realtimestt - INFO - State changed from 'listening' to 'recording'
2026-09-07 21:52:39.189 - RealTimeSTT: realtimestt - DEBUG - Waiting for recording stop
2026-09-07 21:52:40.598 - RealTimeSTT: realtimestt - INFO - recording stopped
2026-09-07 21:52:40.602 - RealTimeSTT: realtimestt - DEBUG - No samples removed, final audio length: 38912
2026-09-07 21:52:40.602 - RealTimeSTT: realtimestt - INFO - State changed from 'recording' to 'inactive'
2026-09-07 21:52:40.630 - RealTimeSTT: realtimestt - INFO - State changed from 'inactive' to 'transcribing'
2026-09-07 21:52:40.636 - RealTimeSTT: realtimestt - DEBUG - Adding transcription request, no early transcription started
2026-09-07 21:52:40.637 - RealTimeSTT: realtimestt - DEBUG - Receive from parent_transcription_pipe after sendiung transcription request, transcribe_count: 1
2026-09-07 21:52:40.738 - RealTimeSTT: realtimestt - DEBUG - Receive from parent_transcription_pipe after sendiung transcription request, transcribe_count: 1
2026-09-07 21:52:40.839 - RealTimeSTT: realtimestt - DEBUG - Receive from parent_transcription_pipe after sendiung transcription request, transcribe_count: 1
2026-09-07 21:52:40.940 - RealTimeSTT: realtimestt - DEBUG - Receive from parent_transcription_pipe after sendiung transcription request, transcribe_count: 1
2026-09-07 21:52:41.040 - RealTimeSTT: realtimestt - DEBUG - Receive from parent_transcription_pipe after sendiung transcription request, transcribe_count: 1
2026-09-07 21:52:41.141 - RealTimeSTT: realtimestt - DEBUG - Receive from parent_transcription_pipe after sendiung transcription request, transcribe_count: 1
2026-09-07 21:52:41.243 - RealTimeSTT: realtimestt - DEBUG - Receive from parent_transcription_pipe after sendiung transcription request, transcribe_count: 1
2026-09-07 21:52:41.344 - RealTimeSTT: realtimestt - DEBUG - Receive from parent_transcription_pipe after sendiung transcription request, transcribe_count: 1
2026-09-07 21:52:41.445 - RealTimeSTT: realtimestt - DEBUG - Receive from parent_transcription_pipe after sendiung transcription request, transcribe_count: 1
2026-09-07 21:52:41.546 - RealTimeSTT: realtimestt - DEBUG - Receive from parent_transcription_pipe after sendiung transcription request, transcribe_count: 1
2026-09-07 21:52:41.562 - RealTimeSTT: realtimestt - INFO - State changed from 'transcribing' to 'inactive'
2026-09-07 21:52:41.600 - RealTimeSTT: realtimestt - DEBUG - Model tiny completed transcription in 0.96 seconds
2026-09-07 21:52:41.602 - RealTimeSTT: realtimestt - INFO - Setting listen time
2026-09-07 21:52:41.602 - RealTimeSTT: realtimestt - INFO - State changed from 'inactive' to 'listening'
2026-09-07 21:52:41.607 - RealTimeSTT: realtimestt - DEBUG - Waiting for recording start
2026-09-07 21:52:44.118 - RealTimeSTT: realtimestt - INFO - voice activity detected
2026-09-07 21:52:44.118 - RealTimeSTT: realtimestt - INFO - recording started
2026-09-07 21:52:44.118 - RealTimeSTT: realtimestt - INFO - State changed from 'listening' to 'recording'
2026-09-07 21:52:44.118 - RealTimeSTT: realtimestt - DEBUG - Waiting for recording stop
2026-09-07 21:52:45.268 - RealTimeSTT: realtimestt - INFO - recording stopped
2026-09-07 21:52:45.271 - RealTimeSTT: realtimestt - DEBUG - No samples removed, final audio length: 34816
2026-09-07 21:52:45.271 - RealTimeSTT: realtimestt - INFO - State changed from 'recording' to 'inactive'
2026-09-07 21:52:45.369 - RealTimeSTT: realtimestt - INFO - State changed from 'inactive' to 'transcribing'
2026-09-07 21:52:45.374 - RealTimeSTT: realtimestt - DEBUG - Adding transcription request, no early transcription started
2026-09-07 21:52:45.388 - RealTimeSTT: realtimestt - DEBUG - Receive from parent_transcription_pipe after sendiung transcription request, transcribe_count: 1
2026-09-07 21:52:45.489 - RealTimeSTT: realtimestt - DEBUG - Receive from parent_transcription_pipe after sendiung transcription request, transcribe_count: 1
2026-09-07 21:52:45.590 - RealTimeSTT: realtimestt - DEBUG - Receive from parent_transcription_pipe after sendiung transcription request, transcribe_count: 1
2026-09-07 21:52:45.691 - RealTimeSTT: realtimestt - DEBUG - Receive from parent_transcription_pipe after sendiung transcription request, transcribe_count: 1
2026-09-07 21:52:45.791 - RealTimeSTT: realtimestt - DEBUG - Receive from parent_transcription_pipe after sendiung transcription request, transcribe_count: 1
2026-09-07 21:52:45.892 - RealTimeSTT: realtimestt - DEBUG - Receive from parent_transcription_pipe after sendiung transcription request, transcribe_count: 1
2026-09-07 21:52:45.993 - RealTimeSTT: realtimestt - DEBUG - Receive from parent_transcription_pipe after sendiung transcription request, transcribe_count: 1
2026-09-07 21:52:46.094 - RealTimeSTT: realtimestt - DEBUG - Receive from parent_transcription_pipe after sendiung transcription request, transcribe_count: 1
2026-09-07 21:52:46.194 - RealTimeSTT: realtimestt - DEBUG - Receive from parent_transcription_pipe after sendiung transcription request, transcribe_count: 1
2026-09-07 21:52:46.266 - RealTimeSTT: realtimestt - INFO - State changed from 'transcribing' to 'inactive'
2026-09-07 21:52:46.286 - RealTimeSTT: realtimestt - DEBUG - Model tiny completed transcription in 0.91 seconds
2026-09-07 21:52:46.288 - RealTimeSTT: realtimestt - INFO - Setting listen time
2026-09-07 21:52:46.288 - RealTimeSTT: realtimestt - INFO - State changed from 'inactive' to 'listening'
2026-09-07 21:52:46.291 - RealTimeSTT: realtimestt - DEBUG - Waiting for recording start
2026-09-07 21:52:49.498 - RealTimeSTT: realtimestt - INFO - voice activity detected
2026-09-07 21:52:49.499 - RealTimeSTT: realtimestt - INFO - recording started
2026-09-07 21:52:49.499 - RealTimeSTT: realtimestt - INFO - State changed from 'listening' to 'recording'
2026-09-07 21:52:49.499 - RealTimeSTT: realtimestt - DEBUG - Waiting for recording stop
2026-09-07 21:52:50.648 - RealTimeSTT: realtimestt - INFO - recording stopped
2026-09-07 21:52:50.650 - RealTimeSTT: realtimestt - DEBUG - No samples removed, final audio length: 34816
2026-09-07 21:52:50.650 - RealTimeSTT: realtimestt - INFO - State changed from 'recording' to 'inactive'
2026-09-07 21:52:50.655 - RealTimeSTT: realtimestt - INFO - State changed from 'inactive' to 'transcribing'
2026-09-07 21:52:50.659 - RealTimeSTT: realtimestt - DEBUG - Adding transcription request, no early transcription started
2026-09-07 21:52:50.675 - RealTimeSTT: realtimestt - DEBUG - Receive from parent_transcription_pipe after sendiung transcription request, transcribe_count: 1
2026-09-07 21:52:50.776 - RealTimeSTT: realtimestt - DEBUG - Receive from parent_transcription_pipe after sendiung transcription request, transcribe_count: 1
2026-09-07 21:52:50.878 - RealTimeSTT: realtimestt - DEBUG - Receive from parent_transcription_pipe after sendiung transcription request, transcribe_count: 1
2026-09-07 21:52:50.979 - RealTimeSTT: realtimestt - DEBUG - Receive from parent_transcription_pipe after sendiung transcription request, transcribe_count: 1
2026-09-07 21:52:51.080 - RealTimeSTT: realtimestt - DEBUG - Receive from parent_transcription_pipe after sendiung transcription request, transcribe_count: 1
2026-09-07 21:52:51.181 - RealTimeSTT: realtimestt - DEBUG - Receive from parent_transcription_pipe after sendiung transcription request, transcribe_count: 1
2026-09-07 21:52:51.282 - RealTimeSTT: realtimestt - DEBUG - Receive from parent_transcription_pipe after sendiung transcription request, transcribe_count: 1
2026-09-07 21:52:51.383 - RealTimeSTT: realtimestt - DEBUG - Receive from parent_transcription_pipe after sendiung transcription request, transcribe_count: 1
2026-09-07 21:52:51.484 - RealTimeSTT: realtimestt - DEBUG - Receive from parent_transcription_pipe after sendiung transcription request, transcribe_count: 1
2026-09-07 21:52:51.552 - RealTimeSTT: realtimestt - INFO - State changed from 'transcribing' to 'inactive'
2026-09-07 21:52:51.572 - RealTimeSTT: realtimestt - DEBUG - Model tiny completed transcription in 0.91 seconds
2026-09-07 21:54:02.251 - RealTimeSTT: realtimestt - INFO - Starting RealTimeSTT
2026-09-07 21:54:02.308 - RealTimeSTT: realtimestt - INFO - Initializing audio recording (creating pyAudio input stream, sample rate: 16000 buffer size: 512
2026-09-07 21:54:02.352 - RealTimeSTT: realtimestt - INFO - Initializing WebRTC voice with Sensitivity 3
2026-09-07 21:54:02.352 - RealTimeSTT: realtimestt - DEBUG - WebRTC VAD voice activity detection engine initialized successfully
2026-09-07 21:54:02.512 - RealTimeSTT: realtimestt - DEBUG - Silero VAD voice activity detection engine initialized successfully with backend raw_onnx_ifless
2026-09-07 21:54:02.516 - RealTimeSTT: realtimestt - DEBUG - Starting realtime worker
2026-09-07 21:54:02.516 - RealTimeSTT: realtimestt - DEBUG - Waiting for main transcription model to start
2026-09-07 21:54:02.516 - RealTimeSTT: realtimestt - DEBUG - Realtime transcription disabled; realtime worker exits
2026-09-07 21:54:22.057 - RealTimeSTT: realtimestt - DEBUG - Main transcription model ready
2026-09-07 21:54:22.058 - RealTimeSTT: realtimestt - DEBUG - RealtimeSTT initialization completed successfully
2026-09-07 21:54:23.175 - RealTimeSTT: realtimestt - INFO - Setting listen time
2026-09-07 21:54:23.175 - RealTimeSTT: realtimestt - INFO - State changed from 'inactive' to 'listening'
2026-09-07 21:54:23.182 - RealTimeSTT: realtimestt - DEBUG - Waiting for recording start
2026-09-07 21:54:30.651 - RealTimeSTT: realtimestt - INFO - voice activity detected
2026-09-07 21:54:30.651 - RealTimeSTT: realtimestt - INFO - recording started
2026-09-07 21:54:30.651 - RealTimeSTT: realtimestt - INFO - State changed from 'listening' to 'recording'
2026-09-07 21:54:30.651 - RealTimeSTT: realtimestt - DEBUG - Waiting for recording stop
2026-09-07 21:54:31.871 - RealTimeSTT: realtimestt - INFO - recording stopped
2026-09-07 21:54:31.874 - RealTimeSTT: realtimestt - DEBUG - No samples removed, final audio length: 35840
2026-09-07 21:54:31.874 - RealTimeSTT: realtimestt - INFO - State changed from 'recording' to 'inactive'
2026-09-07 21:54:31.913 - RealTimeSTT: realtimestt - INFO - State changed from 'inactive' to 'transcribing'
2026-09-07 21:54:31.916 - RealTimeSTT: realtimestt - DEBUG - Adding transcription request, no early transcription started
2026-09-07 21:54:31.935 - RealTimeSTT: realtimestt - DEBUG - Receive from parent_transcription_pipe after sendiung transcription request, transcribe_count: 1
2026-09-07 21:54:32.037 - RealTimeSTT: realtimestt - DEBUG - Receive from parent_transcription_pipe after sendiung transcription request, transcribe_count: 1
2026-09-07 21:54:32.138 - RealTimeSTT: realtimestt - DEBUG - Receive from parent_transcription_pipe after sendiung transcription request, transcribe_count: 1
2026-09-07 21:54:32.238 - RealTimeSTT: realtimestt - DEBUG - Receive from parent_transcription_pipe after sendiung transcription request, transcribe_count: 1
2026-09-07 21:54:32.338 - RealTimeSTT: realtimestt - DEBUG - Receive from parent_transcription_pipe after sendiung transcription request, transcribe_count: 1
2026-09-07 21:54:32.440 - RealTimeSTT: realtimestt - DEBUG - Receive from parent_transcription_pipe after sendiung transcription request, transcribe_count: 1
2026-09-07 21:54:32.540 - RealTimeSTT: realtimestt - DEBUG - Receive from parent_transcription_pipe after sendiung transcription request, transcribe_count: 1
2026-09-07 21:54:32.641 - RealTimeSTT: realtimestt - DEBUG - Receive from parent_transcription_pipe after sendiung transcription request, transcribe_count: 1
2026-09-07 21:54:32.742 - RealTimeSTT: realtimestt - DEBUG - Receive from parent_transcription_pipe after sendiung transcription request, transcribe_count: 1
2026-09-07 21:54:32.825 - RealTimeSTT: realtimestt - INFO - State changed from 'transcribing' to 'inactive'
2026-09-07 21:54:32.829 - RealTimeSTT: realtimestt - DEBUG - Model tiny completed transcription in 0.91 seconds
2026-09-07 21:54:54.263 - RealTimeSTT: realtimestt - DEBUG - Receive from stdout pipe
2026-09-07 21:54:54.302 - RealTimeSTT: realtimestt - INFO - None
2026-09-07 21:58:07.341 - RealTimeSTT: realtimestt - INFO - Starting RealTimeSTT
2026-09-07 21:58:07.383 - RealTimeSTT: realtimestt - INFO - Initializing audio recording (creating pyAudio input stream, sample rate: 16000 buffer size: 512
2026-09-07 21:58:07.411 - RealTimeSTT: realtimestt - INFO - Initializing WebRTC voice with Sensitivity 3
2026-09-07 21:58:07.411 - RealTimeSTT: realtimestt - DEBUG - WebRTC VAD voice activity detection engine initialized successfully
2026-09-07 21:58:07.521 - RealTimeSTT: realtimestt - DEBUG - Silero VAD voice activity detection engine initialized successfully with backend raw_onnx_ifless
2026-09-07 21:58:07.529 - RealTimeSTT: realtimestt - DEBUG - Starting realtime worker
2026-09-07 21:58:07.529 - RealTimeSTT: realtimestt - DEBUG - Waiting for main transcription model to start
2026-09-07 21:58:07.529 - RealTimeSTT: realtimestt - DEBUG - Realtime transcription disabled; realtime worker exits
2026-09-07 21:58:26.072 - RealTimeSTT: realtimestt - DEBUG - Main transcription model ready
2026-09-07 21:58:26.073 - RealTimeSTT: realtimestt - DEBUG - RealtimeSTT initialization completed successfully
2026-09-07 21:58:27.132 - RealTimeSTT: realtimestt - INFO - Setting listen time
2026-09-07 21:58:27.132 - RealTimeSTT: realtimestt - INFO - State changed from 'inactive' to 'listening'
2026-09-07 21:58:27.136 - RealTimeSTT: realtimestt - DEBUG - Waiting for recording start
2026-09-07 21:58:28.492 - RealTimeSTT: realtimestt - INFO - voice activity detected
2026-09-07 21:58:28.492 - RealTimeSTT: realtimestt - INFO - recording started
2026-09-07 21:58:28.492 - RealTimeSTT: realtimestt - INFO - State changed from 'listening' to 'recording'
2026-09-07 21:58:28.492 - RealTimeSTT: realtimestt - DEBUG - Waiting for recording stop
2026-09-07 21:58:31.501 - RealTimeSTT: realtimestt - INFO - recording stopped
2026-09-07 21:58:31.506 - RealTimeSTT: realtimestt - DEBUG - No samples removed, final audio length: 64512
2026-09-07 21:58:31.506 - RealTimeSTT: realtimestt - INFO - State changed from 'recording' to 'inactive'
2026-09-07 21:58:31.557 - RealTimeSTT: realtimestt - INFO - State changed from 'inactive' to 'transcribing'
2026-09-07 21:58:31.560 - RealTimeSTT: realtimestt - DEBUG - Adding transcription request, no early transcription started
2026-09-07 21:58:31.561 - RealTimeSTT: realtimestt - DEBUG - Receive from parent_transcription_pipe after sendiung transcription request, transcribe_count: 1
2026-09-07 21:58:31.662 - RealTimeSTT: realtimestt - DEBUG - Receive from parent_transcription_pipe after sendiung transcription request, transcribe_count: 1
2026-09-07 21:58:31.763 - RealTimeSTT: realtimestt - DEBUG - Receive from parent_transcription_pipe after sendiung transcription request, transcribe_count: 1
2026-09-07 21:58:31.864 - RealTimeSTT: realtimestt - DEBUG - Receive from parent_transcription_pipe after sendiung transcription request, transcribe_count: 1
2026-09-07 21:58:31.965 - RealTimeSTT: realtimestt - DEBUG - Receive from parent_transcription_pipe after sendiung transcription request, transcribe_count: 1
2026-09-07 21:58:32.067 - RealTimeSTT: realtimestt - DEBUG - Receive from parent_transcription_pipe after sendiung transcription request, transcribe_count: 1
2026-09-07 21:58:32.169 - RealTimeSTT: realtimestt - DEBUG - Receive from parent_transcription_pipe after sendiung transcription request, transcribe_count: 1
2026-09-07 21:58:32.270 - RealTimeSTT: realtimestt - DEBUG - Receive from parent_transcription_pipe after sendiung transcription request, transcribe_count: 1
2026-09-07 21:58:32.370 - RealTimeSTT: realtimestt - DEBUG - Receive from parent_transcription_pipe after sendiung transcription request, transcribe_count: 1
2026-09-07 21:58:32.471 - RealTimeSTT: realtimestt - DEBUG - Receive from parent_transcription_pipe after sendiung transcription request, transcribe_count: 1
2026-09-07 21:58:32.543 - RealTimeSTT: realtimestt - INFO - State changed from 'transcribing' to 'inactive'
2026-09-07 21:58:32.576 - RealTimeSTT: realtimestt - DEBUG - Model tiny completed transcription in 1.02 seconds
2026-09-07 21:58:32.578 - RealTimeSTT: realtimestt - INFO - Setting listen time
2026-09-07 21:58:32.578 - RealTimeSTT: realtimestt - INFO - State changed from 'inactive' to 'listening'
2026-09-07 21:58:32.581 - RealTimeSTT: realtimestt - DEBUG - Waiting for recording start
2026-09-07 21:58:33.931 - RealTimeSTT: realtimestt - INFO - voice activity detected
2026-09-07 21:58:33.932 - RealTimeSTT: realtimestt - INFO - recording started
2026-09-07 21:58:33.932 - RealTimeSTT: realtimestt - INFO - State changed from 'listening' to 'recording'
2026-09-07 21:58:33.932 - RealTimeSTT: realtimestt - DEBUG - Waiting for recording stop
2026-09-07 21:58:35.792 - RealTimeSTT: realtimestt - INFO - recording stopped
2026-09-07 21:58:35.797 - RealTimeSTT: realtimestt - DEBUG - No samples removed, final audio length: 46080
2026-09-07 21:58:35.797 - RealTimeSTT: realtimestt - INFO - State changed from 'recording' to 'inactive'
2026-09-07 21:58:35.898 - RealTimeSTT: realtimestt - INFO - State changed from 'inactive' to 'transcribing'
2026-09-07 21:58:35.901 - RealTimeSTT: realtimestt - DEBUG - Adding transcription request, no early transcription started
2026-09-07 21:58:35.903 - RealTimeSTT: realtimestt - DEBUG - Receive from parent_transcription_pipe after sendiung transcription request, transcribe_count: 1
2026-09-07 21:58:36.003 - RealTimeSTT: realtimestt - DEBUG - Receive from parent_transcription_pipe after sendiung transcription request, transcribe_count: 1
2026-09-07 21:58:36.105 - RealTimeSTT: realtimestt - DEBUG - Receive from parent_transcription_pipe after sendiung transcription request, transcribe_count: 1
2026-09-07 21:58:36.207 - RealTimeSTT: realtimestt - DEBUG - Receive from parent_transcription_pipe after sendiung transcription request, transcribe_count: 1
2026-09-07 21:58:36.308 - RealTimeSTT: realtimestt - DEBUG - Receive from parent_transcription_pipe after sendiung transcription request, transcribe_count: 1
2026-09-07 21:58:36.408 - RealTimeSTT: realtimestt - DEBUG - Receive from parent_transcription_pipe after sendiung transcription request, transcribe_count: 1
2026-09-07 21:58:36.509 - RealTimeSTT: realtimestt - DEBUG - Receive from parent_transcription_pipe after sendiung transcription request, transcribe_count: 1
2026-09-07 21:58:36.610 - RealTimeSTT: realtimestt - DEBUG - Receive from parent_transcription_pipe after sendiung transcription request, transcribe_count: 1
2026-09-07 21:58:36.711 - RealTimeSTT: realtimestt - DEBUG - Receive from parent_transcription_pipe after sendiung transcription request, transcribe_count: 1
2026-09-07 21:58:36.812 - RealTimeSTT: realtimestt - DEBUG - Receive from parent_transcription_pipe after sendiung transcription request, transcribe_count: 1
2026-09-07 21:58:36.825 - RealTimeSTT: realtimestt - INFO - State changed from 'transcribing' to 'inactive'
2026-09-07 21:58:36.866 - RealTimeSTT: realtimestt - DEBUG - Model tiny completed transcription in 0.96 seconds
2026-09-07 21:58:36.867 - RealTimeSTT: realtimestt - INFO - Setting listen time
2026-09-07 21:58:36.867 - RealTimeSTT: realtimestt - INFO - State changed from 'inactive' to 'listening'
2026-09-07 21:58:36.873 - RealTimeSTT: realtimestt - DEBUG - Waiting for recording start
2026-09-07 21:58:40.522 - RealTimeSTT: realtimestt - INFO - voice activity detected
2026-09-07 21:58:40.522 - RealTimeSTT: realtimestt - INFO - recording started
2026-09-07 21:58:40.522 - RealTimeSTT: realtimestt - INFO - State changed from 'listening' to 'recording'
2026-09-07 21:58:40.522 - RealTimeSTT: realtimestt - DEBUG - Waiting for recording stop
2026-09-07 21:58:41.681 - RealTimeSTT: realtimestt - INFO - recording stopped
2026-09-07 21:58:41.684 - RealTimeSTT: realtimestt - DEBUG - No samples removed, final audio length: 34816
2026-09-07 21:58:41.684 - RealTimeSTT: realtimestt - INFO - State changed from 'recording' to 'inactive'
2026-09-07 21:58:41.737 - RealTimeSTT: realtimestt - INFO - State changed from 'inactive' to 'transcribing'
2026-09-07 21:58:41.741 - RealTimeSTT: realtimestt - DEBUG - Adding transcription request, no early transcription started
2026-09-07 21:58:41.756 - RealTimeSTT: realtimestt - DEBUG - Receive from parent_transcription_pipe after sendiung transcription request, transcribe_count: 1
2026-09-07 21:58:41.857 - RealTimeSTT: realtimestt - DEBUG - Receive from parent_transcription_pipe after sendiung transcription request, transcribe_count: 1
2026-09-07 21:58:41.958 - RealTimeSTT: realtimestt - DEBUG - Receive from parent_transcription_pipe after sendiung transcription request, transcribe_count: 1
2026-09-07 21:58:42.058 - RealTimeSTT: realtimestt - DEBUG - Receive from parent_transcription_pipe after sendiung transcription request, transcribe_count: 1
2026-09-07 21:58:42.159 - RealTimeSTT: realtimestt - DEBUG - Receive from parent_transcription_pipe after sendiung transcription request, transcribe_count: 1
2026-09-07 21:58:42.260 - RealTimeSTT: realtimestt - DEBUG - Receive from parent_transcription_pipe after sendiung transcription request, transcribe_count: 1
2026-09-07 21:58:42.360 - RealTimeSTT: realtimestt - DEBUG - Receive from parent_transcription_pipe after sendiung transcription request, transcribe_count: 1
2026-09-07 21:58:42.463 - RealTimeSTT: realtimestt - DEBUG - Receive from parent_transcription_pipe after sendiung transcription request, transcribe_count: 1
2026-09-07 21:58:42.563 - RealTimeSTT: realtimestt - DEBUG - Receive from parent_transcription_pipe after sendiung transcription request, transcribe_count: 1
2026-09-07 21:58:42.638 - RealTimeSTT: realtimestt - INFO - State changed from 'transcribing' to 'inactive'
2026-09-07 21:58:42.654 - RealTimeSTT: realtimestt - DEBUG - Model tiny completed transcription in 0.91 seconds
2026-09-07 21:58:42.656 - RealTimeSTT: realtimestt - INFO - Setting listen time
2026-09-07 21:58:42.656 - RealTimeSTT: realtimestt - INFO - State changed from 'inactive' to 'listening'
2026-09-07 21:58:42.659 - RealTimeSTT: realtimestt - DEBUG - Waiting for recording start
2026-09-07 21:58:43.791 - RealTimeSTT: realtimestt - INFO - voice activity detected
2026-09-07 21:58:43.792 - RealTimeSTT: realtimestt - INFO - recording started
2026-09-07 21:58:43.792 - RealTimeSTT: realtimestt - INFO - State changed from 'listening' to 'recording'
2026-09-07 21:58:43.792 - RealTimeSTT: realtimestt - DEBUG - Waiting for recording stop
2026-09-07 21:58:44.942 - RealTimeSTT: realtimestt - INFO - recording stopped
2026-09-07 21:58:44.944 - RealTimeSTT: realtimestt - DEBUG - No samples removed, final audio length: 34816
2026-09-07 21:58:44.945 - RealTimeSTT: realtimestt - INFO - State changed from 'recording' to 'inactive'
2026-09-07 21:58:45.020 - RealTimeSTT: realtimestt - INFO - State changed from 'inactive' to 'transcribing'
2026-09-07 21:58:45.024 - RealTimeSTT: realtimestt - DEBUG - Adding transcription request, no early transcription started
2026-09-07 21:58:45.025 - RealTimeSTT: realtimestt - DEBUG - Receive from parent_transcription_pipe after sendiung transcription request, transcribe_count: 1
2026-09-07 21:58:45.126 - RealTimeSTT: realtimestt - DEBUG - Receive from parent_transcription_pipe after sendiung transcription request, transcribe_count: 1
2026-09-07 21:58:45.227 - RealTimeSTT: realtimestt - DEBUG - Receive from parent_transcription_pipe after sendiung transcription request, transcribe_count: 1
2026-09-07 21:58:45.328 - RealTimeSTT: realtimestt - DEBUG - Receive from parent_transcription_pipe after sendiung transcription request, transcribe_count: 1
2026-09-07 21:58:45.429 - RealTimeSTT: realtimestt - DEBUG - Receive from parent_transcription_pipe after sendiung transcription request, transcribe_count: 1
2026-09-07 21:58:45.530 - RealTimeSTT: realtimestt - DEBUG - Receive from parent_transcription_pipe after sendiung transcription request, transcribe_count: 1
2026-09-07 21:58:45.631 - RealTimeSTT: realtimestt - DEBUG - Receive from parent_transcription_pipe after sendiung transcription request, transcribe_count: 1
2026-09-07 21:58:45.732 - RealTimeSTT: realtimestt - DEBUG - Receive from parent_transcription_pipe after sendiung transcription request, transcribe_count: 1
2026-09-07 21:58:45.833 - RealTimeSTT: realtimestt - DEBUG - Receive from parent_transcription_pipe after sendiung transcription request, transcribe_count: 1
2026-09-07 21:58:45.870 - RealTimeSTT: realtimestt - INFO - State changed from 'transcribing' to 'inactive'
2026-09-07 21:58:45.888 - RealTimeSTT: realtimestt - DEBUG - Model tiny completed transcription in 0.86 seconds
2026-09-07 21:58:45.889 - RealTimeSTT: realtimestt - INFO - Setting listen time
2026-09-07 21:58:45.889 - RealTimeSTT: realtimestt - INFO - State changed from 'inactive' to 'listening'
2026-09-07 21:58:45.892 - RealTimeSTT: realtimestt - DEBUG - Waiting for recording start
2026-09-07 21:58:47.562 - RealTimeSTT: realtimestt - INFO - voice activity detected
2026-09-07 21:58:47.562 - RealTimeSTT: realtimestt - INFO - recording started
2026-09-07 21:58:47.562 - RealTimeSTT: realtimestt - INFO - State changed from 'listening' to 'recording'
2026-09-07 21:58:47.563 - RealTimeSTT: realtimestt - DEBUG - Waiting for recording stop
2026-09-07 21:58:48.782 - RealTimeSTT: realtimestt - INFO - recording stopped
2026-09-07 21:58:48.784 - RealTimeSTT: realtimestt - DEBUG - No samples removed, final audio length: 35840
2026-09-07 21:58:48.784 - RealTimeSTT: realtimestt - INFO - State changed from 'recording' to 'inactive'
2026-09-07 21:58:48.857 - RealTimeSTT: realtimestt - INFO - State changed from 'inactive' to 'transcribing'
2026-09-07 21:58:48.861 - RealTimeSTT: realtimestt - DEBUG - Adding transcription request, no early transcription started
2026-09-07 21:58:48.878 - RealTimeSTT: realtimestt - DEBUG - Receive from parent_transcription_pipe after sendiung transcription request, transcribe_count: 1
2026-09-07 21:58:48.979 - RealTimeSTT: realtimestt - DEBUG - Receive from parent_transcription_pipe after sendiung transcription request, transcribe_count: 1
2026-09-07 21:58:49.080 - RealTimeSTT: realtimestt - DEBUG - Receive from parent_transcription_pipe after sendiung transcription request, transcribe_count: 1
2026-09-07 21:58:49.182 - RealTimeSTT: realtimestt - DEBUG - Receive from parent_transcription_pipe after sendiung transcription request, transcribe_count: 1
2026-09-07 21:58:49.283 - RealTimeSTT: realtimestt - DEBUG - Receive from parent_transcription_pipe after sendiung transcription request, transcribe_count: 1
2026-09-07 21:58:49.383 - RealTimeSTT: realtimestt - DEBUG - Receive from parent_transcription_pipe after sendiung transcription request, transcribe_count: 1
2026-09-07 21:58:49.485 - RealTimeSTT: realtimestt - DEBUG - Receive from parent_transcription_pipe after sendiung transcription request, transcribe_count: 1
2026-09-07 21:58:49.585 - RealTimeSTT: realtimestt - DEBUG - Receive from parent_transcription_pipe after sendiung transcription request, transcribe_count: 1
2026-09-07 21:58:49.687 - RealTimeSTT: realtimestt - DEBUG - Receive from parent_transcription_pipe after sendiung transcription request, transcribe_count: 1
2026-09-07 21:58:49.713 - RealTimeSTT: realtimestt - INFO - State changed from 'transcribing' to 'inactive'
2026-09-07 21:58:49.723 - RealTimeSTT: realtimestt - DEBUG - Model tiny completed transcription in 0.86 seconds
2026-09-07 21:58:49.724 - RealTimeSTT: realtimestt - INFO - Setting listen time
2026-09-07 21:58:49.725 - RealTimeSTT: realtimestt - INFO - State changed from 'inactive' to 'listening'
2026-09-07 21:58:49.729 - RealTimeSTT: realtimestt - DEBUG - Waiting for recording start
2026-09-07 21:58:50.962 - RealTimeSTT: realtimestt - INFO - voice activity detected
2026-09-07 21:58:50.962 - RealTimeSTT: realtimestt - INFO - recording started
2026-09-07 21:58:50.962 - RealTimeSTT: realtimestt - INFO - State changed from 'listening' to 'recording'
2026-09-07 21:58:50.962 - RealTimeSTT: realtimestt - DEBUG - Waiting for recording stop
2026-09-07 21:58:52.171 - RealTimeSTT: realtimestt - INFO - recording stopped
2026-09-07 21:58:52.174 - RealTimeSTT: realtimestt - DEBUG - No samples removed, final audio length: 35840
2026-09-07 21:58:52.174 - RealTimeSTT: realtimestt - INFO - State changed from 'recording' to 'inactive'
2026-09-07 21:58:52.220 - RealTimeSTT: realtimestt - INFO - State changed from 'inactive' to 'transcribing'
2026-09-07 21:58:52.224 - RealTimeSTT: realtimestt - DEBUG - Adding transcription request, no early transcription started
2026-09-07 21:58:52.230 - RealTimeSTT: realtimestt - DEBUG - Receive from parent_transcription_pipe after sendiung transcription request, transcribe_count: 1
2026-09-07 21:58:52.331 - RealTimeSTT: realtimestt - DEBUG - Receive from parent_transcription_pipe after sendiung transcription request, transcribe_count: 1
2026-09-07 21:58:52.432 - RealTimeSTT: realtimestt - DEBUG - Receive from parent_transcription_pipe after sendiung transcription request, transcribe_count: 1
2026-09-07 21:58:52.534 - RealTimeSTT: realtimestt - DEBUG - Receive from parent_transcription_pipe after sendiung transcription request, transcribe_count: 1
2026-09-07 21:58:52.635 - RealTimeSTT: realtimestt - DEBUG - Receive from parent_transcription_pipe after sendiung transcription request, transcribe_count: 1
2026-09-07 21:58:52.735 - RealTimeSTT: realtimestt - DEBUG - Receive from parent_transcription_pipe after sendiung transcription request, transcribe_count: 1
2026-09-07 21:58:52.836 - RealTimeSTT: realtimestt - DEBUG - Receive from parent_transcription_pipe after sendiung transcription request, transcribe_count: 1
2026-09-07 21:58:52.935 - RealTimeSTT: realtimestt - DEBUG - Receive from parent_transcription_pipe after sendiung transcription request, transcribe_count: 1
2026-09-07 21:58:53.036 - RealTimeSTT: realtimestt - DEBUG - Receive from parent_transcription_pipe after sendiung transcription request, transcribe_count: 1
2026-09-07 21:58:53.076 - RealTimeSTT: realtimestt - INFO - State changed from 'transcribing' to 'inactive'
2026-09-07 21:58:53.093 - RealTimeSTT: realtimestt - DEBUG - Model tiny completed transcription in 0.87 seconds
2026-09-07 21:58:53.094 - RealTimeSTT: realtimestt - INFO - Setting listen time
2026-09-07 21:58:53.095 - RealTimeSTT: realtimestt - INFO - State changed from 'inactive' to 'listening'
2026-09-07 21:58:53.098 - RealTimeSTT: realtimestt - DEBUG - Waiting for recording start
2026-09-07 21:58:54.991 - RealTimeSTT: realtimestt - INFO - voice activity detected
2026-09-07 21:58:54.992 - RealTimeSTT: realtimestt - INFO - recording started
2026-09-07 21:58:54.992 - RealTimeSTT: realtimestt - INFO - State changed from 'listening' to 'recording'
2026-09-07 21:58:54.992 - RealTimeSTT: realtimestt - DEBUG - Waiting for recording stop
2026-09-07 21:58:56.202 - RealTimeSTT: realtimestt - INFO - recording stopped
2026-09-07 21:58:56.204 - RealTimeSTT: realtimestt - DEBUG - No samples removed, final audio length: 35840
2026-09-07 21:58:56.204 - RealTimeSTT: realtimestt - INFO - State changed from 'recording' to 'inactive'
2026-09-07 21:58:56.208 - RealTimeSTT: realtimestt - INFO - State changed from 'inactive' to 'transcribing'
2026-09-07 21:58:56.212 - RealTimeSTT: realtimestt - DEBUG - Adding transcription request, no early transcription started
2026-09-07 21:58:56.220 - RealTimeSTT: realtimestt - DEBUG - Receive from parent_transcription_pipe after sendiung transcription request, transcribe_count: 1
2026-09-07 21:58:56.322 - RealTimeSTT: realtimestt - DEBUG - Receive from parent_transcription_pipe after sendiung transcription request, transcribe_count: 1
2026-09-07 21:58:56.423 - RealTimeSTT: realtimestt - DEBUG - Receive from parent_transcription_pipe after sendiung transcription request, transcribe_count: 1
2026-09-07 21:58:56.523 - RealTimeSTT: realtimestt - DEBUG - Receive from parent_transcription_pipe after sendiung transcription request, transcribe_count: 1
2026-09-07 21:58:56.624 - RealTimeSTT: realtimestt - DEBUG - Receive from parent_transcription_pipe after sendiung transcription request, transcribe_count: 1
2026-09-07 21:58:56.724 - RealTimeSTT: realtimestt - DEBUG - Receive from parent_transcription_pipe after sendiung transcription request, transcribe_count: 1
2026-09-07 21:58:56.825 - RealTimeSTT: realtimestt - DEBUG - Receive from parent_transcription_pipe after sendiung transcription request, transcribe_count: 1
2026-09-07 21:58:56.926 - RealTimeSTT: realtimestt - DEBUG - Receive from parent_transcription_pipe after sendiung transcription request, transcribe_count: 1
2026-09-07 21:58:57.027 - RealTimeSTT: realtimestt - DEBUG - Receive from parent_transcription_pipe after sendiung transcription request, transcribe_count: 1
2026-09-07 21:58:57.058 - RealTimeSTT: realtimestt - INFO - State changed from 'transcribing' to 'inactive'
2026-09-07 21:58:57.075 - RealTimeSTT: realtimestt - DEBUG - Model tiny completed transcription in 0.86 seconds
2026-09-07 21:58:57.077 - RealTimeSTT: realtimestt - INFO - Setting listen time
2026-09-07 21:58:57.077 - RealTimeSTT: realtimestt - INFO - State changed from 'inactive' to 'listening'
2026-09-07 21:58:57.081 - RealTimeSTT: realtimestt - DEBUG - Waiting for recording start
2026-09-07 21:59:00.752 - RealTimeSTT: realtimestt - INFO - voice activity detected
2026-09-07 21:59:00.752 - RealTimeSTT: realtimestt - INFO - recording started
2026-09-07 21:59:00.752 - RealTimeSTT: realtimestt - INFO - State changed from 'listening' to 'recording'
2026-09-07 21:59:00.753 - RealTimeSTT: realtimestt - DEBUG - Waiting for recording stop
2026-09-07 21:59:01.902 - RealTimeSTT: realtimestt - INFO - recording stopped
2026-09-07 21:59:01.904 - RealTimeSTT: realtimestt - DEBUG - No samples removed, final audio length: 34816
2026-09-07 21:59:01.904 - RealTimeSTT: realtimestt - INFO - State changed from 'recording' to 'inactive'
2026-09-07 21:59:01.949 - RealTimeSTT: realtimestt - INFO - State changed from 'inactive' to 'transcribing'
2026-09-07 21:59:01.953 - RealTimeSTT: realtimestt - DEBUG - Adding transcription request, no early transcription started
2026-09-07 21:59:01.969 - RealTimeSTT: realtimestt - DEBUG - Receive from parent_transcription_pipe after sendiung transcription request, transcribe_count: 1
2026-09-07 21:59:02.070 - RealTimeSTT: realtimestt - DEBUG - Receive from parent_transcription_pipe after sendiung transcription request, transcribe_count: 1
2026-09-07 21:59:02.171 - RealTimeSTT: realtimestt - DEBUG - Receive from parent_transcription_pipe after sendiung transcription request, transcribe_count: 1
2026-09-07 21:59:02.272 - RealTimeSTT: realtimestt - DEBUG - Receive from parent_transcription_pipe after sendiung transcription request, transcribe_count: 1
2026-09-07 21:59:02.372 - RealTimeSTT: realtimestt - DEBUG - Receive from parent_transcription_pipe after sendiung transcription request, transcribe_count: 1
2026-09-07 21:59:02.474 - RealTimeSTT: realtimestt - DEBUG - Receive from parent_transcription_pipe after sendiung transcription request, transcribe_count: 1
2026-09-07 21:59:02.574 - RealTimeSTT: realtimestt - DEBUG - Receive from parent_transcription_pipe after sendiung transcription request, transcribe_count: 1
2026-09-07 21:59:02.677 - RealTimeSTT: realtimestt - DEBUG - Receive from parent_transcription_pipe after sendiung transcription request, transcribe_count: 1
2026-09-07 21:59:02.778 - RealTimeSTT: realtimestt - DEBUG - Receive from parent_transcription_pipe after sendiung transcription request, transcribe_count: 1
2026-09-07 21:59:02.822 - RealTimeSTT: realtimestt - INFO - State changed from 'transcribing' to 'inactive'
2026-09-07 21:59:02.849 - RealTimeSTT: realtimestt - DEBUG - Model tiny completed transcription in 0.90 seconds
2026-09-07 21:59:02.851 - RealTimeSTT: realtimestt - INFO - Setting listen time
2026-09-07 21:59:02.851 - RealTimeSTT: realtimestt - INFO - State changed from 'inactive' to 'listening'
2026-09-07 21:59:02.854 - RealTimeSTT: realtimestt - DEBUG - Waiting for recording start
2026-09-07 21:59:03.562 - RealTimeSTT: realtimestt - INFO - voice activity detected
2026-09-07 21:59:03.563 - RealTimeSTT: realtimestt - INFO - recording started
2026-09-07 21:59:03.563 - RealTimeSTT: realtimestt - INFO - State changed from 'listening' to 'recording'
2026-09-07 21:59:03.563 - RealTimeSTT: realtimestt - DEBUG - Waiting for recording stop
2026-09-07 21:59:04.842 - RealTimeSTT: realtimestt - INFO - recording stopped
2026-09-07 21:59:04.844 - RealTimeSTT: realtimestt - DEBUG - No samples removed, final audio length: 36864
2026-09-07 21:59:04.844 - RealTimeSTT: realtimestt - INFO - State changed from 'recording' to 'inactive'
2026-09-07 21:59:04.917 - RealTimeSTT: realtimestt - INFO - State changed from 'inactive' to 'transcribing'
2026-09-07 21:59:04.921 - RealTimeSTT: realtimestt - DEBUG - Adding transcription request, no early transcription started
2026-09-07 21:59:04.922 - RealTimeSTT: realtimestt - DEBUG - Receive from parent_transcription_pipe after sendiung transcription request, transcribe_count: 1
2026-09-07 21:59:05.022 - RealTimeSTT: realtimestt - DEBUG - Receive from parent_transcription_pipe after sendiung transcription request, transcribe_count: 1
2026-09-07 21:59:05.124 - RealTimeSTT: realtimestt - DEBUG - Receive from parent_transcription_pipe after sendiung transcription request, transcribe_count: 1
2026-09-07 21:59:05.225 - RealTimeSTT: realtimestt - DEBUG - Receive from parent_transcription_pipe after sendiung transcription request, transcribe_count: 1
2026-09-07 21:59:05.325 - RealTimeSTT: realtimestt - DEBUG - Receive from parent_transcription_pipe after sendiung transcription request, transcribe_count: 1
2026-09-07 21:59:05.426 - RealTimeSTT: realtimestt - DEBUG - Receive from parent_transcription_pipe after sendiung transcription request, transcribe_count: 1
2026-09-07 21:59:05.526 - RealTimeSTT: realtimestt - DEBUG - Receive from parent_transcription_pipe after sendiung transcription request, transcribe_count: 1
2026-09-07 21:59:05.628 - RealTimeSTT: realtimestt - DEBUG - Receive from parent_transcription_pipe after sendiung transcription request, transcribe_count: 1
2026-09-07 21:59:05.728 - RealTimeSTT: realtimestt - DEBUG - Receive from parent_transcription_pipe after sendiung transcription request, transcribe_count: 1
2026-09-07 21:59:05.774 - RealTimeSTT: realtimestt - INFO - State changed from 'transcribing' to 'inactive'
2026-09-07 21:59:05.785 - RealTimeSTT: realtimestt - DEBUG - Model tiny completed transcription in 0.86 seconds
2026-09-07 21:59:05.788 - RealTimeSTT: realtimestt - INFO - Setting listen time
2026-09-07 21:59:05.788 - RealTimeSTT: realtimestt - INFO - State changed from 'inactive' to 'listening'
2026-09-07 21:59:05.791 - RealTimeSTT: realtimestt - DEBUG - Waiting for recording start
2026-09-07 21:59:08.589 - RealTimeSTT: realtimestt - DEBUG - Receive from stdout pipe
2026-09-07 21:59:08.590 - RealTimeSTT: realtimestt - INFO - None
2026-09-07 21:59:08.604 - RealTimeSTT: realtimestt - DEBUG - No samples removed, final audio length: 0
2026-09-07 21:59:08.604 - RealTimeSTT: realtimestt - INFO - State changed from 'listening' to 'inactive'
2026-09-07 21:59:33.410 - RealTimeSTT: realtimestt - INFO - Starting RealTimeSTT
2026-09-07 21:59:33.468 - RealTimeSTT: realtimestt - INFO - Initializing audio recording (creating pyAudio input stream, sample rate: 16000 buffer size: 512
2026-09-07 21:59:33.509 - RealTimeSTT: realtimestt - INFO - Initializing WebRTC voice with Sensitivity 3
2026-09-07 21:59:33.509 - RealTimeSTT: realtimestt - DEBUG - WebRTC VAD voice activity detection engine initialized successfully
2026-09-07 21:59:33.656 - RealTimeSTT: realtimestt - DEBUG - Silero VAD voice activity detection engine initialized successfully with backend raw_onnx_ifless
2026-09-07 21:59:33.661 - RealTimeSTT: realtimestt - DEBUG - Starting realtime worker
2026-09-07 21:59:33.661 - RealTimeSTT: realtimestt - DEBUG - Waiting for main transcription model to start
2026-09-07 21:59:33.662 - RealTimeSTT: realtimestt - DEBUG - Realtime transcription disabled; realtime worker exits
2026-09-07 21:59:52.637 - RealTimeSTT: realtimestt - DEBUG - Main transcription model ready
2026-09-07 21:59:52.639 - RealTimeSTT: realtimestt - DEBUG - RealtimeSTT initialization completed successfully
2026-09-07 21:59:53.064 - RealTimeSTT: realtimestt - INFO - Setting listen time
2026-09-07 21:59:53.064 - RealTimeSTT: realtimestt - INFO - State changed from 'inactive' to 'listening'
2026-09-07 21:59:53.072 - RealTimeSTT: realtimestt - DEBUG - Waiting for recording start
2026-09-07 21:59:54.312 - RealTimeSTT: realtimestt - INFO - voice activity detected
2026-09-07 21:59:54.313 - RealTimeSTT: realtimestt - INFO - recording started
2026-09-07 21:59:54.313 - RealTimeSTT: realtimestt - INFO - State changed from 'listening' to 'recording'
2026-09-07 21:59:54.313 - RealTimeSTT: realtimestt - DEBUG - Waiting for recording stop
2026-09-07 21:59:55.982 - RealTimeSTT: realtimestt - INFO - recording stopped
2026-09-07 21:59:55.985 - RealTimeSTT: realtimestt - DEBUG - No samples removed, final audio length: 43008
2026-09-07 21:59:55.985 - RealTimeSTT: realtimestt - INFO - State changed from 'recording' to 'inactive'
2026-09-07 21:59:56.036 - RealTimeSTT: realtimestt - INFO - State changed from 'inactive' to 'transcribing'
2026-09-07 21:59:56.040 - RealTimeSTT: realtimestt - DEBUG - Adding transcription request, no early transcription started
2026-09-07 21:59:56.052 - RealTimeSTT: realtimestt - DEBUG - Receive from parent_transcription_pipe after sendiung transcription request, transcribe_count: 1
2026-09-07 21:59:56.152 - RealTimeSTT: realtimestt - DEBUG - Receive from parent_transcription_pipe after sendiung transcription request, transcribe_count: 1
2026-09-07 21:59:56.252 - RealTimeSTT: realtimestt - DEBUG - Receive from parent_transcription_pipe after sendiung transcription request, transcribe_count: 1
2026-09-07 21:59:56.353 - RealTimeSTT: realtimestt - DEBUG - Receive from parent_transcription_pipe after sendiung transcription request, transcribe_count: 1
2026-09-07 21:59:56.454 - RealTimeSTT: realtimestt - DEBUG - Receive from parent_transcription_pipe after sendiung transcription request, transcribe_count: 1
2026-09-07 21:59:56.555 - RealTimeSTT: realtimestt - DEBUG - Receive from parent_transcription_pipe after sendiung transcription request, transcribe_count: 1
2026-09-07 21:59:56.658 - RealTimeSTT: realtimestt - DEBUG - Receive from parent_transcription_pipe after sendiung transcription request, transcribe_count: 1
2026-09-07 21:59:56.759 - RealTimeSTT: realtimestt - DEBUG - Receive from parent_transcription_pipe after sendiung transcription request, transcribe_count: 1
2026-09-07 21:59:56.860 - RealTimeSTT: realtimestt - DEBUG - Receive from parent_transcription_pipe after sendiung transcription request, transcribe_count: 1
2026-09-07 21:59:56.961 - RealTimeSTT: realtimestt - DEBUG - Receive from parent_transcription_pipe after sendiung transcription request, transcribe_count: 1
2026-09-07 21:59:56.962 - RealTimeSTT: realtimestt - INFO - State changed from 'transcribing' to 'inactive'
2026-09-07 21:59:57.005 - RealTimeSTT: realtimestt - DEBUG - Model tiny completed transcription in 0.97 seconds
2026-09-07 21:59:57.007 - RealTimeSTT: realtimestt - INFO - Setting listen time
2026-09-07 21:59:57.007 - RealTimeSTT: realtimestt - INFO - State changed from 'inactive' to 'listening'
2026-09-07 21:59:57.010 - RealTimeSTT: realtimestt - DEBUG - Waiting for recording start
2026-09-07 21:59:57.132 - RealTimeSTT: realtimestt - INFO - voice activity detected
2026-09-07 21:59:57.132 - RealTimeSTT: realtimestt - INFO - recording started
2026-09-07 21:59:57.133 - RealTimeSTT: realtimestt - INFO - State changed from 'listening' to 'recording'
2026-09-07 21:59:57.133 - RealTimeSTT: realtimestt - DEBUG - Waiting for recording stop
2026-09-07 21:59:58.542 - RealTimeSTT: realtimestt - INFO - recording stopped
2026-09-07 21:59:58.545 - RealTimeSTT: realtimestt - DEBUG - No samples removed, final audio length: 38912
2026-09-07 21:59:58.545 - RealTimeSTT: realtimestt - INFO - State changed from 'recording' to 'inactive'
2026-09-07 21:59:58.570 - RealTimeSTT: realtimestt - INFO - State changed from 'inactive' to 'transcribing'
2026-09-07 21:59:58.574 - RealTimeSTT: realtimestt - DEBUG - Adding transcription request, no early transcription started
2026-09-07 21:59:58.581 - RealTimeSTT: realtimestt - DEBUG - Receive from parent_transcription_pipe after sendiung transcription request, transcribe_count: 1
2026-09-07 21:59:58.682 - RealTimeSTT: realtimestt - DEBUG - Receive from parent_transcription_pipe after sendiung transcription request, transcribe_count: 1
2026-09-07 21:59:58.783 - RealTimeSTT: realtimestt - DEBUG - Receive from parent_transcription_pipe after sendiung transcription request, transcribe_count: 1
2026-09-07 21:59:58.884 - RealTimeSTT: realtimestt - DEBUG - Receive from parent_transcription_pipe after sendiung transcription request, transcribe_count: 1
2026-09-07 21:59:58.984 - RealTimeSTT: realtimestt - DEBUG - Receive from parent_transcription_pipe after sendiung transcription request, transcribe_count: 1
2026-09-07 21:59:59.085 - RealTimeSTT: realtimestt - DEBUG - Receive from parent_transcription_pipe after sendiung transcription request, transcribe_count: 1
2026-09-07 21:59:59.185 - RealTimeSTT: realtimestt - DEBUG - Receive from parent_transcription_pipe after sendiung transcription request, transcribe_count: 1
2026-09-07 21:59:59.288 - RealTimeSTT: realtimestt - DEBUG - Receive from parent_transcription_pipe after sendiung transcription request, transcribe_count: 1
2026-09-07 21:59:59.390 - RealTimeSTT: realtimestt - DEBUG - Receive from parent_transcription_pipe after sendiung transcription request, transcribe_count: 1
2026-09-07 21:59:59.454 - RealTimeSTT: realtimestt - INFO - State changed from 'transcribing' to 'inactive'
2026-09-07 21:59:59.487 - RealTimeSTT: realtimestt - DEBUG - Model tiny completed transcription in 0.91 seconds
2026-09-07 22:01:17.235 - RealTimeSTT: realtimestt - INFO - Starting RealTimeSTT
2026-09-07 22:01:17.294 - RealTimeSTT: realtimestt - INFO - Initializing audio recording (creating pyAudio input stream, sample rate: 16000 buffer size: 512
2026-09-07 22:01:17.334 - RealTimeSTT: realtimestt - INFO - Initializing WebRTC voice with Sensitivity 3
2026-09-07 22:01:17.335 - RealTimeSTT: realtimestt - DEBUG - WebRTC VAD voice activity detection engine initialized successfully
2026-09-07 22:01:17.475 - RealTimeSTT: realtimestt - DEBUG - Silero VAD voice activity detection engine initialized successfully with backend raw_onnx_ifless
2026-09-07 22:01:17.479 - RealTimeSTT: realtimestt - DEBUG - Starting realtime worker
2026-09-07 22:01:17.479 - RealTimeSTT: realtimestt - DEBUG - Waiting for main transcription model to start
2026-09-07 22:01:17.479 - RealTimeSTT: realtimestt - DEBUG - Realtime transcription disabled; realtime worker exits
2026-09-07 22:01:34.489 - RealTimeSTT: realtimestt - DEBUG - Main transcription model ready
2026-09-07 22:01:34.491 - RealTimeSTT: realtimestt - DEBUG - RealtimeSTT initialization completed successfully
2026-09-07 22:01:34.958 - RealTimeSTT: realtimestt - INFO - Setting listen time
2026-09-07 22:01:34.958 - RealTimeSTT: realtimestt - INFO - State changed from 'inactive' to 'listening'
2026-09-07 22:01:34.964 - RealTimeSTT: realtimestt - DEBUG - Waiting for recording start
2026-09-07 22:01:36.396 - RealTimeSTT: realtimestt - INFO - voice activity detected
2026-09-07 22:01:36.397 - RealTimeSTT: realtimestt - INFO - recording started
2026-09-07 22:01:36.397 - RealTimeSTT: realtimestt - INFO - State changed from 'listening' to 'recording'
2026-09-07 22:01:36.397 - RealTimeSTT: realtimestt - DEBUG - Waiting for recording stop
2026-09-07 22:01:38.067 - RealTimeSTT: realtimestt - INFO - recording stopped
2026-09-07 22:01:38.070 - RealTimeSTT: realtimestt - DEBUG - No samples removed, final audio length: 43008
2026-09-07 22:01:38.070 - RealTimeSTT: realtimestt - INFO - State changed from 'recording' to 'inactive'
2026-09-07 22:01:38.079 - RealTimeSTT: realtimestt - INFO - State changed from 'inactive' to 'transcribing'
2026-09-07 22:01:38.082 - RealTimeSTT: realtimestt - DEBUG - Adding transcription request, no early transcription started
2026-09-07 22:01:38.083 - RealTimeSTT: realtimestt - DEBUG - Receive from parent_transcription_pipe after sendiung transcription request, transcribe_count: 1
2026-09-07 22:01:38.183 - RealTimeSTT: realtimestt - DEBUG - Receive from parent_transcription_pipe after sendiung transcription request, transcribe_count: 1
2026-09-07 22:01:38.285 - RealTimeSTT: realtimestt - DEBUG - Receive from parent_transcription_pipe after sendiung transcription request, transcribe_count: 1
2026-09-07 22:01:38.386 - RealTimeSTT: realtimestt - DEBUG - Receive from parent_transcription_pipe after sendiung transcription request, transcribe_count: 1
2026-09-07 22:01:38.487 - RealTimeSTT: realtimestt - DEBUG - Receive from parent_transcription_pipe after sendiung transcription request, transcribe_count: 1
2026-09-07 22:01:38.589 - RealTimeSTT: realtimestt - DEBUG - Receive from parent_transcription_pipe after sendiung transcription request, transcribe_count: 1
2026-09-07 22:01:38.691 - RealTimeSTT: realtimestt - DEBUG - Receive from parent_transcription_pipe after sendiung transcription request, transcribe_count: 1
2026-09-07 22:01:38.792 - RealTimeSTT: realtimestt - DEBUG - Receive from parent_transcription_pipe after sendiung transcription request, transcribe_count: 1
2026-09-07 22:01:38.894 - RealTimeSTT: realtimestt - DEBUG - Receive from parent_transcription_pipe after sendiung transcription request, transcribe_count: 1
2026-09-07 22:01:38.907 - RealTimeSTT: realtimestt - INFO - State changed from 'transcribing' to 'inactive'
2026-09-07 22:01:38.946 - RealTimeSTT: realtimestt - DEBUG - Model tiny completed transcription in 0.86 seconds
2026-09-07 22:01:38.947 - RealTimeSTT: realtimestt - INFO - Setting listen time
2026-09-07 22:01:38.947 - RealTimeSTT: realtimestt - INFO - State changed from 'inactive' to 'listening'
2026-09-07 22:01:38.950 - RealTimeSTT: realtimestt - DEBUG - Waiting for recording start
2026-09-07 22:01:40.176 - RealTimeSTT: realtimestt - INFO - voice activity detected
2026-09-07 22:01:40.176 - RealTimeSTT: realtimestt - INFO - recording started
2026-09-07 22:01:40.176 - RealTimeSTT: realtimestt - INFO - State changed from 'listening' to 'recording'
2026-09-07 22:01:40.177 - RealTimeSTT: realtimestt - DEBUG - Waiting for recording stop
2026-09-07 22:01:41.586 - RealTimeSTT: realtimestt - INFO - recording stopped
2026-09-07 22:01:41.590 - RealTimeSTT: realtimestt - DEBUG - No samples removed, final audio length: 38912
2026-09-07 22:01:41.590 - RealTimeSTT: realtimestt - INFO - State changed from 'recording' to 'inactive'
2026-09-07 22:01:41.611 - RealTimeSTT: realtimestt - INFO - State changed from 'inactive' to 'transcribing'
2026-09-07 22:01:41.614 - RealTimeSTT: realtimestt - DEBUG - Adding transcription request, no early transcription started
2026-09-07 22:01:41.633 - RealTimeSTT: realtimestt - DEBUG - Receive from parent_transcription_pipe after sendiung transcription request, transcribe_count: 1
2026-09-07 22:01:41.733 - RealTimeSTT: realtimestt - DEBUG - Receive from parent_transcription_pipe after sendiung transcription request, transcribe_count: 1
2026-09-07 22:01:41.833 - RealTimeSTT: realtimestt - DEBUG - Receive from parent_transcription_pipe after sendiung transcription request, transcribe_count: 1
2026-09-07 22:01:41.934 - RealTimeSTT: realtimestt - DEBUG - Receive from parent_transcription_pipe after sendiung transcription request, transcribe_count: 1
2026-09-07 22:01:42.037 - RealTimeSTT: realtimestt - DEBUG - Receive from parent_transcription_pipe after sendiung transcription request, transcribe_count: 1
2026-09-07 22:01:42.138 - RealTimeSTT: realtimestt - DEBUG - Receive from parent_transcription_pipe after sendiung transcription request, transcribe_count: 1
2026-09-07 22:01:42.239 - RealTimeSTT: realtimestt - DEBUG - Receive from parent_transcription_pipe after sendiung transcription request, transcribe_count: 1
2026-09-07 22:01:42.340 - RealTimeSTT: realtimestt - DEBUG - Receive from parent_transcription_pipe after sendiung transcription request, transcribe_count: 1
2026-09-07 22:01:42.440 - RealTimeSTT: realtimestt - DEBUG - Receive from parent_transcription_pipe after sendiung transcription request, transcribe_count: 1
2026-09-07 22:01:42.447 - RealTimeSTT: realtimestt - INFO - State changed from 'transcribing' to 'inactive'
2026-09-07 22:01:42.476 - RealTimeSTT: realtimestt - DEBUG - Model tiny completed transcription in 0.86 seconds
2026-09-07 22:01:42.478 - RealTimeSTT: realtimestt - INFO - Setting listen time
2026-09-07 22:01:42.478 - RealTimeSTT: realtimestt - INFO - State changed from 'inactive' to 'listening'
2026-09-07 22:01:42.483 - RealTimeSTT: realtimestt - DEBUG - Waiting for recording start
2026-09-07 22:01:45.296 - RealTimeSTT: realtimestt - INFO - voice activity detected
2026-09-07 22:01:45.297 - RealTimeSTT: realtimestt - INFO - recording started
2026-09-07 22:01:45.297 - RealTimeSTT: realtimestt - INFO - State changed from 'listening' to 'recording'
2026-09-07 22:01:45.297 - RealTimeSTT: realtimestt - DEBUG - Waiting for recording stop
2026-09-07 22:01:47.216 - RealTimeSTT: realtimestt - INFO - recording stopped
2026-09-07 22:01:47.219 - RealTimeSTT: realtimestt - DEBUG - No samples removed, final audio length: 47104
2026-09-07 22:01:47.219 - RealTimeSTT: realtimestt - INFO - State changed from 'recording' to 'inactive'
2026-09-07 22:01:47.299 - RealTimeSTT: realtimestt - INFO - State changed from 'inactive' to 'transcribing'
2026-09-07 22:01:47.302 - RealTimeSTT: realtimestt - DEBUG - Adding transcription request, no early transcription started
2026-09-07 22:01:47.303 - RealTimeSTT: realtimestt - DEBUG - Receive from parent_transcription_pipe after sendiung transcription request, transcribe_count: 1
2026-09-07 22:01:47.404 - RealTimeSTT: realtimestt - DEBUG - Receive from parent_transcription_pipe after sendiung transcription request, transcribe_count: 1
2026-09-07 22:01:47.505 - RealTimeSTT: realtimestt - DEBUG - Receive from parent_transcription_pipe after sendiung transcription request, transcribe_count: 1
2026-09-07 22:01:47.606 - RealTimeSTT: realtimestt - DEBUG - Receive from parent_transcription_pipe after sendiung transcription request, transcribe_count: 1
2026-09-07 22:01:47.706 - RealTimeSTT: realtimestt - DEBUG - Receive from parent_transcription_pipe after sendiung transcription request, transcribe_count: 1
2026-09-07 22:01:47.807 - RealTimeSTT: realtimestt - DEBUG - Receive from parent_transcription_pipe after sendiung transcription request, transcribe_count: 1
2026-09-07 22:01:47.909 - RealTimeSTT: realtimestt - DEBUG - Receive from parent_transcription_pipe after sendiung transcription request, transcribe_count: 1
2026-09-07 22:01:48.009 - RealTimeSTT: realtimestt - DEBUG - Receive from parent_transcription_pipe after sendiung transcription request, transcribe_count: 1
2026-09-07 22:01:48.110 - RealTimeSTT: realtimestt - DEBUG - Receive from parent_transcription_pipe after sendiung transcription request, transcribe_count: 1
2026-09-07 22:01:48.153 - RealTimeSTT: realtimestt - INFO - State changed from 'transcribing' to 'inactive'
2026-09-07 22:01:48.164 - RealTimeSTT: realtimestt - DEBUG - Model tiny completed transcription in 0.86 seconds
2026-09-07 22:01:48.497 - RealTimeSTT: realtimestt - INFO - voice activity detected
2026-09-07 22:01:48.497 - RealTimeSTT: realtimestt - INFO - recording started
2026-09-07 22:01:48.497 - RealTimeSTT: realtimestt - INFO - State changed from 'inactive' to 'recording'
2026-09-07 22:01:49.907 - RealTimeSTT: realtimestt - INFO - recording stopped
2026-09-07 22:01:56.047 - RealTimeSTT: realtimestt - INFO - voice activity detected
2026-09-07 22:01:56.048 - RealTimeSTT: realtimestt - INFO - recording started
2026-09-07 22:01:57.268 - RealTimeSTT: realtimestt - INFO - recording stopped
2026-09-07 22:01:58.477 - RealTimeSTT: realtimestt - INFO - voice activity detected
2026-09-07 22:01:58.478 - RealTimeSTT: realtimestt - INFO - recording started
2026-09-07 22:01:59.948 - RealTimeSTT: realtimestt - INFO - recording stopped
2026-09-07 22:02:03.916 - RealTimeSTT: realtimestt - INFO - voice activity detected
2026-09-07 22:02:03.917 - RealTimeSTT: realtimestt - INFO - recording started
2026-09-07 22:02:06.987 - RealTimeSTT: realtimestt - INFO - recording stopped
2026-09-07 22:02:07.567 - RealTimeSTT: realtimestt - INFO - voice activity detected
2026-09-07 22:02:07.567 - RealTimeSTT: realtimestt - INFO - recording started
2026-09-07 22:02:09.039 - RealTimeSTT: realtimestt - INFO - recording stopped
2026-09-07 22:03:00.827 - RealTimeSTT: realtimestt - INFO - Starting RealTimeSTT
2026-09-07 22:03:00.868 - RealTimeSTT: realtimestt - INFO - Initializing audio recording (creating pyAudio input stream, sample rate: 16000 buffer size: 512
2026-09-07 22:03:00.895 - RealTimeSTT: realtimestt - INFO - Initializing WebRTC voice with Sensitivity 3
2026-09-07 22:03:00.895 - RealTimeSTT: realtimestt - DEBUG - WebRTC VAD voice activity detection engine initialized successfully
2026-09-07 22:03:01.012 - RealTimeSTT: realtimestt - DEBUG - Silero VAD voice activity detection engine initialized successfully with backend raw_onnx_ifless
2026-09-07 22:03:01.016 - RealTimeSTT: realtimestt - DEBUG - Starting realtime worker
2026-09-07 22:03:01.016 - RealTimeSTT: realtimestt - DEBUG - Waiting for main transcription model to start
2026-09-07 22:03:01.016 - RealTimeSTT: realtimestt - DEBUG - Realtime transcription disabled; realtime worker exits
2026-09-07 22:03:20.662 - RealTimeSTT: realtimestt - DEBUG - Main transcription model ready
2026-09-07 22:03:20.663 - RealTimeSTT: realtimestt - DEBUG - RealtimeSTT initialization completed successfully
2026-09-07 22:03:21.103 - RealTimeSTT: realtimestt - INFO - Setting listen time
2026-09-07 22:03:21.103 - RealTimeSTT: realtimestt - INFO - State changed from 'inactive' to 'listening'
2026-09-07 22:03:21.107 - RealTimeSTT: realtimestt - DEBUG - Waiting for recording start
2026-09-07 22:03:24.685 - RealTimeSTT: realtimestt - INFO - voice activity detected
2026-09-07 22:03:24.685 - RealTimeSTT: realtimestt - INFO - recording started
2026-09-07 22:03:24.685 - RealTimeSTT: realtimestt - INFO - State changed from 'listening' to 'recording'
2026-09-07 22:03:24.686 - RealTimeSTT: realtimestt - DEBUG - Waiting for recording stop
2026-09-07 22:03:25.834 - RealTimeSTT: realtimestt - INFO - recording stopped
2026-09-07 22:03:25.837 - RealTimeSTT: realtimestt - DEBUG - No samples removed, final audio length: 34816
2026-09-07 22:03:25.837 - RealTimeSTT: realtimestt - INFO - State changed from 'recording' to 'inactive'
2026-09-07 22:03:25.873 - RealTimeSTT: realtimestt - INFO - State changed from 'inactive' to 'transcribing'
2026-09-07 22:03:25.877 - RealTimeSTT: realtimestt - DEBUG - Adding transcription request, no early transcription started
2026-09-07 22:03:25.885 - RealTimeSTT: realtimestt - DEBUG - Receive from parent_transcription_pipe after sendiung transcription request, transcribe_count: 1
2026-09-07 22:03:25.986 - RealTimeSTT: realtimestt - DEBUG - Receive from parent_transcription_pipe after sendiung transcription request, transcribe_count: 1
2026-09-07 22:03:26.086 - RealTimeSTT: realtimestt - DEBUG - Receive from parent_transcription_pipe after sendiung transcription request, transcribe_count: 1
2026-09-07 22:03:26.188 - RealTimeSTT: realtimestt - DEBUG - Receive from parent_transcription_pipe after sendiung transcription request, transcribe_count: 1
2026-09-07 22:03:26.290 - RealTimeSTT: realtimestt - DEBUG - Receive from parent_transcription_pipe after sendiung transcription request, transcribe_count: 1
2026-09-07 22:03:26.391 - RealTimeSTT: realtimestt - DEBUG - Receive from parent_transcription_pipe after sendiung transcription request, transcribe_count: 1
2026-09-07 22:03:26.492 - RealTimeSTT: realtimestt - DEBUG - Receive from parent_transcription_pipe after sendiung transcription request, transcribe_count: 1
2026-09-07 22:03:26.593 - RealTimeSTT: realtimestt - DEBUG - Receive from parent_transcription_pipe after sendiung transcription request, transcribe_count: 1
2026-09-07 22:03:26.694 - RealTimeSTT: realtimestt - DEBUG - Receive from parent_transcription_pipe after sendiung transcription request, transcribe_count: 1
2026-09-07 22:03:26.774 - RealTimeSTT: realtimestt - INFO - State changed from 'transcribing' to 'inactive'
2026-09-07 22:03:26.792 - RealTimeSTT: realtimestt - DEBUG - Model tiny completed transcription in 0.91 seconds
2026-09-07 22:03:26.793 - RealTimeSTT: realtimestt - INFO - Setting listen time
2026-09-07 22:03:26.793 - RealTimeSTT: realtimestt - INFO - State changed from 'inactive' to 'listening'
2026-09-07 22:03:26.797 - RealTimeSTT: realtimestt - DEBUG - Waiting for recording start
2026-09-07 22:03:35.685 - RealTimeSTT: realtimestt - INFO - voice activity detected
2026-09-07 22:03:35.685 - RealTimeSTT: realtimestt - INFO - recording started
2026-09-07 22:03:35.685 - RealTimeSTT: realtimestt - INFO - State changed from 'listening' to 'recording'
2026-09-07 22:03:35.685 - RealTimeSTT: realtimestt - DEBUG - Waiting for recording stop
2026-09-07 22:03:37.035 - RealTimeSTT: realtimestt - INFO - recording stopped
2026-09-07 22:03:37.037 - RealTimeSTT: realtimestt - DEBUG - No samples removed, final audio length: 37888
2026-09-07 22:03:37.038 - RealTimeSTT: realtimestt - INFO - State changed from 'recording' to 'inactive'
2026-09-07 22:03:37.129 - RealTimeSTT: realtimestt - INFO - State changed from 'inactive' to 'transcribing'
2026-09-07 22:03:37.133 - RealTimeSTT: realtimestt - DEBUG - Adding transcription request, no early transcription started
2026-09-07 22:03:37.134 - RealTimeSTT: realtimestt - DEBUG - Receive from parent_transcription_pipe after sendiung transcription request, transcribe_count: 1
2026-09-07 22:03:37.235 - RealTimeSTT: realtimestt - DEBUG - Receive from parent_transcription_pipe after sendiung transcription request, transcribe_count: 1
2026-09-07 22:03:37.335 - RealTimeSTT: realtimestt - DEBUG - Receive from parent_transcription_pipe after sendiung transcription request, transcribe_count: 1
2026-09-07 22:03:37.436 - RealTimeSTT: realtimestt - DEBUG - Receive from parent_transcription_pipe after sendiung transcription request, transcribe_count: 1
2026-09-07 22:03:37.537 - RealTimeSTT: realtimestt - DEBUG - Receive from parent_transcription_pipe after sendiung transcription request, transcribe_count: 1
2026-09-07 22:03:37.638 - RealTimeSTT: realtimestt - DEBUG - Receive from parent_transcription_pipe after sendiung transcription request, transcribe_count: 1
2026-09-07 22:03:37.739 - RealTimeSTT: realtimestt - DEBUG - Receive from parent_transcription_pipe after sendiung transcription request, transcribe_count: 1
2026-09-07 22:03:37.839 - RealTimeSTT: realtimestt - DEBUG - Receive from parent_transcription_pipe after sendiung transcription request, transcribe_count: 1
2026-09-07 22:03:37.940 - RealTimeSTT: realtimestt - DEBUG - Receive from parent_transcription_pipe after sendiung transcription request, transcribe_count: 1
2026-09-07 22:03:37.997 - RealTimeSTT: realtimestt - INFO - State changed from 'transcribing' to 'inactive'
2026-09-07 22:03:38.045 - RealTimeSTT: realtimestt - DEBUG - Model tiny completed transcription in 0.91 seconds
2026-09-07 22:03:38.047 - RealTimeSTT: realtimestt - INFO - Setting listen time
2026-09-07 22:03:38.047 - RealTimeSTT: realtimestt - INFO - State changed from 'inactive' to 'listening'
2026-09-07 22:03:38.051 - RealTimeSTT: realtimestt - DEBUG - Waiting for recording start
2026-09-07 22:03:41.385 - RealTimeSTT: realtimestt - INFO - voice activity detected
2026-09-07 22:03:41.386 - RealTimeSTT: realtimestt - INFO - recording started
2026-09-07 22:03:41.386 - RealTimeSTT: realtimestt - INFO - State changed from 'listening' to 'recording'
2026-09-07 22:03:41.386 - RealTimeSTT: realtimestt - DEBUG - Waiting for recording stop
2026-09-07 22:03:42.665 - RealTimeSTT: realtimestt - INFO - recording stopped
2026-09-07 22:03:42.670 - RealTimeSTT: realtimestt - DEBUG - No samples removed, final audio length: 36864
2026-09-07 22:03:42.670 - RealTimeSTT: realtimestt - INFO - State changed from 'recording' to 'inactive'
2026-09-07 22:03:42.766 - RealTimeSTT: realtimestt - INFO - State changed from 'inactive' to 'transcribing'
2026-09-07 22:03:42.770 - RealTimeSTT: realtimestt - DEBUG - Adding transcription request, no early transcription started
2026-09-07 22:03:42.790 - RealTimeSTT: realtimestt - DEBUG - Receive from parent_transcription_pipe after sendiung transcription request, transcribe_count: 1
2026-09-07 22:03:42.890 - RealTimeSTT: realtimestt - DEBUG - Receive from parent_transcription_pipe after sendiung transcription request, transcribe_count: 1
2026-09-07 22:03:42.992 - RealTimeSTT: realtimestt - DEBUG - Receive from parent_transcription_pipe after sendiung transcription request, transcribe_count: 1
2026-09-07 22:03:43.093 - RealTimeSTT: realtimestt - DEBUG - Receive from parent_transcription_pipe after sendiung transcription request, transcribe_count: 1
2026-09-07 22:03:43.193 - RealTimeSTT: realtimestt - DEBUG - Receive from parent_transcription_pipe after sendiung transcription request, transcribe_count: 1
2026-09-07 22:03:43.296 - RealTimeSTT: realtimestt - DEBUG - Receive from parent_transcription_pipe after sendiung transcription request, transcribe_count: 1
2026-09-07 22:03:43.396 - RealTimeSTT: realtimestt - DEBUG - Receive from parent_transcription_pipe after sendiung transcription request, transcribe_count: 1
2026-09-07 22:03:43.497 - RealTimeSTT: realtimestt - DEBUG - Receive from parent_transcription_pipe after sendiung transcription request, transcribe_count: 1
2026-09-07 22:03:43.598 - RealTimeSTT: realtimestt - DEBUG - Receive from parent_transcription_pipe after sendiung transcription request, transcribe_count: 1
2026-09-07 22:03:43.661 - RealTimeSTT: realtimestt - INFO - State changed from 'transcribing' to 'inactive'
2026-09-07 22:03:43.682 - RealTimeSTT: realtimestt - DEBUG - Model tiny completed transcription in 0.91 seconds
2026-09-07 22:04:45.905 - RealTimeSTT: realtimestt - WARNING - Audio queue size exceeds latency limit. Current size: 101. Discarding old audio chunks.
2026-09-07 22:04:45.998 - RealTimeSTT: realtimestt - WARNING - Audio queue size exceeds latency limit. Current size: 101. Discarding old audio chunks.
2026-09-07 22:04:46.110 - RealTimeSTT: realtimestt - WARNING - Audio queue size exceeds latency limit. Current size: 101. Discarding old audio chunks.
2026-09-07 22:04:46.188 - RealTimeSTT: realtimestt - WARNING - Audio queue size exceeds latency limit. Current size: 101. Discarding old audio chunks.
2026-09-07 22:04:46.372 - RealTimeSTT: realtimestt - WARNING - Audio queue size exceeds latency limit. Current size: 101. Discarding old audio chunks.
2026-09-07 22:04:46.495 - RealTimeSTT: realtimestt - WARNING - Audio queue size exceeds latency limit. Current size: 101. Discarding old audio chunks.
2026-09-07 22:04:46.855 - RealTimeSTT: realtimestt - WARNING - Audio queue size exceeds latency limit. Current size: 101. Discarding old audio chunks.
2026-09-07 22:04:46.929 - RealTimeSTT: realtimestt - WARNING - Audio queue size exceeds latency limit. Current size: 101. Discarding old audio chunks.
2026-09-07 22:04:47.069 - RealTimeSTT: realtimestt - WARNING - Audio queue size exceeds latency limit. Current size: 101. Discarding old audio chunks.
2026-09-07 22:04:47.209 - RealTimeSTT: realtimestt - WARNING - Audio queue size exceeds latency limit. Current size: 101. Discarding old audio chunks.
2026-09-07 22:04:47.969 - RealTimeSTT: realtimestt - WARNING - Audio queue size exceeds latency limit. Current size: 101. Discarding old audio chunks.
2026-09-07 22:04:48.128 - RealTimeSTT: realtimestt - WARNING - Audio queue size exceeds latency limit. Current size: 101. Discarding old audio chunks.
2026-09-07 22:04:48.620 - RealTimeSTT: realtimestt - WARNING - Audio queue size exceeds latency limit. Current size: 101. Discarding old audio chunks.
2026-09-07 22:04:49.047 - RealTimeSTT: realtimestt - WARNING - Audio queue size exceeds latency limit. Current size: 103. Discarding old audio chunks.
2026-09-07 22:04:49.295 - RealTimeSTT: realtimestt - WARNING - Audio queue size exceeds latency limit. Current size: 101. Discarding old audio chunks.
2026-09-07 22:04:49.557 - RealTimeSTT: realtimestt - WARNING - Audio queue size exceeds latency limit. Current size: 101. Discarding old audio chunks.
2026-09-07 22:04:50.071 - RealTimeSTT: realtimestt - WARNING - Audio queue size exceeds latency limit. Current size: 103. Discarding old audio chunks.
2026-09-07 22:04:50.613 - RealTimeSTT: realtimestt - WARNING - Audio queue size exceeds latency limit. Current size: 101. Discarding old audio chunks.
2026-09-07 22:04:50.671 - RealTimeSTT: realtimestt - WARNING - Audio queue size exceeds latency limit. Current size: 101. Discarding old audio chunks.
2026-09-07 22:04:51.153 - RealTimeSTT: realtimestt - WARNING - Audio queue size exceeds latency limit. Current size: 101. Discarding old audio chunks.
2026-09-07 22:04:51.217 - RealTimeSTT: realtimestt - WARNING - Audio queue size exceeds latency limit. Current size: 101. Discarding old audio chunks.
2026-09-07 22:04:51.350 - RealTimeSTT: realtimestt - WARNING - Audio queue size exceeds latency limit. Current size: 101. Discarding old audio chunks.
2026-09-07 22:04:57.546 - RealTimeSTT: realtimestt - WARNING - Audio queue size exceeds latency limit. Current size: 101. Discarding old audio chunks.
2026-09-07 22:04:57.624 - RealTimeSTT: realtimestt - WARNING - Audio queue size exceeds latency limit. Current size: 101. Discarding old audio chunks.
2026-09-07 22:04:57.729 - RealTimeSTT: realtimestt - WARNING - Audio queue size exceeds latency limit. Current size: 101. Discarding old audio chunks.
2026-09-07 22:04:58.253 - RealTimeSTT: realtimestt - WARNING - Audio queue size exceeds latency limit. Current size: 101. Discarding old audio chunks.
2026-09-07 22:04:58.578 - RealTimeSTT: realtimestt - WARNING - Audio queue size exceeds latency limit. Current size: 101. Discarding old audio chunks.
2026-09-07 22:04:58.644 - RealTimeSTT: realtimestt - WARNING - Audio queue size exceeds latency limit. Current size: 101. Discarding old audio chunks.
2026-09-07 22:04:58.839 - RealTimeSTT: realtimestt - WARNING - Audio queue size exceeds latency limit. Current size: 101. Discarding old audio chunks.
2026-09-07 22:04:58.893 - RealTimeSTT: realtimestt - WARNING - Audio queue size exceeds latency limit. Current size: 101. Discarding old audio chunks.
2026-09-07 22:04:58.967 - RealTimeSTT: realtimestt - WARNING - Audio queue size exceeds latency limit. Current size: 101. Discarding old audio chunks.
2026-09-07 22:04:59.027 - RealTimeSTT: realtimestt - WARNING - Audio queue size exceeds latency limit. Current size: 101. Discarding old audio chunks.
2026-09-07 22:04:59.100 - RealTimeSTT: realtimestt - WARNING - Audio queue size exceeds latency limit. Current size: 101. Discarding old audio chunks.
2026-09-07 22:04:59.351 - RealTimeSTT: realtimestt - WARNING - Audio queue size exceeds latency limit. Current size: 101. Discarding old audio chunks.
2026-09-07 22:04:59.436 - RealTimeSTT: realtimestt - WARNING - Audio queue size exceeds latency limit. Current size: 101. Discarding old audio chunks.
2026-09-07 22:04:59.620 - RealTimeSTT: realtimestt - WARNING - Audio queue size exceeds latency limit. Current size: 101. Discarding old audio chunks.
2026-09-07 22:17:09.528 - RealTimeSTT: realtimestt - INFO - Starting RealTimeSTT
2026-09-07 22:17:09.584 - RealTimeSTT: realtimestt - INFO - Initializing audio recording (creating pyAudio input stream, sample rate: 16000 buffer size: 512
2026-09-07 22:17:09.630 - RealTimeSTT: realtimestt - INFO - Initializing WebRTC voice with Sensitivity 3
2026-09-07 22:17:09.630 - RealTimeSTT: realtimestt - DEBUG - WebRTC VAD voice activity detection engine initialized successfully
2026-09-07 22:17:09.823 - RealTimeSTT: realtimestt - DEBUG - Silero VAD voice activity detection engine initialized successfully with backend raw_onnx_ifless
2026-09-07 22:17:09.829 - RealTimeSTT: realtimestt - DEBUG - Starting realtime worker
2026-09-07 22:17:09.829 - RealTimeSTT: realtimestt - DEBUG - Waiting for main transcription model to start
2026-09-07 22:17:09.829 - RealTimeSTT: realtimestt - DEBUG - Realtime transcription disabled; realtime worker exits
2026-09-07 22:17:32.470 - RealTimeSTT: realtimestt - DEBUG - Main transcription model ready
2026-09-07 22:17:32.472 - RealTimeSTT: realtimestt - DEBUG - RealtimeSTT initialization completed successfully
2026-09-07 22:17:59.282 - RealTimeSTT: realtimestt - DEBUG - Receive from stdout pipe
2026-09-07 22:17:59.298 - RealTimeSTT: realtimestt - INFO - None
2026-09-09 21:37:21.864 - RealTimeSTT: realtimestt - INFO - Starting RealTimeSTT
2026-09-09 21:37:21.966 - RealTimeSTT: realtimestt - INFO - Initializing audio recording (creating pyAudio input stream, sample rate: 16000 buffer size: 512
2026-09-09 21:37:22.014 - RealTimeSTT: realtimestt - INFO - Initializing WebRTC voice with Sensitivity 3
2026-09-09 21:37:22.015 - RealTimeSTT: realtimestt - DEBUG - WebRTC VAD voice activity detection engine initialized successfully
2026-09-09 21:37:22.686 - RealTimeSTT: realtimestt - DEBUG - Silero VAD voice activity detection engine initialized successfully with backend raw_onnx_ifless
2026-09-09 21:37:22.701 - RealTimeSTT: realtimestt - DEBUG - Starting realtime worker
2026-09-09 21:37:22.701 - RealTimeSTT: realtimestt - DEBUG - Waiting for main transcription model to start
2026-09-09 21:37:22.702 - RealTimeSTT: realtimestt - DEBUG - Realtime transcription disabled; realtime worker exits
2026-09-09 21:37:50.732 - RealTimeSTT: realtimestt - DEBUG - Main transcription model ready
2026-09-09 21:37:50.734 - RealTimeSTT: realtimestt - DEBUG - RealtimeSTT initialization completed successfully
2026-09-09 21:38:05.357 - RealTimeSTT: realtimestt - INFO - Setting listen time
2026-09-09 21:38:05.357 - RealTimeSTT: realtimestt - INFO - State changed from 'inactive' to 'listening'
2026-09-09 21:38:05.364 - RealTimeSTT: realtimestt - DEBUG - Waiting for recording start
2026-09-09 21:38:06.846 - RealTimeSTT: realtimestt - INFO - voice activity detected
2026-09-09 21:38:06.847 - RealTimeSTT: realtimestt - INFO - recording started
2026-09-09 21:38:06.847 - RealTimeSTT: realtimestt - INFO - State changed from 'listening' to 'recording'
2026-09-09 21:38:06.847 - RealTimeSTT: realtimestt - DEBUG - Waiting for recording stop
2026-09-09 21:38:08.501 - RealTimeSTT: realtimestt - INFO - recording stopped
2026-09-09 21:38:08.505 - RealTimeSTT: realtimestt - DEBUG - No samples removed, final audio length: 42496
2026-09-09 21:38:08.505 - RealTimeSTT: realtimestt - INFO - State changed from 'recording' to 'inactive'
2026-09-09 21:38:08.590 - RealTimeSTT: realtimestt - INFO - State changed from 'inactive' to 'transcribing'
2026-09-09 21:38:08.594 - RealTimeSTT: realtimestt - DEBUG - Adding transcription request, no early transcription started
2026-09-09 21:38:08.596 - RealTimeSTT: realtimestt - DEBUG - Receive from parent_transcription_pipe after sendiung transcription request, transcribe_count: 1
2026-09-09 21:38:08.702 - RealTimeSTT: realtimestt - DEBUG - Receive from parent_transcription_pipe after sendiung transcription request, transcribe_count: 1
2026-09-09 21:38:08.826 - RealTimeSTT: realtimestt - DEBUG - Receive from parent_transcription_pipe after sendiung transcription request, transcribe_count: 1
2026-09-09 21:38:08.952 - RealTimeSTT: realtimestt - DEBUG - Receive from parent_transcription_pipe after sendiung transcription request, transcribe_count: 1
2026-09-09 21:38:09.054 - RealTimeSTT: realtimestt - DEBUG - Receive from parent_transcription_pipe after sendiung transcription request, transcribe_count: 1
2026-09-09 21:38:09.160 - RealTimeSTT: realtimestt - DEBUG - Receive from parent_transcription_pipe after sendiung transcription request, transcribe_count: 1
2026-09-09 21:38:09.295 - RealTimeSTT: realtimestt - DEBUG - Receive from parent_transcription_pipe after sendiung transcription request, transcribe_count: 1
2026-09-09 21:38:09.400 - RealTimeSTT: realtimestt - DEBUG - Receive from parent_transcription_pipe after sendiung transcription request, transcribe_count: 1
2026-09-09 21:38:09.501 - RealTimeSTT: realtimestt - DEBUG - Receive from parent_transcription_pipe after sendiung transcription request, transcribe_count: 1
2026-09-09 21:38:09.601 - RealTimeSTT: realtimestt - DEBUG - Receive from parent_transcription_pipe after sendiung transcription request, transcribe_count: 1
2026-09-09 21:38:09.702 - RealTimeSTT: realtimestt - DEBUG - Receive from parent_transcription_pipe after sendiung transcription request, transcribe_count: 1
2026-09-09 21:38:09.803 - RealTimeSTT: realtimestt - DEBUG - Receive from parent_transcription_pipe after sendiung transcription request, transcribe_count: 1
2026-09-09 21:38:09.904 - RealTimeSTT: realtimestt - DEBUG - Receive from parent_transcription_pipe after sendiung transcription request, transcribe_count: 1
2026-09-09 21:38:10.006 - RealTimeSTT: realtimestt - DEBUG - Receive from parent_transcription_pipe after sendiung transcription request, transcribe_count: 1
2026-09-09 21:38:10.107 - RealTimeSTT: realtimestt - DEBUG - Receive from parent_transcription_pipe after sendiung transcription request, transcribe_count: 1
2026-09-09 21:38:10.136 - RealTimeSTT: realtimestt - INFO - State changed from 'transcribing' to 'inactive'
2026-09-09 21:38:10.164 - RealTimeSTT: realtimestt - DEBUG - Model tiny completed transcription in 1.57 seconds
2026-09-09 21:38:10.166 - RealTimeSTT: realtimestt - INFO - Setting listen time
2026-09-09 21:38:10.167 - RealTimeSTT: realtimestt - INFO - State changed from 'inactive' to 'listening'
2026-09-09 21:38:10.172 - RealTimeSTT: realtimestt - DEBUG - Waiting for recording start
2026-09-09 21:38:11.633 - RealTimeSTT: realtimestt - INFO - voice activity detected
2026-09-09 21:38:11.634 - RealTimeSTT: realtimestt - INFO - recording started
2026-09-09 21:38:11.634 - RealTimeSTT: realtimestt - INFO - State changed from 'listening' to 'recording'
2026-09-09 21:38:11.635 - RealTimeSTT: realtimestt - DEBUG - Waiting for recording stop
2026-09-09 21:38:13.359 - RealTimeSTT: realtimestt - INFO - recording stopped
2026-09-09 21:38:13.362 - RealTimeSTT: realtimestt - DEBUG - No samples removed, final audio length: 43520
2026-09-09 21:38:13.363 - RealTimeSTT: realtimestt - INFO - State changed from 'recording' to 'inactive'
2026-09-09 21:38:13.389 - RealTimeSTT: realtimestt - INFO - State changed from 'inactive' to 'transcribing'
2026-09-09 21:38:13.394 - RealTimeSTT: realtimestt - DEBUG - Adding transcription request, no early transcription started
2026-09-09 21:38:13.400 - RealTimeSTT: realtimestt - DEBUG - Receive from parent_transcription_pipe after sendiung transcription request, transcribe_count: 1
2026-09-09 21:38:13.501 - RealTimeSTT: realtimestt - DEBUG - Receive from parent_transcription_pipe after sendiung transcription request, transcribe_count: 1
2026-09-09 21:38:13.604 - RealTimeSTT: realtimestt - DEBUG - Receive from parent_transcription_pipe after sendiung transcription request, transcribe_count: 1
2026-09-09 21:38:13.709 - RealTimeSTT: realtimestt - DEBUG - Receive from parent_transcription_pipe after sendiung transcription request, transcribe_count: 1
2026-09-09 21:38:13.810 - RealTimeSTT: realtimestt - DEBUG - Receive from parent_transcription_pipe after sendiung transcription request, transcribe_count: 1
2026-09-09 21:38:13.929 - RealTimeSTT: realtimestt - DEBUG - Receive from parent_transcription_pipe after sendiung transcription request, transcribe_count: 1
2026-09-09 21:38:14.043 - RealTimeSTT: realtimestt - DEBUG - Receive from parent_transcription_pipe after sendiung transcription request, transcribe_count: 1
2026-09-09 21:38:14.159 - RealTimeSTT: realtimestt - DEBUG - Receive from parent_transcription_pipe after sendiung transcription request, transcribe_count: 1
2026-09-09 21:38:14.266 - RealTimeSTT: realtimestt - DEBUG - Receive from parent_transcription_pipe after sendiung transcription request, transcribe_count: 1
2026-09-09 21:38:14.367 - RealTimeSTT: realtimestt - DEBUG - Receive from parent_transcription_pipe after sendiung transcription request, transcribe_count: 1
2026-09-09 21:38:14.469 - RealTimeSTT: realtimestt - DEBUG - Receive from parent_transcription_pipe after sendiung transcription request, transcribe_count: 1
2026-09-09 21:38:14.571 - RealTimeSTT: realtimestt - DEBUG - Receive from parent_transcription_pipe after sendiung transcription request, transcribe_count: 1
2026-09-09 21:38:14.672 - RealTimeSTT: realtimestt - DEBUG - Receive from parent_transcription_pipe after sendiung transcription request, transcribe_count: 1
2026-09-09 21:38:14.773 - RealTimeSTT: realtimestt - DEBUG - Receive from parent_transcription_pipe after sendiung transcription request, transcribe_count: 1
2026-09-09 21:38:14.873 - RealTimeSTT: realtimestt - DEBUG - Receive from parent_transcription_pipe after sendiung transcription request, transcribe_count: 1
2026-09-09 21:38:14.875 - RealTimeSTT: realtimestt - INFO - State changed from 'transcribing' to 'inactive'
2026-09-09 21:38:14.888 - RealTimeSTT: realtimestt - DEBUG - Model tiny completed transcription in 1.49 seconds
2026-09-09 21:39:58.575 - RealTimeSTT: realtimestt - INFO - Starting RealTimeSTT
2026-09-09 21:39:58.648 - RealTimeSTT: realtimestt - INFO - Initializing audio recording (creating pyAudio input stream, sample rate: 16000 buffer size: 512
2026-09-09 21:39:58.696 - RealTimeSTT: realtimestt - INFO - Initializing WebRTC voice with Sensitivity 3
2026-09-09 21:39:58.697 - RealTimeSTT: realtimestt - DEBUG - WebRTC VAD voice activity detection engine initialized successfully
2026-09-09 21:39:59.100 - RealTimeSTT: realtimestt - DEBUG - Silero VAD voice activity detection engine initialized successfully with backend raw_onnx_ifless
2026-09-09 21:39:59.116 - RealTimeSTT: realtimestt - DEBUG - Starting realtime worker
2026-09-09 21:39:59.116 - RealTimeSTT: realtimestt - DEBUG - Waiting for main transcription model to start
2026-09-09 21:39:59.116 - RealTimeSTT: realtimestt - DEBUG - Realtime transcription disabled; realtime worker exits
2026-09-09 21:40:32.539 - RealTimeSTT: realtimestt - DEBUG - Main transcription model ready
2026-09-09 21:40:32.541 - RealTimeSTT: realtimestt - DEBUG - RealtimeSTT initialization completed successfully
2026-09-09 21:40:33.840 - RealTimeSTT: realtimestt - INFO - Setting listen time
2026-09-09 21:40:33.840 - RealTimeSTT: realtimestt - INFO - State changed from 'inactive' to 'listening'
2026-09-09 21:40:33.848 - RealTimeSTT: realtimestt - DEBUG - Waiting for recording start
2026-09-09 21:40:36.017 - RealTimeSTT: realtimestt - INFO - voice activity detected
2026-09-09 21:40:36.017 - RealTimeSTT: realtimestt - INFO - recording started
2026-09-09 21:40:36.017 - RealTimeSTT: realtimestt - INFO - State changed from 'listening' to 'recording'
2026-09-09 21:40:36.018 - RealTimeSTT: realtimestt - DEBUG - Waiting for recording stop
2026-09-09 21:40:37.558 - RealTimeSTT: realtimestt - INFO - recording stopped
2026-09-09 21:40:37.562 - RealTimeSTT: realtimestt - DEBUG - No samples removed, final audio length: 40960
2026-09-09 21:40:37.563 - RealTimeSTT: realtimestt - INFO - State changed from 'recording' to 'inactive'
2026-09-09 21:40:37.625 - RealTimeSTT: realtimestt - INFO - State changed from 'inactive' to 'transcribing'
2026-09-09 21:40:37.636 - RealTimeSTT: realtimestt - DEBUG - Adding transcription request, no early transcription started
2026-09-09 21:40:37.638 - RealTimeSTT: realtimestt - DEBUG - Receive from parent_transcription_pipe after sendiung transcription request, transcribe_count: 1
2026-09-09 21:40:37.739 - RealTimeSTT: realtimestt - DEBUG - Receive from parent_transcription_pipe after sendiung transcription request, transcribe_count: 1
2026-09-09 21:40:37.841 - RealTimeSTT: realtimestt - DEBUG - Receive from parent_transcription_pipe after sendiung transcription request, transcribe_count: 1
2026-09-09 21:40:37.945 - RealTimeSTT: realtimestt - DEBUG - Receive from parent_transcription_pipe after sendiung transcription request, transcribe_count: 1
2026-09-09 21:40:38.048 - RealTimeSTT: realtimestt - DEBUG - Receive from parent_transcription_pipe after sendiung transcription request, transcribe_count: 1
2026-09-09 21:40:38.151 - RealTimeSTT: realtimestt - DEBUG - Receive from parent_transcription_pipe after sendiung transcription request, transcribe_count: 1
2026-09-09 21:40:38.251 - RealTimeSTT: realtimestt - DEBUG - Receive from parent_transcription_pipe after sendiung transcription request, transcribe_count: 1
2026-09-09 21:40:38.352 - RealTimeSTT: realtimestt - DEBUG - Receive from parent_transcription_pipe after sendiung transcription request, transcribe_count: 1
2026-09-09 21:40:38.453 - RealTimeSTT: realtimestt - DEBUG - Receive from parent_transcription_pipe after sendiung transcription request, transcribe_count: 1
2026-09-09 21:40:38.553 - RealTimeSTT: realtimestt - DEBUG - Receive from parent_transcription_pipe after sendiung transcription request, transcribe_count: 1
2026-09-09 21:40:38.658 - RealTimeSTT: realtimestt - DEBUG - Receive from parent_transcription_pipe after sendiung transcription request, transcribe_count: 1
2026-09-09 21:40:38.759 - RealTimeSTT: realtimestt - DEBUG - Receive from parent_transcription_pipe after sendiung transcription request, transcribe_count: 1
2026-09-09 21:40:38.860 - RealTimeSTT: realtimestt - DEBUG - Receive from parent_transcription_pipe after sendiung transcription request, transcribe_count: 1
2026-09-09 21:40:38.961 - RealTimeSTT: realtimestt - DEBUG - Receive from parent_transcription_pipe after sendiung transcription request, transcribe_count: 1
2026-09-09 21:40:39.038 - RealTimeSTT: realtimestt - INFO - State changed from 'transcribing' to 'inactive'
2026-09-09 21:40:39.063 - RealTimeSTT: realtimestt - DEBUG - Model tiny completed transcription in 1.43 seconds
2026-09-09 21:40:39.065 - RealTimeSTT: realtimestt - INFO - Setting listen time
2026-09-09 21:40:39.066 - RealTimeSTT: realtimestt - INFO - State changed from 'inactive' to 'listening'
2026-09-09 21:40:39.070 - RealTimeSTT: realtimestt - DEBUG - Waiting for recording start
2026-09-09 21:40:39.218 - RealTimeSTT: realtimestt - INFO - voice activity detected
2026-09-09 21:40:39.218 - RealTimeSTT: realtimestt - INFO - recording started
2026-09-09 21:40:39.218 - RealTimeSTT: realtimestt - INFO - State changed from 'listening' to 'recording'
2026-09-09 21:40:39.218 - RealTimeSTT: realtimestt - DEBUG - Waiting for recording stop
2026-09-09 21:40:41.017 - RealTimeSTT: realtimestt - INFO - recording stopped
2026-09-09 21:40:41.022 - RealTimeSTT: realtimestt - DEBUG - No samples removed, final audio length: 45056
2026-09-09 21:40:41.022 - RealTimeSTT: realtimestt - INFO - State changed from 'recording' to 'inactive'
2026-09-09 21:40:41.039 - RealTimeSTT: realtimestt - INFO - State changed from 'inactive' to 'transcribing'
2026-09-09 21:40:41.044 - RealTimeSTT: realtimestt - DEBUG - Adding transcription request, no early transcription started
2026-09-09 21:40:41.054 - RealTimeSTT: realtimestt - DEBUG - Receive from parent_transcription_pipe after sendiung transcription request, transcribe_count: 1
2026-09-09 21:40:41.155 - RealTimeSTT: realtimestt - DEBUG - Receive from parent_transcription_pipe after sendiung transcription request, transcribe_count: 1
2026-09-09 21:40:41.256 - RealTimeSTT: realtimestt - DEBUG - Receive from parent_transcription_pipe after sendiung transcription request, transcribe_count: 1
2026-09-09 21:40:41.356 - RealTimeSTT: realtimestt - DEBUG - Receive from parent_transcription_pipe after sendiung transcription request, transcribe_count: 1
2026-09-09 21:40:41.458 - RealTimeSTT: realtimestt - DEBUG - Receive from parent_transcription_pipe after sendiung transcription request, transcribe_count: 1
2026-09-09 21:40:41.559 - RealTimeSTT: realtimestt - DEBUG - Receive from parent_transcription_pipe after sendiung transcription request, transcribe_count: 1
2026-09-09 21:40:41.660 - RealTimeSTT: realtimestt - DEBUG - Receive from parent_transcription_pipe after sendiung transcription request, transcribe_count: 1
2026-09-09 21:40:41.761 - RealTimeSTT: realtimestt - DEBUG - Receive from parent_transcription_pipe after sendiung transcription request, transcribe_count: 1
2026-09-09 21:40:41.864 - RealTimeSTT: realtimestt - DEBUG - Receive from parent_transcription_pipe after sendiung transcription request, transcribe_count: 1
2026-09-09 21:40:41.966 - RealTimeSTT: realtimestt - DEBUG - Receive from parent_transcription_pipe after sendiung transcription request, transcribe_count: 1
2026-09-09 21:40:42.068 - RealTimeSTT: realtimestt - DEBUG - Receive from parent_transcription_pipe after sendiung transcription request, transcribe_count: 1
2026-09-09 21:40:42.171 - RealTimeSTT: realtimestt - DEBUG - Receive from parent_transcription_pipe after sendiung transcription request, transcribe_count: 1
2026-09-09 21:40:42.272 - RealTimeSTT: realtimestt - DEBUG - Receive from parent_transcription_pipe after sendiung transcription request, transcribe_count: 1
2026-09-09 21:40:42.372 - RealTimeSTT: realtimestt - DEBUG - Receive from parent_transcription_pipe after sendiung transcription request, transcribe_count: 1
2026-09-09 21:40:42.377 - RealTimeSTT: realtimestt - INFO - State changed from 'transcribing' to 'inactive'
2026-09-09 21:40:42.389 - RealTimeSTT: realtimestt - DEBUG - Model tiny completed transcription in 1.34 seconds
2026-09-09 21:40:42.392 - RealTimeSTT: realtimestt - INFO - Setting listen time
2026-09-09 21:40:42.393 - RealTimeSTT: realtimestt - INFO - State changed from 'inactive' to 'listening'
2026-09-09 21:40:42.397 - RealTimeSTT: realtimestt - DEBUG - Waiting for recording start
2026-09-09 21:40:45.617 - RealTimeSTT: realtimestt - INFO - voice activity detected
2026-09-09 21:40:45.617 - RealTimeSTT: realtimestt - INFO - recording started
2026-09-09 21:40:45.617 - RealTimeSTT: realtimestt - INFO - State changed from 'listening' to 'recording'
2026-09-09 21:40:45.618 - RealTimeSTT: realtimestt - DEBUG - Waiting for recording stop
2026-09-09 21:40:47.346 - RealTimeSTT: realtimestt - INFO - recording stopped
2026-09-09 21:40:47.350 - RealTimeSTT: realtimestt - DEBUG - No samples removed, final audio length: 44032
2026-09-09 21:40:47.350 - RealTimeSTT: realtimestt - INFO - State changed from 'recording' to 'inactive'
2026-09-09 21:40:47.368 - RealTimeSTT: realtimestt - INFO - State changed from 'inactive' to 'transcribing'
2026-09-09 21:40:47.372 - RealTimeSTT: realtimestt - DEBUG - Adding transcription request, no early transcription started
2026-09-09 21:40:47.374 - RealTimeSTT: realtimestt - DEBUG - Receive from parent_transcription_pipe after sendiung transcription request, transcribe_count: 1
2026-09-09 21:40:47.475 - RealTimeSTT: realtimestt - DEBUG - Receive from parent_transcription_pipe after sendiung transcription request, transcribe_count: 1
2026-09-09 21:40:47.577 - RealTimeSTT: realtimestt - DEBUG - Receive from parent_transcription_pipe after sendiung transcription request, transcribe_count: 1
2026-09-09 21:40:47.678 - RealTimeSTT: realtimestt - DEBUG - Receive from parent_transcription_pipe after sendiung transcription request, transcribe_count: 1
2026-09-09 21:40:47.788 - RealTimeSTT: realtimestt - DEBUG - Receive from parent_transcription_pipe after sendiung transcription request, transcribe_count: 1
2026-09-09 21:40:47.889 - RealTimeSTT: realtimestt - DEBUG - Receive from parent_transcription_pipe after sendiung transcription request, transcribe_count: 1
2026-09-09 21:40:47.990 - RealTimeSTT: realtimestt - DEBUG - Receive from parent_transcription_pipe after sendiung transcription request, transcribe_count: 1
2026-09-09 21:40:48.092 - RealTimeSTT: realtimestt - DEBUG - Receive from parent_transcription_pipe after sendiung transcription request, transcribe_count: 1
2026-09-09 21:40:48.198 - RealTimeSTT: realtimestt - DEBUG - Receive from parent_transcription_pipe after sendiung transcription request, transcribe_count: 1
2026-09-09 21:40:48.300 - RealTimeSTT: realtimestt - DEBUG - Receive from parent_transcription_pipe after sendiung transcription request, transcribe_count: 1
2026-09-09 21:40:48.401 - RealTimeSTT: realtimestt - DEBUG - Receive from parent_transcription_pipe after sendiung transcription request, transcribe_count: 1
2026-09-09 21:40:48.502 - RealTimeSTT: realtimestt - DEBUG - Receive from parent_transcription_pipe after sendiung transcription request, transcribe_count: 1
2026-09-09 21:40:48.605 - RealTimeSTT: realtimestt - DEBUG - Receive from parent_transcription_pipe after sendiung transcription request, transcribe_count: 1
2026-09-09 21:40:48.706 - RealTimeSTT: realtimestt - DEBUG - Receive from parent_transcription_pipe after sendiung transcription request, transcribe_count: 1
2026-09-09 21:40:48.807 - RealTimeSTT: realtimestt - DEBUG - Receive from parent_transcription_pipe after sendiung transcription request, transcribe_count: 1
2026-09-09 21:40:48.907 - RealTimeSTT: realtimestt - DEBUG - Receive from parent_transcription_pipe after sendiung transcription request, transcribe_count: 1
2026-09-09 21:40:48.978 - RealTimeSTT: realtimestt - INFO - State changed from 'transcribing' to 'inactive'
2026-09-09 21:40:48.993 - RealTimeSTT: realtimestt - DEBUG - Model tiny completed transcription in 1.62 seconds
2026-09-09 21:47:29.601 - RealTimeSTT: realtimestt - INFO - Starting RealTimeSTT
2026-09-09 21:47:29.682 - RealTimeSTT: realtimestt - INFO - Initializing audio recording (creating pyAudio input stream, sample rate: 16000 buffer size: 512
2026-09-09 21:47:29.721 - RealTimeSTT: realtimestt - INFO - Initializing WebRTC voice with Sensitivity 3
2026-09-09 21:47:29.722 - RealTimeSTT: realtimestt - DEBUG - WebRTC VAD voice activity detection engine initialized successfully
2026-09-09 21:47:30.059 - RealTimeSTT: realtimestt - DEBUG - Silero VAD voice activity detection engine initialized successfully with backend raw_onnx_ifless
2026-09-09 21:47:30.070 - RealTimeSTT: realtimestt - DEBUG - Starting realtime worker
2026-09-09 21:47:30.070 - RealTimeSTT: realtimestt - DEBUG - Waiting for main transcription model to start
2026-09-09 21:47:30.070 - RealTimeSTT: realtimestt - DEBUG - Realtime transcription disabled; realtime worker exits
2026-09-09 21:47:50.881 - RealTimeSTT: realtimestt - DEBUG - Main transcription model ready
2026-09-09 21:47:50.882 - RealTimeSTT: realtimestt - DEBUG - RealtimeSTT initialization completed successfully
2026-09-09 21:48:57.118 - RealTimeSTT: realtimestt - DEBUG - Receive from stdout pipe
2026-09-09 21:48:57.146 - RealTimeSTT: realtimestt - INFO - None
2026-09-09 21:49:28.526 - RealTimeSTT: realtimestt - INFO - Starting RealTimeSTT
2026-09-09 21:49:28.592 - RealTimeSTT: realtimestt - INFO - Initializing audio recording (creating pyAudio input stream, sample rate: 16000 buffer size: 512
2026-09-09 21:49:28.633 - RealTimeSTT: realtimestt - INFO - Initializing WebRTC voice with Sensitivity 3
2026-09-09 21:49:28.633 - RealTimeSTT: realtimestt - DEBUG - WebRTC VAD voice activity detection engine initialized successfully
2026-09-09 21:49:28.818 - RealTimeSTT: realtimestt - DEBUG - Silero VAD voice activity detection engine initialized successfully with backend raw_onnx_ifless
2026-09-09 21:49:28.826 - RealTimeSTT: realtimestt - DEBUG - Starting realtime worker
2026-09-09 21:49:28.826 - RealTimeSTT: realtimestt - DEBUG - Waiting for main transcription model to start
2026-09-09 21:49:28.826 - RealTimeSTT: realtimestt - DEBUG - Realtime transcription disabled; realtime worker exits
2026-09-09 21:49:47.421 - RealTimeSTT: realtimestt - DEBUG - Main transcription model ready
2026-09-09 21:49:47.423 - RealTimeSTT: realtimestt - DEBUG - RealtimeSTT initialization completed successfully
2026-09-09 21:52:19.994 - RealTimeSTT: realtimestt - INFO - Starting RealTimeSTT
2026-09-09 21:52:20.057 - RealTimeSTT: realtimestt - INFO - Initializing audio recording (creating pyAudio input stream, sample rate: 16000 buffer size: 512
2026-09-09 21:52:20.102 - RealTimeSTT: realtimestt - INFO - Initializing WebRTC voice with Sensitivity 3
2026-09-09 21:52:20.102 - RealTimeSTT: realtimestt - DEBUG - WebRTC VAD voice activity detection engine initialized successfully
2026-09-09 21:52:20.255 - RealTimeSTT: realtimestt - DEBUG - Silero VAD voice activity detection engine initialized successfully with backend raw_onnx_ifless
2026-09-09 21:52:20.260 - RealTimeSTT: realtimestt - DEBUG - Starting realtime worker
2026-09-09 21:52:20.261 - RealTimeSTT: realtimestt - DEBUG - Waiting for main transcription model to start
2026-09-09 21:52:20.261 - RealTimeSTT: realtimestt - DEBUG - Realtime transcription disabled; realtime worker exits
2026-09-09 21:52:40.807 - RealTimeSTT: realtimestt - DEBUG - Main transcription model ready
2026-09-09 21:52:40.809 - RealTimeSTT: realtimestt - DEBUG - RealtimeSTT initialization completed successfully
2026-09-09 21:52:41.171 - RealTimeSTT: realtimestt - INFO - Setting listen time
2026-09-09 21:52:41.171 - RealTimeSTT: realtimestt - INFO - State changed from 'inactive' to 'listening'
2026-09-09 21:52:41.176 - RealTimeSTT: realtimestt - DEBUG - Waiting for recording start
2026-09-09 21:52:43.146 - RealTimeSTT: realtimestt - INFO - voice activity detected
2026-09-09 21:52:43.146 - RealTimeSTT: realtimestt - INFO - recording started
2026-09-09 21:52:43.146 - RealTimeSTT: realtimestt - INFO - State changed from 'listening' to 'recording'
2026-09-09 21:52:43.147 - RealTimeSTT: realtimestt - DEBUG - Waiting for recording stop
2026-09-09 21:52:44.746 - RealTimeSTT: realtimestt - INFO - recording stopped
2026-09-09 21:52:44.749 - RealTimeSTT: realtimestt - DEBUG - No samples removed, final audio length: 41984
2026-09-09 21:52:44.749 - RealTimeSTT: realtimestt - INFO - State changed from 'recording' to 'inactive'
2026-09-09 21:52:44.806 - RealTimeSTT: realtimestt - INFO - State changed from 'inactive' to 'transcribing'
2026-09-09 21:52:44.810 - RealTimeSTT: realtimestt - DEBUG - Adding transcription request, no early transcription started
2026-09-09 21:52:44.830 - RealTimeSTT: realtimestt - DEBUG - Receive from parent_transcription_pipe after sendiung transcription request, transcribe_count: 1
2026-09-09 21:52:44.931 - RealTimeSTT: realtimestt - DEBUG - Receive from parent_transcription_pipe after sendiung transcription request, transcribe_count: 1
2026-09-09 21:52:45.032 - RealTimeSTT: realtimestt - DEBUG - Receive from parent_transcription_pipe after sendiung transcription request, transcribe_count: 1
2026-09-09 21:52:45.133 - RealTimeSTT: realtimestt - DEBUG - Receive from parent_transcription_pipe after sendiung transcription request, transcribe_count: 1
2026-09-09 21:52:45.234 - RealTimeSTT: realtimestt - DEBUG - Receive from parent_transcription_pipe after sendiung transcription request, transcribe_count: 1
2026-09-09 21:52:45.336 - RealTimeSTT: realtimestt - DEBUG - Receive from parent_transcription_pipe after sendiung transcription request, transcribe_count: 1
2026-09-09 21:52:45.436 - RealTimeSTT: realtimestt - DEBUG - Receive from parent_transcription_pipe after sendiung transcription request, transcribe_count: 1
2026-09-09 21:52:45.538 - RealTimeSTT: realtimestt - DEBUG - Receive from parent_transcription_pipe after sendiung transcription request, transcribe_count: 1
2026-09-09 21:52:45.639 - RealTimeSTT: realtimestt - DEBUG - Receive from parent_transcription_pipe after sendiung transcription request, transcribe_count: 1
2026-09-09 21:52:45.740 - RealTimeSTT: realtimestt - DEBUG - Receive from parent_transcription_pipe after sendiung transcription request, transcribe_count: 1
2026-09-09 21:52:45.794 - RealTimeSTT: realtimestt - INFO - State changed from 'transcribing' to 'inactive'
2026-09-09 21:52:45.824 - RealTimeSTT: realtimestt - DEBUG - Model tiny completed transcription in 1.01 seconds
2026-09-09 21:52:45.827 - RealTimeSTT: realtimestt - INFO - Setting listen time
2026-09-09 21:52:45.827 - RealTimeSTT: realtimestt - INFO - State changed from 'inactive' to 'listening'
2026-09-09 21:52:45.831 - RealTimeSTT: realtimestt - DEBUG - Waiting for recording start
2026-09-09 21:52:46.346 - RealTimeSTT: realtimestt - INFO - voice activity detected
2026-09-09 21:52:46.346 - RealTimeSTT: realtimestt - INFO - recording started
2026-09-09 21:52:46.346 - RealTimeSTT: realtimestt - INFO - State changed from 'listening' to 'recording'
2026-09-09 21:52:46.347 - RealTimeSTT: realtimestt - DEBUG - Waiting for recording stop
2026-09-09 21:52:48.006 - RealTimeSTT: realtimestt - INFO - recording stopped
2026-09-09 21:52:48.009 - RealTimeSTT: realtimestt - DEBUG - No samples removed, final audio length: 43008
2026-09-09 21:52:48.010 - RealTimeSTT: realtimestt - INFO - State changed from 'recording' to 'inactive'
2026-09-09 21:52:48.096 - RealTimeSTT: realtimestt - INFO - State changed from 'inactive' to 'transcribing'
2026-09-09 21:52:48.099 - RealTimeSTT: realtimestt - DEBUG - Adding transcription request, no early transcription started
2026-09-09 21:52:48.116 - RealTimeSTT: realtimestt - DEBUG - Receive from parent_transcription_pipe after sendiung transcription request, transcribe_count: 1
2026-09-09 21:52:48.216 - RealTimeSTT: realtimestt - DEBUG - Receive from parent_transcription_pipe after sendiung transcription request, transcribe_count: 1
2026-09-09 21:52:48.318 - RealTimeSTT: realtimestt - DEBUG - Receive from parent_transcription_pipe after sendiung transcription request, transcribe_count: 1
2026-09-09 21:52:48.420 - RealTimeSTT: realtimestt - DEBUG - Receive from parent_transcription_pipe after sendiung transcription request, transcribe_count: 1
2026-09-09 21:52:48.521 - RealTimeSTT: realtimestt - DEBUG - Receive from parent_transcription_pipe after sendiung transcription request, transcribe_count: 1
2026-09-09 21:52:48.622 - RealTimeSTT: realtimestt - DEBUG - Receive from parent_transcription_pipe after sendiung transcription request, transcribe_count: 1
2026-09-09 21:52:48.722 - RealTimeSTT: realtimestt - DEBUG - Receive from parent_transcription_pipe after sendiung transcription request, transcribe_count: 1
2026-09-09 21:52:48.823 - RealTimeSTT: realtimestt - DEBUG - Receive from parent_transcription_pipe after sendiung transcription request, transcribe_count: 1
2026-09-09 21:52:48.924 - RealTimeSTT: realtimestt - DEBUG - Receive from parent_transcription_pipe after sendiung transcription request, transcribe_count: 1
2026-09-09 21:52:49.026 - RealTimeSTT: realtimestt - DEBUG - Receive from parent_transcription_pipe after sendiung transcription request, transcribe_count: 1
2026-09-09 21:52:49.030 - RealTimeSTT: realtimestt - INFO - State changed from 'transcribing' to 'inactive'
2026-09-09 21:52:49.063 - RealTimeSTT: realtimestt - DEBUG - Model tiny completed transcription in 0.96 seconds
2026-09-09 21:53:20.011 - RealTimeSTT: realtimestt - WARNING - Audio queue size exceeds latency limit. Current size: 101. Discarding old audio chunks.
2026-09-09 21:53:20.152 - RealTimeSTT: realtimestt - WARNING - Audio queue size exceeds latency limit. Current size: 101. Discarding old audio chunks.
2026-09-09 21:53:20.301 - RealTimeSTT: realtimestt - WARNING - Audio queue size exceeds latency limit. Current size: 101. Discarding old audio chunks.
2026-09-09 21:53:20.470 - RealTimeSTT: realtimestt - WARNING - Audio queue size exceeds latency limit. Current size: 101. Discarding old audio chunks.
2026-09-09 21:53:20.556 - RealTimeSTT: realtimestt - WARNING - Audio queue size exceeds latency limit. Current size: 101. Discarding old audio chunks.
2026-09-09 21:53:20.623 - RealTimeSTT: realtimestt - WARNING - Audio queue size exceeds latency limit. Current size: 101. Discarding old audio chunks.
2026-09-09 21:53:20.764 - RealTimeSTT: realtimestt - WARNING - Audio queue size exceeds latency limit. Current size: 101. Discarding old audio chunks.
2026-09-09 21:53:20.940 - RealTimeSTT: realtimestt - WARNING - Audio queue size exceeds latency limit. Current size: 101. Discarding old audio chunks.
2026-09-09 21:53:21.711 - RealTimeSTT: realtimestt - WARNING - Audio queue size exceeds latency limit. Current size: 101. Discarding old audio chunks.
2026-09-09 21:53:22.006 - RealTimeSTT: realtimestt - WARNING - Audio queue size exceeds latency limit. Current size: 101. Discarding old audio chunks.
2026-09-09 21:53:22.153 - RealTimeSTT: realtimestt - WARNING - Audio queue size exceeds latency limit. Current size: 101. Discarding old audio chunks.
2026-09-09 21:53:22.480 - RealTimeSTT: realtimestt - WARNING - Audio queue size exceeds latency limit. Current size: 101. Discarding old audio chunks.
2026-09-09 21:53:22.671 - RealTimeSTT: realtimestt - WARNING - Audio queue size exceeds latency limit. Current size: 101. Discarding old audio chunks.
2026-09-09 21:53:22.725 - RealTimeSTT: realtimestt - WARNING - Audio queue size exceeds latency limit. Current size: 101. Discarding old audio chunks.
2026-09-09 21:53:22.988 - RealTimeSTT: realtimestt - WARNING - Audio queue size exceeds latency limit. Current size: 101. Discarding old audio chunks.
2026-09-09 21:53:23.458 - RealTimeSTT: realtimestt - WARNING - Audio queue size exceeds latency limit. Current size: 101. Discarding old audio chunks.
2026-09-09 21:53:23.572 - RealTimeSTT: realtimestt - WARNING - Audio queue size exceeds latency limit. Current size: 101. Discarding old audio chunks.
2026-09-09 21:53:23.791 - RealTimeSTT: realtimestt - WARNING - Audio queue size exceeds latency limit. Current size: 101. Discarding old audio chunks.
2026-09-09 21:53:23.871 - RealTimeSTT: realtimestt - WARNING - Audio queue size exceeds latency limit. Current size: 101. Discarding old audio chunks.
2026-09-09 21:53:24.109 - RealTimeSTT: realtimestt - WARNING - Audio queue size exceeds latency limit. Current size: 103. Discarding old audio chunks.
2026-09-09 21:53:24.334 - RealTimeSTT: realtimestt - WARNING - Audio queue size exceeds latency limit. Current size: 101. Discarding old audio chunks.
2026-09-09 21:53:24.559 - RealTimeSTT: realtimestt - WARNING - Audio queue size exceeds latency limit. Current size: 101. Discarding old audio chunks.
2026-09-09 21:53:24.639 - RealTimeSTT: realtimestt - WARNING - Audio queue size exceeds latency limit. Current size: 101. Discarding old audio chunks.
2026-09-09 21:53:24.952 - RealTimeSTT: realtimestt - WARNING - Audio queue size exceeds latency limit. Current size: 101. Discarding old audio chunks.
2026-09-09 21:53:25.398 - RealTimeSTT: realtimestt - WARNING - Audio queue size exceeds latency limit. Current size: 101. Discarding old audio chunks.
2026-09-09 21:53:25.448 - RealTimeSTT: realtimestt - WARNING - Audio queue size exceeds latency limit. Current size: 101. Discarding old audio chunks.
2026-09-09 21:53:25.555 - RealTimeSTT: realtimestt - WARNING - Audio queue size exceeds latency limit. Current size: 101. Discarding old audio chunks.
2026-09-09 21:53:25.916 - RealTimeSTT: realtimestt - WARNING - Audio queue size exceeds latency limit. Current size: 101. Discarding old audio chunks.
2026-09-09 21:53:25.975 - RealTimeSTT: realtimestt - WARNING - Audio queue size exceeds latency limit. Current size: 101. Discarding old audio chunks.
2026-09-09 21:53:26.115 - RealTimeSTT: realtimestt - WARNING - Audio queue size exceeds latency limit. Current size: 101. Discarding old audio chunks.
2026-09-09 21:53:26.190 - RealTimeSTT: realtimestt - WARNING - Audio queue size exceeds latency limit. Current size: 101. Discarding old audio chunks.
2026-09-09 21:53:26.251 - RealTimeSTT: realtimestt - WARNING - Audio queue size exceeds latency limit. Current size: 101. Discarding old audio chunks.
2026-09-09 21:53:26.354 - RealTimeSTT: realtimestt - WARNING - Audio queue size exceeds latency limit. Current size: 101. Discarding old audio chunks.
2026-09-09 21:53:26.563 - RealTimeSTT: realtimestt - WARNING - Audio queue size exceeds latency limit. Current size: 101. Discarding old audio chunks.
2026-09-09 21:53:27.444 - RealTimeSTT: realtimestt - WARNING - Audio queue size exceeds latency limit. Current size: 101. Discarding old audio chunks.
2026-09-09 21:53:27.695 - RealTimeSTT: realtimestt - WARNING - Audio queue size exceeds latency limit. Current size: 101. Discarding old audio chunks.
2026-09-09 21:53:28.973 - RealTimeSTT: realtimestt - WARNING - Audio queue size exceeds latency limit. Current size: 101. Discarding old audio chunks.
2026-09-09 21:53:29.127 - RealTimeSTT: realtimestt - WARNING - Audio queue size exceeds latency limit. Current size: 101. Discarding old audio chunks.
2026-09-09 21:53:29.272 - RealTimeSTT: realtimestt - WARNING - Audio queue size exceeds latency limit. Current size: 101. Discarding old audio chunks.
2026-09-09 21:53:29.372 - RealTimeSTT: realtimestt - WARNING - Audio queue size exceeds latency limit. Current size: 101. Discarding old audio chunks.
2026-09-09 21:53:29.486 - RealTimeSTT: realtimestt - WARNING - Audio queue size exceeds latency limit. Current size: 101. Discarding old audio chunks.
2026-09-09 21:53:29.806 - RealTimeSTT: realtimestt - WARNING - Audio queue size exceeds latency limit. Current size: 101. Discarding old audio chunks.
2026-09-09 21:53:29.877 - RealTimeSTT: realtimestt - WARNING - Audio queue size exceeds latency limit. Current size: 101. Discarding old audio chunks.
2026-09-09 21:53:29.943 - RealTimeSTT: realtimestt - WARNING - Audio queue size exceeds latency limit. Current size: 101. Discarding old audio chunks.
2026-09-09 21:53:30.004 - RealTimeSTT: realtimestt - WARNING - Audio queue size exceeds latency limit. Current size: 101. Discarding old audio chunks.
2026-09-09 21:53:30.102 - RealTimeSTT: realtimestt - WARNING - Audio queue size exceeds latency limit. Current size: 101. Discarding old audio chunks.
2026-09-09 21:54:32.576 - RealTimeSTT: realtimestt - INFO - Starting RealTimeSTT
2026-09-09 21:54:32.643 - RealTimeSTT: realtimestt - INFO - Initializing audio recording (creating pyAudio input stream, sample rate: 16000 buffer size: 512
2026-09-09 21:54:32.686 - RealTimeSTT: realtimestt - INFO - Initializing WebRTC voice with Sensitivity 3
2026-09-09 21:54:32.686 - RealTimeSTT: realtimestt - DEBUG - WebRTC VAD voice activity detection engine initialized successfully
2026-09-09 21:54:32.843 - RealTimeSTT: realtimestt - DEBUG - Silero VAD voice activity detection engine initialized successfully with backend raw_onnx_ifless
2026-09-09 21:54:32.847 - RealTimeSTT: realtimestt - DEBUG - Starting realtime worker
2026-09-09 21:54:32.847 - RealTimeSTT: realtimestt - DEBUG - Waiting for main transcription model to start
2026-09-09 21:54:32.847 - RealTimeSTT: realtimestt - DEBUG - Realtime transcription disabled; realtime worker exits
2026-09-09 21:54:52.585 - RealTimeSTT: realtimestt - DEBUG - Main transcription model ready
2026-09-09 21:54:52.586 - RealTimeSTT: realtimestt - DEBUG - RealtimeSTT initialization completed successfully
2026-09-09 21:54:53.078 - RealTimeSTT: realtimestt - INFO - Setting listen time
2026-09-09 21:54:53.078 - RealTimeSTT: realtimestt - INFO - State changed from 'inactive' to 'listening'
2026-09-09 21:54:53.083 - RealTimeSTT: realtimestt - DEBUG - Waiting for recording start
2026-09-09 21:54:54.816 - RealTimeSTT: realtimestt - INFO - voice activity detected
2026-09-09 21:54:54.816 - RealTimeSTT: realtimestt - INFO - recording started
2026-09-09 21:54:54.816 - RealTimeSTT: realtimestt - INFO - State changed from 'listening' to 'recording'
2026-09-09 21:54:54.817 - RealTimeSTT: realtimestt - DEBUG - Waiting for recording stop
2026-09-09 21:54:57.436 - RealTimeSTT: realtimestt - INFO - recording stopped
2026-09-09 21:54:57.439 - RealTimeSTT: realtimestt - DEBUG - No samples removed, final audio length: 58368
2026-09-09 21:54:57.439 - RealTimeSTT: realtimestt - INFO - State changed from 'recording' to 'inactive'
2026-09-09 21:54:57.449 - RealTimeSTT: realtimestt - INFO - State changed from 'inactive' to 'transcribing'
2026-09-09 21:54:57.453 - RealTimeSTT: realtimestt - DEBUG - Adding transcription request, no early transcription started
2026-09-09 21:54:57.465 - RealTimeSTT: realtimestt - DEBUG - Receive from parent_transcription_pipe after sendiung transcription request, transcribe_count: 1
2026-09-09 21:54:57.566 - RealTimeSTT: realtimestt - DEBUG - Receive from parent_transcription_pipe after sendiung transcription request, transcribe_count: 1
2026-09-09 21:54:57.668 - RealTimeSTT: realtimestt - DEBUG - Receive from parent_transcription_pipe after sendiung transcription request, transcribe_count: 1
2026-09-09 21:54:57.769 - RealTimeSTT: realtimestt - DEBUG - Receive from parent_transcription_pipe after sendiung transcription request, transcribe_count: 1
2026-09-09 21:54:57.870 - RealTimeSTT: realtimestt - DEBUG - Receive from parent_transcription_pipe after sendiung transcription request, transcribe_count: 1
2026-09-09 21:54:57.971 - RealTimeSTT: realtimestt - DEBUG - Receive from parent_transcription_pipe after sendiung transcription request, transcribe_count: 1
2026-09-09 21:54:58.072 - RealTimeSTT: realtimestt - DEBUG - Receive from parent_transcription_pipe after sendiung transcription request, transcribe_count: 1
2026-09-09 21:54:58.173 - RealTimeSTT: realtimestt - DEBUG - Receive from parent_transcription_pipe after sendiung transcription request, transcribe_count: 1
2026-09-09 21:54:58.274 - RealTimeSTT: realtimestt - DEBUG - Receive from parent_transcription_pipe after sendiung transcription request, transcribe_count: 1
2026-09-09 21:54:58.375 - RealTimeSTT: realtimestt - DEBUG - Receive from parent_transcription_pipe after sendiung transcription request, transcribe_count: 1
2026-09-09 21:54:58.442 - RealTimeSTT: realtimestt - INFO - State changed from 'transcribing' to 'inactive'
2026-09-09 21:54:58.470 - RealTimeSTT: realtimestt - DEBUG - Model tiny completed transcription in 1.02 seconds
2026-09-09 21:54:58.472 - RealTimeSTT: realtimestt - INFO - Setting listen time
2026-09-09 21:54:58.473 - RealTimeSTT: realtimestt - INFO - State changed from 'inactive' to 'listening'
2026-09-09 21:54:58.478 - RealTimeSTT: realtimestt - DEBUG - Waiting for recording start
2026-09-09 21:55:00.317 - RealTimeSTT: realtimestt - INFO - voice activity detected
2026-09-09 21:55:00.318 - RealTimeSTT: realtimestt - INFO - recording started
2026-09-09 21:55:00.318 - RealTimeSTT: realtimestt - INFO - State changed from 'listening' to 'recording'
2026-09-09 21:55:00.318 - RealTimeSTT: realtimestt - DEBUG - Waiting for recording stop
2026-09-09 21:55:01.857 - RealTimeSTT: realtimestt - INFO - recording stopped
2026-09-09 21:55:01.859 - RealTimeSTT: realtimestt - DEBUG - No samples removed, final audio length: 40960
2026-09-09 21:55:01.859 - RealTimeSTT: realtimestt - INFO - State changed from 'recording' to 'inactive'
2026-09-09 21:55:01.891 - RealTimeSTT: realtimestt - INFO - State changed from 'inactive' to 'transcribing'
2026-09-09 21:55:01.895 - RealTimeSTT: realtimestt - DEBUG - Adding transcription request, no early transcription started
2026-09-09 21:55:01.914 - RealTimeSTT: realtimestt - DEBUG - Receive from parent_transcription_pipe after sendiung transcription request, transcribe_count: 1
2026-09-09 21:55:02.016 - RealTimeSTT: realtimestt - DEBUG - Receive from parent_transcription_pipe after sendiung transcription request, transcribe_count: 1
2026-09-09 21:55:02.117 - RealTimeSTT: realtimestt - DEBUG - Receive from parent_transcription_pipe after sendiung transcription request, transcribe_count: 1
2026-09-09 21:55:02.218 - RealTimeSTT: realtimestt - DEBUG - Receive from parent_transcription_pipe after sendiung transcription request, transcribe_count: 1
2026-09-09 21:55:02.319 - RealTimeSTT: realtimestt - DEBUG - Receive from parent_transcription_pipe after sendiung transcription request, transcribe_count: 1
2026-09-09 21:55:02.420 - RealTimeSTT: realtimestt - DEBUG - Receive from parent_transcription_pipe after sendiung transcription request, transcribe_count: 1
2026-09-09 21:55:02.521 - RealTimeSTT: realtimestt - DEBUG - Receive from parent_transcription_pipe after sendiung transcription request, transcribe_count: 1
2026-09-09 21:55:02.622 - RealTimeSTT: realtimestt - DEBUG - Receive from parent_transcription_pipe after sendiung transcription request, transcribe_count: 1
2026-09-09 21:55:02.723 - RealTimeSTT: realtimestt - DEBUG - Receive from parent_transcription_pipe after sendiung transcription request, transcribe_count: 1
2026-09-09 21:55:02.824 - RealTimeSTT: realtimestt - DEBUG - Receive from parent_transcription_pipe after sendiung transcription request, transcribe_count: 1
2026-09-09 21:55:02.847 - RealTimeSTT: realtimestt - INFO - State changed from 'transcribing' to 'inactive'
2026-09-09 21:55:02.860 - RealTimeSTT: realtimestt - DEBUG - Model tiny completed transcription in 0.96 seconds
2026-09-09 21:55:02.862 - RealTimeSTT: realtimestt - INFO - recording stopped
2026-09-09 21:55:35.304 - RealTimeSTT: realtimestt - INFO - Setting listen time
2026-09-09 21:55:35.304 - RealTimeSTT: realtimestt - INFO - State changed from 'inactive' to 'listening'
2026-09-09 21:55:35.309 - RealTimeSTT: realtimestt - DEBUG - Waiting for recording start
2026-09-09 21:55:37.117 - RealTimeSTT: realtimestt - INFO - voice activity detected
2026-09-09 21:55:37.117 - RealTimeSTT: realtimestt - INFO - recording started
2026-09-09 21:55:37.117 - RealTimeSTT: realtimestt - INFO - State changed from 'listening' to 'recording'
2026-09-09 21:55:37.117 - RealTimeSTT: realtimestt - DEBUG - Waiting for recording stop
2026-09-09 21:55:38.907 - RealTimeSTT: realtimestt - INFO - recording stopped
2026-09-09 21:55:38.910 - RealTimeSTT: realtimestt - DEBUG - No samples removed, final audio length: 45056
2026-09-09 21:55:38.910 - RealTimeSTT: realtimestt - INFO - State changed from 'recording' to 'inactive'
2026-09-09 21:55:38.925 - RealTimeSTT: realtimestt - INFO - State changed from 'inactive' to 'transcribing'
2026-09-09 21:55:38.931 - RealTimeSTT: realtimestt - DEBUG - Adding transcription request, no early transcription started
2026-09-09 21:55:38.942 - RealTimeSTT: realtimestt - DEBUG - Receive from parent_transcription_pipe after sendiung transcription request, transcribe_count: 1
2026-09-09 21:55:39.043 - RealTimeSTT: realtimestt - DEBUG - Receive from parent_transcription_pipe after sendiung transcription request, transcribe_count: 1
2026-09-09 21:55:39.143 - RealTimeSTT: realtimestt - DEBUG - Receive from parent_transcription_pipe after sendiung transcription request, transcribe_count: 1
2026-09-09 21:55:39.244 - RealTimeSTT: realtimestt - DEBUG - Receive from parent_transcription_pipe after sendiung transcription request, transcribe_count: 1
2026-09-09 21:55:39.345 - RealTimeSTT: realtimestt - DEBUG - Receive from parent_transcription_pipe after sendiung transcription request, transcribe_count: 1
2026-09-09 21:55:39.446 - RealTimeSTT: realtimestt - DEBUG - Receive from parent_transcription_pipe after sendiung transcription request, transcribe_count: 1
2026-09-09 21:55:39.546 - RealTimeSTT: realtimestt - DEBUG - Receive from parent_transcription_pipe after sendiung transcription request, transcribe_count: 1
2026-09-09 21:55:39.647 - RealTimeSTT: realtimestt - DEBUG - Receive from parent_transcription_pipe after sendiung transcription request, transcribe_count: 1
2026-09-09 21:55:39.747 - RealTimeSTT: realtimestt - DEBUG - Receive from parent_transcription_pipe after sendiung transcription request, transcribe_count: 1
2026-09-09 21:55:39.849 - RealTimeSTT: realtimestt - DEBUG - Receive from parent_transcription_pipe after sendiung transcription request, transcribe_count: 1
2026-09-09 21:55:39.915 - RealTimeSTT: realtimestt - INFO - State changed from 'transcribing' to 'inactive'
2026-09-09 21:55:39.946 - RealTimeSTT: realtimestt - DEBUG - Model tiny completed transcription in 1.01 seconds
2026-09-09 21:55:39.947 - RealTimeSTT: realtimestt - INFO - Setting listen time
2026-09-09 21:55:39.948 - RealTimeSTT: realtimestt - INFO - State changed from 'inactive' to 'listening'
2026-09-09 21:55:39.951 - RealTimeSTT: realtimestt - DEBUG - Waiting for recording start
2026-09-09 21:55:40.766 - RealTimeSTT: realtimestt - INFO - voice activity detected
2026-09-09 21:55:40.766 - RealTimeSTT: realtimestt - INFO - recording started
2026-09-09 21:55:40.766 - RealTimeSTT: realtimestt - INFO - State changed from 'listening' to 'recording'
2026-09-09 21:55:40.766 - RealTimeSTT: realtimestt - DEBUG - Waiting for recording stop
2026-09-09 21:55:42.556 - RealTimeSTT: realtimestt - INFO - recording stopped
2026-09-09 21:55:42.560 - RealTimeSTT: realtimestt - DEBUG - No samples removed, final audio length: 45056
2026-09-09 21:55:42.560 - RealTimeSTT: realtimestt - INFO - State changed from 'recording' to 'inactive'
2026-09-09 21:55:42.643 - RealTimeSTT: realtimestt - INFO - State changed from 'inactive' to 'transcribing'
2026-09-09 21:55:42.646 - RealTimeSTT: realtimestt - DEBUG - Adding transcription request, no early transcription started
2026-09-09 21:55:42.647 - RealTimeSTT: realtimestt - DEBUG - Receive from parent_transcription_pipe after sendiung transcription request, transcribe_count: 1
2026-09-09 21:55:42.748 - RealTimeSTT: realtimestt - DEBUG - Receive from parent_transcription_pipe after sendiung transcription request, transcribe_count: 1
2026-09-09 21:55:42.849 - RealTimeSTT: realtimestt - DEBUG - Receive from parent_transcription_pipe after sendiung transcription request, transcribe_count: 1
2026-09-09 21:55:42.950 - RealTimeSTT: realtimestt - DEBUG - Receive from parent_transcription_pipe after sendiung transcription request, transcribe_count: 1
2026-09-09 21:55:43.050 - RealTimeSTT: realtimestt - DEBUG - Receive from parent_transcription_pipe after sendiung transcription request, transcribe_count: 1
2026-09-09 21:55:43.150 - RealTimeSTT: realtimestt - DEBUG - Receive from parent_transcription_pipe after sendiung transcription request, transcribe_count: 1
2026-09-09 21:55:43.251 - RealTimeSTT: realtimestt - DEBUG - Receive from parent_transcription_pipe after sendiung transcription request, transcribe_count: 1
2026-09-09 21:55:43.352 - RealTimeSTT: realtimestt - DEBUG - Receive from parent_transcription_pipe after sendiung transcription request, transcribe_count: 1
2026-09-09 21:55:43.453 - RealTimeSTT: realtimestt - DEBUG - Receive from parent_transcription_pipe after sendiung transcription request, transcribe_count: 1
2026-09-09 21:55:43.557 - RealTimeSTT: realtimestt - DEBUG - Receive from parent_transcription_pipe after sendiung transcription request, transcribe_count: 1
2026-09-09 21:55:43.570 - RealTimeSTT: realtimestt - INFO - State changed from 'transcribing' to 'inactive'
2026-09-09 21:55:43.610 - RealTimeSTT: realtimestt - DEBUG - Model tiny completed transcription in 0.96 seconds
2026-09-09 21:55:43.612 - RealTimeSTT: realtimestt - INFO - Setting listen time
2026-09-09 21:55:43.612 - RealTimeSTT: realtimestt - INFO - State changed from 'inactive' to 'listening'
2026-09-09 21:55:43.617 - RealTimeSTT: realtimestt - DEBUG - Waiting for recording start
2026-09-09 21:55:50.496 - RealTimeSTT: realtimestt - INFO - voice activity detected
2026-09-09 21:55:50.496 - RealTimeSTT: realtimestt - INFO - recording started
2026-09-09 21:55:50.496 - RealTimeSTT: realtimestt - INFO - State changed from 'listening' to 'recording'
2026-09-09 21:55:50.496 - RealTimeSTT: realtimestt - DEBUG - Waiting for recording stop
2026-09-09 21:55:52.286 - RealTimeSTT: realtimestt - INFO - recording stopped
2026-09-09 21:55:52.289 - RealTimeSTT: realtimestt - DEBUG - No samples removed, final audio length: 45056
2026-09-09 21:55:52.289 - RealTimeSTT: realtimestt - INFO - State changed from 'recording' to 'inactive'
2026-09-09 21:55:52.348 - RealTimeSTT: realtimestt - INFO - State changed from 'inactive' to 'transcribing'
2026-09-09 21:55:52.352 - RealTimeSTT: realtimestt - DEBUG - Adding transcription request, no early transcription started
2026-09-09 21:55:52.353 - RealTimeSTT: realtimestt - DEBUG - Receive from parent_transcription_pipe after sendiung transcription request, transcribe_count: 1
2026-09-09 21:55:52.455 - RealTimeSTT: realtimestt - DEBUG - Receive from parent_transcription_pipe after sendiung transcription request, transcribe_count: 1
2026-09-09 21:55:52.555 - RealTimeSTT: realtimestt - DEBUG - Receive from parent_transcription_pipe after sendiung transcription request, transcribe_count: 1
2026-09-09 21:55:52.655 - RealTimeSTT: realtimestt - DEBUG - Receive from parent_transcription_pipe after sendiung transcription request, transcribe_count: 1
2026-09-09 21:55:52.756 - RealTimeSTT: realtimestt - DEBUG - Receive from parent_transcription_pipe after sendiung transcription request, transcribe_count: 1
2026-09-09 21:55:52.857 - RealTimeSTT: realtimestt - DEBUG - Receive from parent_transcription_pipe after sendiung transcription request, transcribe_count: 1
2026-09-09 21:55:52.957 - RealTimeSTT: realtimestt - DEBUG - Receive from parent_transcription_pipe after sendiung transcription request, transcribe_count: 1
2026-09-09 21:55:53.058 - RealTimeSTT: realtimestt - DEBUG - Receive from parent_transcription_pipe after sendiung transcription request, transcribe_count: 1
2026-09-09 21:55:53.160 - RealTimeSTT: realtimestt - DEBUG - Receive from parent_transcription_pipe after sendiung transcription request, transcribe_count: 1
2026-09-09 21:55:53.261 - RealTimeSTT: realtimestt - DEBUG - Receive from parent_transcription_pipe after sendiung transcription request, transcribe_count: 1
2026-09-09 21:55:53.326 - RealTimeSTT: realtimestt - INFO - State changed from 'transcribing' to 'inactive'
2026-09-09 21:55:53.365 - RealTimeSTT: realtimestt - DEBUG - Model tiny completed transcription in 1.01 seconds
2026-09-09 21:55:53.367 - RealTimeSTT: realtimestt - INFO - recording stopped
2026-09-09 21:56:27.780 - RealTimeSTT: realtimestt - INFO - Setting listen time
2026-09-09 21:56:27.781 - RealTimeSTT: realtimestt - INFO - State changed from 'inactive' to 'listening'
2026-09-09 21:56:27.785 - RealTimeSTT: realtimestt - DEBUG - Waiting for recording start
2026-09-09 21:56:30.046 - RealTimeSTT: realtimestt - INFO - voice activity detected
2026-09-09 21:56:30.046 - RealTimeSTT: realtimestt - INFO - recording started
2026-09-09 21:56:30.047 - RealTimeSTT: realtimestt - INFO - State changed from 'listening' to 'recording'
2026-09-09 21:56:30.047 - RealTimeSTT: realtimestt - DEBUG - Waiting for recording stop
2026-09-09 21:56:31.516 - RealTimeSTT: realtimestt - INFO - recording stopped
2026-09-09 21:56:31.519 - RealTimeSTT: realtimestt - DEBUG - No samples removed, final audio length: 39936
2026-09-09 21:56:31.520 - RealTimeSTT: realtimestt - INFO - State changed from 'recording' to 'inactive'
2026-09-09 21:56:31.597 - RealTimeSTT: realtimestt - INFO - State changed from 'inactive' to 'transcribing'
2026-09-09 21:56:31.600 - RealTimeSTT: realtimestt - DEBUG - Adding transcription request, no early transcription started
2026-09-09 21:56:31.606 - RealTimeSTT: realtimestt - DEBUG - Receive from parent_transcription_pipe after sendiung transcription request, transcribe_count: 1
2026-09-09 21:56:31.709 - RealTimeSTT: realtimestt - DEBUG - Receive from parent_transcription_pipe after sendiung transcription request, transcribe_count: 1
2026-09-09 21:56:31.810 - RealTimeSTT: realtimestt - DEBUG - Receive from parent_transcription_pipe after sendiung transcription request, transcribe_count: 1
2026-09-09 21:56:31.910 - RealTimeSTT: realtimestt - DEBUG - Receive from parent_transcription_pipe after sendiung transcription request, transcribe_count: 1
2026-09-09 21:56:32.011 - RealTimeSTT: realtimestt - DEBUG - Receive from parent_transcription_pipe after sendiung transcription request, transcribe_count: 1
2026-09-09 21:56:32.112 - RealTimeSTT: realtimestt - DEBUG - Receive from parent_transcription_pipe after sendiung transcription request, transcribe_count: 1
2026-09-09 21:56:32.213 - RealTimeSTT: realtimestt - DEBUG - Receive from parent_transcription_pipe after sendiung transcription request, transcribe_count: 1
2026-09-09 21:56:32.316 - RealTimeSTT: realtimestt - DEBUG - Receive from parent_transcription_pipe after sendiung transcription request, transcribe_count: 1
2026-09-09 21:56:32.416 - RealTimeSTT: realtimestt - DEBUG - Receive from parent_transcription_pipe after sendiung transcription request, transcribe_count: 1
2026-09-09 21:56:32.520 - RealTimeSTT: realtimestt - DEBUG - Receive from parent_transcription_pipe after sendiung transcription request, transcribe_count: 1
2026-09-09 21:56:32.562 - RealTimeSTT: realtimestt - INFO - State changed from 'transcribing' to 'inactive'
2026-09-09 21:56:32.615 - RealTimeSTT: realtimestt - DEBUG - Model tiny completed transcription in 1.01 seconds
2026-09-09 21:56:32.618 - RealTimeSTT: realtimestt - INFO - Setting listen time
2026-09-09 21:56:32.618 - RealTimeSTT: realtimestt - INFO - State changed from 'inactive' to 'listening'
2026-09-09 21:56:32.621 - RealTimeSTT: realtimestt - DEBUG - Waiting for recording start
2026-09-09 21:56:34.776 - RealTimeSTT: realtimestt - INFO - voice activity detected
2026-09-09 21:56:34.776 - RealTimeSTT: realtimestt - INFO - recording started
2026-09-09 21:56:34.776 - RealTimeSTT: realtimestt - INFO - State changed from 'listening' to 'recording'
2026-09-09 21:56:34.777 - RealTimeSTT: realtimestt - DEBUG - Waiting for recording stop
2026-09-09 21:56:38.176 - RealTimeSTT: realtimestt - INFO - recording stopped
2026-09-09 21:56:38.180 - RealTimeSTT: realtimestt - DEBUG - No samples removed, final audio length: 70656
2026-09-09 21:56:38.180 - RealTimeSTT: realtimestt - INFO - State changed from 'recording' to 'inactive'
2026-09-09 21:56:38.197 - RealTimeSTT: realtimestt - INFO - State changed from 'inactive' to 'transcribing'
2026-09-09 21:56:38.201 - RealTimeSTT: realtimestt - DEBUG - Adding transcription request, no early transcription started
2026-09-09 21:56:38.208 - RealTimeSTT: realtimestt - DEBUG - Receive from parent_transcription_pipe after sendiung transcription request, transcribe_count: 1
2026-09-09 21:56:38.309 - RealTimeSTT: realtimestt - DEBUG - Receive from parent_transcription_pipe after sendiung transcription request, transcribe_count: 1
2026-09-09 21:56:38.410 - RealTimeSTT: realtimestt - DEBUG - Receive from parent_transcription_pipe after sendiung transcription request, transcribe_count: 1
2026-09-09 21:56:38.512 - RealTimeSTT: realtimestt - DEBUG - Receive from parent_transcription_pipe after sendiung transcription request, transcribe_count: 1
2026-09-09 21:56:38.613 - RealTimeSTT: realtimestt - DEBUG - Receive from parent_transcription_pipe after sendiung transcription request, transcribe_count: 1
2026-09-09 21:56:38.714 - RealTimeSTT: realtimestt - DEBUG - Receive from parent_transcription_pipe after sendiung transcription request, transcribe_count: 1
2026-09-09 21:56:38.815 - RealTimeSTT: realtimestt - DEBUG - Receive from parent_transcription_pipe after sendiung transcription request, transcribe_count: 1
2026-09-09 21:56:38.916 - RealTimeSTT: realtimestt - DEBUG - Receive from parent_transcription_pipe after sendiung transcription request, transcribe_count: 1
2026-09-09 21:56:39.017 - RealTimeSTT: realtimestt - DEBUG - Receive from parent_transcription_pipe after sendiung transcription request, transcribe_count: 1
2026-09-09 21:56:39.119 - RealTimeSTT: realtimestt - DEBUG - Receive from parent_transcription_pipe after sendiung transcription request, transcribe_count: 1
2026-09-09 21:56:39.131 - RealTimeSTT: realtimestt - INFO - State changed from 'transcribing' to 'inactive'
2026-09-09 21:56:39.165 - RealTimeSTT: realtimestt - DEBUG - Model tiny completed transcription in 0.96 seconds
2026-09-09 21:56:39.167 - RealTimeSTT: realtimestt - INFO - recording stopped
2026-09-09 21:56:46.242 - RealTimeSTT: realtimestt - INFO - voice activity detected
2026-09-09 21:56:46.243 - RealTimeSTT: realtimestt - INFO - recording started
2026-09-09 21:56:46.243 - RealTimeSTT: realtimestt - INFO - State changed from 'inactive' to 'recording'
2026-09-09 21:56:48.796 - RealTimeSTT: realtimestt - INFO - recording stopped
2026-09-09 21:56:54.617 - RealTimeSTT: realtimestt - INFO - voice activity detected
2026-09-09 21:56:54.618 - RealTimeSTT: realtimestt - INFO - recording started
2026-09-09 21:56:56.737 - RealTimeSTT: realtimestt - INFO - recording stopped
2026-09-09 21:56:59.936 - RealTimeSTT: realtimestt - INFO - voice activity detected
2026-09-09 21:56:59.936 - RealTimeSTT: realtimestt - INFO - recording started
2026-09-09 21:57:02.618 - RealTimeSTT: realtimestt - INFO - recording stopped
2026-09-09 21:57:06.456 - RealTimeSTT: realtimestt - INFO - voice activity detected
2026-09-09 21:57:06.456 - RealTimeSTT: realtimestt - INFO - recording started
2026-09-09 21:57:08.648 - RealTimeSTT: realtimestt - INFO - Setting listen time
2026-09-09 21:57:08.649 - RealTimeSTT: realtimestt - DEBUG - No samples removed, final audio length: 56832
2026-09-09 21:57:08.649 - RealTimeSTT: realtimestt - INFO - State changed from 'recording' to 'transcribing'
2026-09-09 21:57:08.649 - RealTimeSTT: realtimestt - DEBUG - Adding transcription request, no early transcription started
2026-09-09 21:57:08.661 - RealTimeSTT: realtimestt - DEBUG - Receive from parent_transcription_pipe after sendiung transcription request, transcribe_count: 1
2026-09-09 21:57:08.762 - RealTimeSTT: realtimestt - DEBUG - Receive from parent_transcription_pipe after sendiung transcription request, transcribe_count: 1
2026-09-09 21:57:08.827 - RealTimeSTT: realtimestt - INFO - recording stopped
2026-09-09 21:57:08.864 - RealTimeSTT: realtimestt - DEBUG - Receive from parent_transcription_pipe after sendiung transcription request, transcribe_count: 1
2026-09-09 21:57:08.965 - RealTimeSTT: realtimestt - DEBUG - Receive from parent_transcription_pipe after sendiung transcription request, transcribe_count: 1
2026-09-09 21:57:09.066 - RealTimeSTT: realtimestt - DEBUG - Receive from parent_transcription_pipe after sendiung transcription request, transcribe_count: 1
2026-09-09 21:57:09.166 - RealTimeSTT: realtimestt - DEBUG - Receive from parent_transcription_pipe after sendiung transcription request, transcribe_count: 1
2026-09-09 21:57:09.267 - RealTimeSTT: realtimestt - DEBUG - Receive from parent_transcription_pipe after sendiung transcription request, transcribe_count: 1
2026-09-09 21:57:09.370 - RealTimeSTT: realtimestt - DEBUG - Receive from parent_transcription_pipe after sendiung transcription request, transcribe_count: 1
2026-09-09 21:57:09.471 - RealTimeSTT: realtimestt - DEBUG - Receive from parent_transcription_pipe after sendiung transcription request, transcribe_count: 1
2026-09-09 21:57:09.571 - RealTimeSTT: realtimestt - DEBUG - Receive from parent_transcription_pipe after sendiung transcription request, transcribe_count: 1
2026-09-09 21:57:09.648 - RealTimeSTT: realtimestt - INFO - State changed from 'transcribing' to 'inactive'
2026-09-09 21:57:09.660 - RealTimeSTT: realtimestt - DEBUG - Model tiny completed transcription in 1.01 seconds
2026-09-09 21:57:09.662 - RealTimeSTT: realtimestt - INFO - Setting listen time
2026-09-09 21:57:09.663 - RealTimeSTT: realtimestt - DEBUG - No samples removed, final audio length: 50176
2026-09-09 21:57:09.663 - RealTimeSTT: realtimestt - INFO - State changed from 'inactive' to 'transcribing'
2026-09-09 21:57:09.666 - RealTimeSTT: realtimestt - DEBUG - Adding transcription request, no early transcription started
2026-09-09 21:57:09.667 - RealTimeSTT: realtimestt - DEBUG - Receive from parent_transcription_pipe after sendiung transcription request, transcribe_count: 1
2026-09-09 21:57:09.768 - RealTimeSTT: realtimestt - DEBUG - Receive from parent_transcription_pipe after sendiung transcription request, transcribe_count: 1
2026-09-09 21:57:09.868 - RealTimeSTT: realtimestt - DEBUG - Receive from parent_transcription_pipe after sendiung transcription request, transcribe_count: 1
2026-09-09 21:57:09.970 - RealTimeSTT: realtimestt - DEBUG - Receive from parent_transcription_pipe after sendiung transcription request, transcribe_count: 1
2026-09-09 21:57:10.070 - RealTimeSTT: realtimestt - DEBUG - Receive from parent_transcription_pipe after sendiung transcription request, transcribe_count: 1
2026-09-09 21:57:10.170 - RealTimeSTT: realtimestt - DEBUG - Receive from parent_transcription_pipe after sendiung transcription request, transcribe_count: 1
2026-09-09 21:57:10.271 - RealTimeSTT: realtimestt - DEBUG - Receive from parent_transcription_pipe after sendiung transcription request, transcribe_count: 1
2026-09-09 21:57:10.372 - RealTimeSTT: realtimestt - DEBUG - Receive from parent_transcription_pipe after sendiung transcription request, transcribe_count: 1
2026-09-09 21:57:10.475 - RealTimeSTT: realtimestt - DEBUG - Receive from parent_transcription_pipe after sendiung transcription request, transcribe_count: 1
2026-09-09 21:57:10.575 - RealTimeSTT: realtimestt - DEBUG - Receive from parent_transcription_pipe after sendiung transcription request, transcribe_count: 1
2026-09-09 21:57:10.579 - RealTimeSTT: realtimestt - INFO - State changed from 'transcribing' to 'inactive'
2026-09-09 21:57:10.582 - RealTimeSTT: realtimestt - DEBUG - Model tiny completed transcription in 0.92 seconds
2026-09-09 21:57:10.583 - RealTimeSTT: realtimestt - INFO - Setting listen time
2026-09-09 21:57:10.583 - RealTimeSTT: realtimestt - DEBUG - No samples removed, final audio length: 59392
2026-09-09 21:57:10.584 - RealTimeSTT: realtimestt - INFO - State changed from 'inactive' to 'transcribing'
2026-09-09 21:57:10.586 - RealTimeSTT: realtimestt - DEBUG - Adding transcription request, no early transcription started
2026-09-09 21:57:10.604 - RealTimeSTT: realtimestt - DEBUG - Receive from parent_transcription_pipe after sendiung transcription request, transcribe_count: 1
2026-09-09 21:57:10.705 - RealTimeSTT: realtimestt - DEBUG - Receive from parent_transcription_pipe after sendiung transcription request, transcribe_count: 1
2026-09-09 21:57:10.806 - RealTimeSTT: realtimestt - DEBUG - Receive from parent_transcription_pipe after sendiung transcription request, transcribe_count: 1
2026-09-09 21:57:10.906 - RealTimeSTT: realtimestt - DEBUG - Receive from parent_transcription_pipe after sendiung transcription request, transcribe_count: 1
2026-09-09 21:57:11.008 - RealTimeSTT: realtimestt - DEBUG - Receive from parent_transcription_pipe after sendiung transcription request, transcribe_count: 1
2026-09-09 21:57:11.108 - RealTimeSTT: realtimestt - DEBUG - Receive from parent_transcription_pipe after sendiung transcription request, transcribe_count: 1
2026-09-09 21:57:11.209 - RealTimeSTT: realtimestt - DEBUG - Receive from parent_transcription_pipe after sendiung transcription request, transcribe_count: 1
2026-09-09 21:57:11.310 - RealTimeSTT: realtimestt - DEBUG - Receive from parent_transcription_pipe after sendiung transcription request, transcribe_count: 1
2026-09-09 21:57:11.411 - RealTimeSTT: realtimestt - DEBUG - Receive from parent_transcription_pipe after sendiung transcription request, transcribe_count: 1
2026-09-09 21:57:11.512 - RealTimeSTT: realtimestt - DEBUG - Receive from parent_transcription_pipe after sendiung transcription request, transcribe_count: 1
2026-09-09 21:57:11.526 - RealTimeSTT: realtimestt - INFO - State changed from 'transcribing' to 'inactive'
2026-09-09 21:57:11.550 - RealTimeSTT: realtimestt - DEBUG - Model tiny completed transcription in 0.96 seconds
2026-09-09 21:57:11.552 - RealTimeSTT: realtimestt - INFO - Setting listen time
2026-09-09 21:57:11.553 - RealTimeSTT: realtimestt - DEBUG - No samples removed, final audio length: 54272
2026-09-09 21:57:11.553 - RealTimeSTT: realtimestt - INFO - State changed from 'inactive' to 'transcribing'
2026-09-09 21:57:11.556 - RealTimeSTT: realtimestt - DEBUG - Adding transcription request, no early transcription started
2026-09-09 21:57:11.567 - RealTimeSTT: realtimestt - DEBUG - Receive from parent_transcription_pipe after sendiung transcription request, transcribe_count: 1
2026-09-09 21:57:11.668 - RealTimeSTT: realtimestt - DEBUG - Receive from parent_transcription_pipe after sendiung transcription request, transcribe_count: 1
2026-09-09 21:57:11.769 - RealTimeSTT: realtimestt - DEBUG - Receive from parent_transcription_pipe after sendiung transcription request, transcribe_count: 1
2026-09-09 21:57:11.870 - RealTimeSTT: realtimestt - DEBUG - Receive from parent_transcription_pipe after sendiung transcription request, transcribe_count: 1
2026-09-09 21:57:11.972 - RealTimeSTT: realtimestt - DEBUG - Receive from parent_transcription_pipe after sendiung transcription request, transcribe_count: 1
2026-09-09 21:57:12.073 - RealTimeSTT: realtimestt - DEBUG - Receive from parent_transcription_pipe after sendiung transcription request, transcribe_count: 1
2026-09-09 21:57:12.173 - RealTimeSTT: realtimestt - DEBUG - Receive from parent_transcription_pipe after sendiung transcription request, transcribe_count: 1
2026-09-09 21:57:12.274 - RealTimeSTT: realtimestt - DEBUG - Receive from parent_transcription_pipe after sendiung transcription request, transcribe_count: 1
2026-09-09 21:57:12.376 - RealTimeSTT: realtimestt - DEBUG - Receive from parent_transcription_pipe after sendiung transcription request, transcribe_count: 1
2026-09-09 21:57:12.476 - RealTimeSTT: realtimestt - DEBUG - Receive from parent_transcription_pipe after sendiung transcription request, transcribe_count: 1
2026-09-09 21:57:12.477 - RealTimeSTT: realtimestt - INFO - State changed from 'transcribing' to 'inactive'
2026-09-09 21:57:12.497 - RealTimeSTT: realtimestt - DEBUG - Model tiny completed transcription in 0.94 seconds
2026-09-09 21:57:12.498 - RealTimeSTT: realtimestt - INFO - Setting listen time
2026-09-09 21:57:12.498 - RealTimeSTT: realtimestt - INFO - State changed from 'inactive' to 'listening'
2026-09-09 21:57:12.501 - RealTimeSTT: realtimestt - DEBUG - Waiting for recording start
2026-09-09 21:57:20.803 - RealTimeSTT: realtimestt - DEBUG - No samples removed, final audio length: 0
2026-09-09 21:57:20.804 - RealTimeSTT: realtimestt - INFO - State changed from 'listening' to 'inactive'
2026-09-09 21:57:20.809 - RealTimeSTT: realtimestt - DEBUG - Receive from stdout pipe
2026-09-09 21:57:20.810 - RealTimeSTT: realtimestt - INFO - None
2026-09-09 21:58:27.992 - RealTimeSTT: realtimestt - INFO - Starting RealTimeSTT
2026-09-09 21:58:28.052 - RealTimeSTT: realtimestt - INFO - Initializing audio recording (creating pyAudio input stream, sample rate: 16000 buffer size: 512
2026-09-09 21:58:28.092 - RealTimeSTT: realtimestt - INFO - Initializing WebRTC voice with Sensitivity 3
2026-09-09 21:58:28.092 - RealTimeSTT: realtimestt - DEBUG - WebRTC VAD voice activity detection engine initialized successfully
2026-09-09 21:58:28.247 - RealTimeSTT: realtimestt - DEBUG - Silero VAD voice activity detection engine initialized successfully with backend raw_onnx_ifless
2026-09-09 21:58:28.251 - RealTimeSTT: realtimestt - DEBUG - Starting realtime worker
2026-09-09 21:58:28.251 - RealTimeSTT: realtimestt - DEBUG - Waiting for main transcription model to start
2026-09-09 21:58:28.251 - RealTimeSTT: realtimestt - DEBUG - Realtime transcription disabled; realtime worker exits
2026-09-09 21:58:47.904 - RealTimeSTT: realtimestt - DEBUG - Main transcription model ready
2026-09-09 21:58:47.906 - RealTimeSTT: realtimestt - DEBUG - RealtimeSTT initialization completed successfully
2026-09-09 21:58:49.093 - RealTimeSTT: realtimestt - INFO - Setting listen time
2026-09-09 21:58:49.094 - RealTimeSTT: realtimestt - INFO - State changed from 'inactive' to 'listening'
2026-09-09 21:58:49.098 - RealTimeSTT: realtimestt - DEBUG - Waiting for recording start
2026-09-09 21:58:50.481 - RealTimeSTT: realtimestt - INFO - voice activity detected
2026-09-09 21:58:50.482 - RealTimeSTT: realtimestt - INFO - recording started
2026-09-09 21:58:50.482 - RealTimeSTT: realtimestt - INFO - State changed from 'listening' to 'recording'
2026-09-09 21:58:50.482 - RealTimeSTT: realtimestt - DEBUG - Waiting for recording stop
2026-09-09 21:58:52.781 - RealTimeSTT: realtimestt - INFO - recording stopped
2026-09-09 21:58:52.785 - RealTimeSTT: realtimestt - DEBUG - No samples removed, final audio length: 53248
2026-09-09 21:58:52.786 - RealTimeSTT: realtimestt - INFO - State changed from 'recording' to 'inactive'
2026-09-09 21:58:52.816 - RealTimeSTT: realtimestt - INFO - State changed from 'inactive' to 'transcribing'
2026-09-09 21:58:52.819 - RealTimeSTT: realtimestt - DEBUG - Adding transcription request, no early transcription started
2026-09-09 21:58:52.840 - RealTimeSTT: realtimestt - DEBUG - Receive from parent_transcription_pipe after sendiung transcription request, transcribe_count: 1
2026-09-09 21:58:52.941 - RealTimeSTT: realtimestt - DEBUG - Receive from parent_transcription_pipe after sendiung transcription request, transcribe_count: 1
2026-09-09 21:58:53.042 - RealTimeSTT: realtimestt - DEBUG - Receive from parent_transcription_pipe after sendiung transcription request, transcribe_count: 1
2026-09-09 21:58:53.143 - RealTimeSTT: realtimestt - DEBUG - Receive from parent_transcription_pipe after sendiung transcription request, transcribe_count: 1
2026-09-09 21:58:53.243 - RealTimeSTT: realtimestt - DEBUG - Receive from parent_transcription_pipe after sendiung transcription request, transcribe_count: 1
2026-09-09 21:58:53.343 - RealTimeSTT: realtimestt - DEBUG - Receive from parent_transcription_pipe after sendiung transcription request, transcribe_count: 1
2026-09-09 21:58:53.445 - RealTimeSTT: realtimestt - DEBUG - Receive from parent_transcription_pipe after sendiung transcription request, transcribe_count: 1
2026-09-09 21:58:53.546 - RealTimeSTT: realtimestt - DEBUG - Receive from parent_transcription_pipe after sendiung transcription request, transcribe_count: 1
2026-09-09 21:58:53.646 - RealTimeSTT: realtimestt - DEBUG - Receive from parent_transcription_pipe after sendiung transcription request, transcribe_count: 1
2026-09-09 21:58:53.739 - RealTimeSTT: realtimestt - INFO - State changed from 'transcribing' to 'inactive'
2026-09-09 21:58:53.782 - RealTimeSTT: realtimestt - DEBUG - Model tiny completed transcription in 0.96 seconds
2026-09-09 21:58:53.784 - RealTimeSTT: realtimestt - INFO - recording stopped
2026-09-09 21:59:08.678 - RealTimeSTT: realtimestt - INFO - Setting listen time
2026-09-09 21:59:08.678 - RealTimeSTT: realtimestt - INFO - State changed from 'inactive' to 'listening'
2026-09-09 21:59:08.685 - RealTimeSTT: realtimestt - DEBUG - Waiting for recording start
2026-09-09 21:59:14.102 - RealTimeSTT: realtimestt - INFO - voice activity detected
2026-09-09 21:59:14.103 - RealTimeSTT: realtimestt - INFO - recording started
2026-09-09 21:59:14.103 - RealTimeSTT: realtimestt - INFO - State changed from 'listening' to 'recording'
2026-09-09 21:59:14.103 - RealTimeSTT: realtimestt - DEBUG - Waiting for recording stop
2026-09-09 21:59:16.082 - RealTimeSTT: realtimestt - INFO - recording stopped
2026-09-09 21:59:16.087 - RealTimeSTT: realtimestt - DEBUG - No samples removed, final audio length: 48128
2026-09-09 21:59:16.087 - RealTimeSTT: realtimestt - INFO - State changed from 'recording' to 'inactive'
2026-09-09 21:59:16.108 - RealTimeSTT: realtimestt - INFO - State changed from 'inactive' to 'transcribing'
2026-09-09 21:59:16.111 - RealTimeSTT: realtimestt - DEBUG - Adding transcription request, no early transcription started
2026-09-09 21:59:16.128 - RealTimeSTT: realtimestt - DEBUG - Receive from parent_transcription_pipe after sendiung transcription request, transcribe_count: 1
2026-09-09 21:59:16.228 - RealTimeSTT: realtimestt - DEBUG - Receive from parent_transcription_pipe after sendiung transcription request, transcribe_count: 1
2026-09-09 21:59:16.330 - RealTimeSTT: realtimestt - DEBUG - Receive from parent_transcription_pipe after sendiung transcription request, transcribe_count: 1
2026-09-09 21:59:16.431 - RealTimeSTT: realtimestt - DEBUG - Receive from parent_transcription_pipe after sendiung transcription request, transcribe_count: 1
2026-09-09 21:59:16.532 - RealTimeSTT: realtimestt - DEBUG - Receive from parent_transcription_pipe after sendiung transcription request, transcribe_count: 1
2026-09-09 21:59:16.634 - RealTimeSTT: realtimestt - DEBUG - Receive from parent_transcription_pipe after sendiung transcription request, transcribe_count: 1
2026-09-09 21:59:16.735 - RealTimeSTT: realtimestt - DEBUG - Receive from parent_transcription_pipe after sendiung transcription request, transcribe_count: 1
2026-09-09 21:59:16.836 - RealTimeSTT: realtimestt - DEBUG - Receive from parent_transcription_pipe after sendiung transcription request, transcribe_count: 1
2026-09-09 21:59:16.846 - RealTimeSTT: realtimestt - INFO - State changed from 'transcribing' to 'inactive'
2026-09-09 21:59:16.873 - RealTimeSTT: realtimestt - DEBUG - Model tiny completed transcription in 0.76 seconds
2026-09-09 21:59:16.874 - RealTimeSTT: realtimestt - INFO - recording stopped
2026-09-09 21:59:47.808 - RealTimeSTT: realtimestt - INFO - voice activity detected
2026-09-09 21:59:47.813 - RealTimeSTT: realtimestt - INFO - recording started
2026-09-09 21:59:47.819 - RealTimeSTT: realtimestt - INFO - State changed from 'inactive' to 'recording'
2026-09-09 21:59:51.239 - RealTimeSTT: realtimestt - INFO - recording stopped
2026-09-09 21:59:54.067 - RealTimeSTT: realtimestt - INFO - voice activity detected
2026-09-09 21:59:54.077 - RealTimeSTT: realtimestt - INFO - recording started
2026-09-09 21:59:56.559 - RealTimeSTT: realtimestt - INFO - recording stopped
2026-09-09 22:03:08.231 - RealTimeSTT: realtimestt - INFO - Starting RealTimeSTT
2026-09-09 22:03:08.289 - RealTimeSTT: realtimestt - INFO - Initializing audio recording (creating pyAudio input stream, sample rate: 16000 buffer size: 512
2026-09-09 22:03:08.335 - RealTimeSTT: realtimestt - INFO - Initializing WebRTC voice with Sensitivity 3
2026-09-09 22:03:08.335 - RealTimeSTT: realtimestt - DEBUG - WebRTC VAD voice activity detection engine initialized successfully
2026-09-09 22:03:08.480 - RealTimeSTT: realtimestt - DEBUG - Silero VAD voice activity detection engine initialized successfully with backend raw_onnx_ifless
2026-09-09 22:03:08.484 - RealTimeSTT: realtimestt - DEBUG - Starting realtime worker
2026-09-09 22:03:08.485 - RealTimeSTT: realtimestt - DEBUG - Waiting for main transcription model to start
2026-09-09 22:03:08.485 - RealTimeSTT: realtimestt - DEBUG - Realtime transcription disabled; realtime worker exits
2026-09-09 22:03:27.509 - RealTimeSTT: realtimestt - DEBUG - Main transcription model ready
2026-09-09 22:03:27.510 - RealTimeSTT: realtimestt - DEBUG - RealtimeSTT initialization completed successfully
2026-09-09 22:03:31.536 - RealTimeSTT: realtimestt - DEBUG - Receive from stdout pipe
2026-09-09 22:03:31.536 - RealTimeSTT: realtimestt - INFO - None
2026-09-09 22:04:06.739 - RealTimeSTT: realtimestt - INFO - Starting RealTimeSTT
2026-09-09 22:04:06.788 - RealTimeSTT: realtimestt - INFO - Initializing audio recording (creating pyAudio input stream, sample rate: 16000 buffer size: 512
2026-09-09 22:04:06.827 - RealTimeSTT: realtimestt - INFO - Initializing WebRTC voice with Sensitivity 3
2026-09-09 22:04:06.827 - RealTimeSTT: realtimestt - DEBUG - WebRTC VAD voice activity detection engine initialized successfully
2026-09-09 22:04:06.987 - RealTimeSTT: realtimestt - DEBUG - Silero VAD voice activity detection engine initialized successfully with backend raw_onnx_ifless
2026-09-09 22:04:06.992 - RealTimeSTT: realtimestt - DEBUG - Starting realtime worker
2026-09-09 22:04:06.992 - RealTimeSTT: realtimestt - DEBUG - Waiting for main transcription model to start
2026-09-09 22:04:06.992 - RealTimeSTT: realtimestt - DEBUG - Realtime transcription disabled; realtime worker exits
2026-09-09 22:04:27.076 - RealTimeSTT: realtimestt - DEBUG - Main transcription model ready
2026-09-09 22:04:27.077 - RealTimeSTT: realtimestt - DEBUG - RealtimeSTT initialization completed successfully
2026-09-09 22:04:28.222 - RealTimeSTT: realtimestt - INFO - Setting listen time
2026-09-09 22:04:28.222 - RealTimeSTT: realtimestt - INFO - State changed from 'inactive' to 'listening'
2026-09-09 22:04:28.228 - RealTimeSTT: realtimestt - DEBUG - Waiting for recording start
2026-09-09 22:04:30.979 - RealTimeSTT: realtimestt - INFO - voice activity detected
2026-09-09 22:04:30.979 - RealTimeSTT: realtimestt - INFO - recording started
2026-09-09 22:04:30.979 - RealTimeSTT: realtimestt - INFO - State changed from 'listening' to 'recording'
2026-09-09 22:04:30.980 - RealTimeSTT: realtimestt - DEBUG - Waiting for recording stop
2026-09-09 22:04:34.429 - RealTimeSTT: realtimestt - INFO - recording stopped
2026-09-09 22:04:34.436 - RealTimeSTT: realtimestt - DEBUG - No samples removed, final audio length: 71680
2026-09-09 22:04:34.436 - RealTimeSTT: realtimestt - INFO - State changed from 'recording' to 'inactive'
2026-09-09 22:04:34.509 - RealTimeSTT: realtimestt - INFO - State changed from 'inactive' to 'transcribing'
2026-09-09 22:04:34.513 - RealTimeSTT: realtimestt - DEBUG - Adding transcription request, no early transcription started
2026-09-09 22:04:34.517 - RealTimeSTT: realtimestt - DEBUG - Receive from parent_transcription_pipe after sendiung transcription request, transcribe_count: 1
2026-09-09 22:04:34.617 - RealTimeSTT: realtimestt - DEBUG - Receive from parent_transcription_pipe after sendiung transcription request, transcribe_count: 1
2026-09-09 22:04:34.718 - RealTimeSTT: realtimestt - DEBUG - Receive from parent_transcription_pipe after sendiung transcription request, transcribe_count: 1
2026-09-09 22:04:34.818 - RealTimeSTT: realtimestt - DEBUG - Receive from parent_transcription_pipe after sendiung transcription request, transcribe_count: 1
2026-09-09 22:04:34.918 - RealTimeSTT: realtimestt - DEBUG - Receive from parent_transcription_pipe after sendiung transcription request, transcribe_count: 1
2026-09-09 22:04:35.019 - RealTimeSTT: realtimestt - DEBUG - Receive from parent_transcription_pipe after sendiung transcription request, transcribe_count: 1
2026-09-09 22:04:35.121 - RealTimeSTT: realtimestt - DEBUG - Receive from parent_transcription_pipe after sendiung transcription request, transcribe_count: 1
2026-09-09 22:04:35.223 - RealTimeSTT: realtimestt - DEBUG - Receive from parent_transcription_pipe after sendiung transcription request, transcribe_count: 1
2026-09-09 22:04:35.325 - RealTimeSTT: realtimestt - DEBUG - Receive from parent_transcription_pipe after sendiung transcription request, transcribe_count: 1
2026-09-09 22:04:35.426 - RealTimeSTT: realtimestt - DEBUG - Receive from parent_transcription_pipe after sendiung transcription request, transcribe_count: 1
2026-09-09 22:04:35.520 - RealTimeSTT: realtimestt - INFO - State changed from 'transcribing' to 'inactive'
2026-09-09 22:04:35.532 - RealTimeSTT: realtimestt - DEBUG - Model tiny completed transcription in 1.02 seconds
2026-09-09 22:04:35.534 - RealTimeSTT: realtimestt - INFO - Setting listen time
2026-09-09 22:04:35.534 - RealTimeSTT: realtimestt - INFO - State changed from 'inactive' to 'listening'
2026-09-09 22:04:35.539 - RealTimeSTT: realtimestt - DEBUG - Waiting for recording start
2026-09-09 22:04:37.309 - RealTimeSTT: realtimestt - INFO - voice activity detected
2026-09-09 22:04:37.310 - RealTimeSTT: realtimestt - INFO - recording started
2026-09-09 22:04:37.310 - RealTimeSTT: realtimestt - INFO - State changed from 'listening' to 'recording'
2026-09-09 22:04:37.310 - RealTimeSTT: realtimestt - DEBUG - Waiting for recording stop
2026-09-09 22:04:39.169 - RealTimeSTT: realtimestt - INFO - recording stopped
2026-09-09 22:04:39.172 - RealTimeSTT: realtimestt - DEBUG - No samples removed, final audio length: 46080
2026-09-09 22:04:39.172 - RealTimeSTT: realtimestt - INFO - State changed from 'recording' to 'inactive'
2026-09-09 22:04:39.253 - RealTimeSTT: realtimestt - INFO - State changed from 'inactive' to 'transcribing'
2026-09-09 22:04:39.256 - RealTimeSTT: realtimestt - DEBUG - Adding transcription request, no early transcription started
2026-09-09 22:04:39.262 - RealTimeSTT: realtimestt - DEBUG - Receive from parent_transcription_pipe after sendiung transcription request, transcribe_count: 1
2026-09-09 22:04:39.364 - RealTimeSTT: realtimestt - DEBUG - Receive from parent_transcription_pipe after sendiung transcription request, transcribe_count: 1
2026-09-09 22:04:39.464 - RealTimeSTT: realtimestt - DEBUG - Receive from parent_transcription_pipe after sendiung transcription request, transcribe_count: 1
2026-09-09 22:04:39.565 - RealTimeSTT: realtimestt - DEBUG - Receive from parent_transcription_pipe after sendiung transcription request, transcribe_count: 1
2026-09-09 22:04:39.665 - RealTimeSTT: realtimestt - DEBUG - Receive from parent_transcription_pipe after sendiung transcription request, transcribe_count: 1
2026-09-09 22:04:39.766 - RealTimeSTT: realtimestt - DEBUG - Receive from parent_transcription_pipe after sendiung transcription request, transcribe_count: 1
2026-09-09 22:04:39.867 - RealTimeSTT: realtimestt - DEBUG - Receive from parent_transcription_pipe after sendiung transcription request, transcribe_count: 1
2026-09-09 22:04:39.968 - RealTimeSTT: realtimestt - DEBUG - Receive from parent_transcription_pipe after sendiung transcription request, transcribe_count: 1
2026-09-09 22:04:40.068 - RealTimeSTT: realtimestt - DEBUG - Receive from parent_transcription_pipe after sendiung transcription request, transcribe_count: 1
2026-09-09 22:04:40.141 - RealTimeSTT: realtimestt - INFO - State changed from 'transcribing' to 'inactive'
2026-09-09 22:04:40.168 - RealTimeSTT: realtimestt - DEBUG - Model tiny completed transcription in 0.91 seconds
2026-09-09 22:04:40.169 - RealTimeSTT: realtimestt - INFO - recording stopped
2026-09-09 22:05:47.729 - RealTimeSTT: realtimestt - INFO - Starting RealTimeSTT
2026-09-09 22:05:47.781 - RealTimeSTT: realtimestt - INFO - Initializing audio recording (creating pyAudio input stream, sample rate: 16000 buffer size: 512
2026-09-09 22:05:47.818 - RealTimeSTT: realtimestt - INFO - Initializing WebRTC voice with Sensitivity 3
2026-09-09 22:05:47.818 - RealTimeSTT: realtimestt - DEBUG - WebRTC VAD voice activity detection engine initialized successfully
2026-09-09 22:05:47.982 - RealTimeSTT: realtimestt - DEBUG - Silero VAD voice activity detection engine initialized successfully with backend raw_onnx_ifless
2026-09-09 22:05:47.987 - RealTimeSTT: realtimestt - DEBUG - Starting realtime worker
2026-09-09 22:05:47.987 - RealTimeSTT: realtimestt - DEBUG - Waiting for main transcription model to start
2026-09-09 22:05:47.987 - RealTimeSTT: realtimestt - DEBUG - Realtime transcription disabled; realtime worker exits
2026-09-09 22:06:06.970 - RealTimeSTT: realtimestt - DEBUG - Main transcription model ready
2026-09-09 22:06:06.971 - RealTimeSTT: realtimestt - DEBUG - RealtimeSTT initialization completed successfully
2026-09-09 22:06:29.472 - RealTimeSTT: realtimestt - INFO - Starting RealTimeSTT
2026-09-09 22:06:29.527 - RealTimeSTT: realtimestt - INFO - Initializing audio recording (creating pyAudio input stream, sample rate: 16000 buffer size: 512
2026-09-09 22:06:29.564 - RealTimeSTT: realtimestt - INFO - Initializing WebRTC voice with Sensitivity 3
2026-09-09 22:06:29.564 - RealTimeSTT: realtimestt - DEBUG - WebRTC VAD voice activity detection engine initialized successfully
2026-09-09 22:06:29.705 - RealTimeSTT: realtimestt - DEBUG - Silero VAD voice activity detection engine initialized successfully with backend raw_onnx_ifless
2026-09-09 22:06:29.709 - RealTimeSTT: realtimestt - DEBUG - Starting realtime worker
2026-09-09 22:06:29.709 - RealTimeSTT: realtimestt - DEBUG - Waiting for main transcription model to start
2026-09-09 22:06:29.710 - RealTimeSTT: realtimestt - DEBUG - Realtime transcription disabled; realtime worker exits
2026-09-09 22:06:59.583 - RealTimeSTT: realtimestt - INFO - Starting RealTimeSTT
2026-09-09 22:06:59.636 - RealTimeSTT: realtimestt - INFO - Initializing audio recording (creating pyAudio input stream, sample rate: 16000 buffer size: 512
2026-09-09 22:06:59.674 - RealTimeSTT: realtimestt - INFO - Initializing WebRTC voice with Sensitivity 3
2026-09-09 22:06:59.674 - RealTimeSTT: realtimestt - DEBUG - WebRTC VAD voice activity detection engine initialized successfully
2026-09-09 22:06:59.804 - RealTimeSTT: realtimestt - DEBUG - Silero VAD voice activity detection engine initialized successfully with backend raw_onnx_ifless
2026-09-09 22:06:59.809 - RealTimeSTT: realtimestt - DEBUG - Starting realtime worker
2026-09-09 22:06:59.809 - RealTimeSTT: realtimestt - DEBUG - Waiting for main transcription model to start
2026-09-09 22:06:59.809 - RealTimeSTT: realtimestt - DEBUG - Realtime transcription disabled; realtime worker exits
2026-09-09 22:07:17.721 - RealTimeSTT: realtimestt - DEBUG - Main transcription model ready
2026-09-09 22:07:17.723 - RealTimeSTT: realtimestt - DEBUG - RealtimeSTT initialization completed successfully
2026-09-09 22:07:18.076 - RealTimeSTT: realtimestt - INFO - Setting listen time
2026-09-09 22:07:18.076 - RealTimeSTT: realtimestt - INFO - State changed from 'inactive' to 'listening'
2026-09-09 22:07:18.080 - RealTimeSTT: realtimestt - DEBUG - Waiting for recording start
2026-09-09 22:07:20.094 - RealTimeSTT: realtimestt - INFO - voice activity detected
2026-09-09 22:07:20.094 - RealTimeSTT: realtimestt - INFO - recording started
2026-09-09 22:07:20.094 - RealTimeSTT: realtimestt - INFO - State changed from 'listening' to 'recording'
2026-09-09 22:07:20.095 - RealTimeSTT: realtimestt - DEBUG - Waiting for recording stop
2026-09-09 22:07:24.634 - RealTimeSTT: realtimestt - INFO - recording stopped
2026-09-09 22:07:24.639 - RealTimeSTT: realtimestt - DEBUG - No samples removed, final audio length: 89088
2026-09-09 22:07:24.640 - RealTimeSTT: realtimestt - INFO - State changed from 'recording' to 'inactive'
2026-09-09 22:07:24.662 - RealTimeSTT: realtimestt - INFO - State changed from 'inactive' to 'transcribing'
2026-09-09 22:07:24.665 - RealTimeSTT: realtimestt - DEBUG - Adding transcription request, no early transcription started
2026-09-09 22:07:24.679 - RealTimeSTT: realtimestt - DEBUG - Receive from parent_transcription_pipe after sendiung transcription request, transcribe_count: 1
2026-09-09 22:07:24.779 - RealTimeSTT: realtimestt - DEBUG - Receive from parent_transcription_pipe after sendiung transcription request, transcribe_count: 1
2026-09-09 22:07:24.880 - RealTimeSTT: realtimestt - DEBUG - Receive from parent_transcription_pipe after sendiung transcription request, transcribe_count: 1
2026-09-09 22:07:24.982 - RealTimeSTT: realtimestt - DEBUG - Receive from parent_transcription_pipe after sendiung transcription request, transcribe_count: 1
2026-09-09 22:07:25.082 - RealTimeSTT: realtimestt - DEBUG - Receive from parent_transcription_pipe after sendiung transcription request, transcribe_count: 1
2026-09-09 22:07:25.183 - RealTimeSTT: realtimestt - DEBUG - Receive from parent_transcription_pipe after sendiung transcription request, transcribe_count: 1
2026-09-09 22:07:25.284 - RealTimeSTT: realtimestt - DEBUG - Receive from parent_transcription_pipe after sendiung transcription request, transcribe_count: 1
2026-09-09 22:07:25.386 - RealTimeSTT: realtimestt - DEBUG - Receive from parent_transcription_pipe after sendiung transcription request, transcribe_count: 1
2026-09-09 22:07:25.488 - RealTimeSTT: realtimestt - DEBUG - Receive from parent_transcription_pipe after sendiung transcription request, transcribe_count: 1
2026-09-09 22:07:25.588 - RealTimeSTT: realtimestt - DEBUG - Receive from parent_transcription_pipe after sendiung transcription request, transcribe_count: 1
2026-09-09 22:07:25.667 - RealTimeSTT: realtimestt - INFO - State changed from 'transcribing' to 'inactive'
2026-09-09 22:07:25.682 - RealTimeSTT: realtimestt - DEBUG - Model tiny completed transcription in 1.02 seconds
2026-09-09 22:07:25.684 - RealTimeSTT: realtimestt - INFO - Setting listen time
2026-09-09 22:07:25.684 - RealTimeSTT: realtimestt - INFO - State changed from 'inactive' to 'listening'
2026-09-09 22:07:25.688 - RealTimeSTT: realtimestt - DEBUG - Waiting for recording start
2026-09-09 22:07:26.365 - RealTimeSTT: realtimestt - INFO - voice activity detected
2026-09-09 22:07:26.365 - RealTimeSTT: realtimestt - INFO - recording started
2026-09-09 22:07:26.365 - RealTimeSTT: realtimestt - INFO - State changed from 'listening' to 'recording'
2026-09-09 22:07:26.366 - RealTimeSTT: realtimestt - DEBUG - Waiting for recording stop
2026-09-09 22:07:27.965 - RealTimeSTT: realtimestt - INFO - recording stopped
2026-09-09 22:07:27.968 - RealTimeSTT: realtimestt - DEBUG - No samples removed, final audio length: 41984
2026-09-09 22:07:27.968 - RealTimeSTT: realtimestt - INFO - State changed from 'recording' to 'inactive'
2026-09-09 22:07:28.048 - RealTimeSTT: realtimestt - INFO - State changed from 'inactive' to 'transcribing'
2026-09-09 22:07:28.051 - RealTimeSTT: realtimestt - DEBUG - Adding transcription request, no early transcription started
2026-09-09 22:07:28.052 - RealTimeSTT: realtimestt - DEBUG - Receive from parent_transcription_pipe after sendiung transcription request, transcribe_count: 1
2026-09-09 22:07:28.152 - RealTimeSTT: realtimestt - DEBUG - Receive from parent_transcription_pipe after sendiung transcription request, transcribe_count: 1
2026-09-09 22:07:28.253 - RealTimeSTT: realtimestt - DEBUG - Receive from parent_transcription_pipe after sendiung transcription request, transcribe_count: 1
2026-09-09 22:07:28.354 - RealTimeSTT: realtimestt - DEBUG - Receive from parent_transcription_pipe after sendiung transcription request, transcribe_count: 1
2026-09-09 22:07:28.455 - RealTimeSTT: realtimestt - DEBUG - Receive from parent_transcription_pipe after sendiung transcription request, transcribe_count: 1
2026-09-09 22:07:28.556 - RealTimeSTT: realtimestt - DEBUG - Receive from parent_transcription_pipe after sendiung transcription request, transcribe_count: 1
2026-09-09 22:07:28.657 - RealTimeSTT: realtimestt - DEBUG - Receive from parent_transcription_pipe after sendiung transcription request, transcribe_count: 1
2026-09-09 22:07:28.758 - RealTimeSTT: realtimestt - DEBUG - Receive from parent_transcription_pipe after sendiung transcription request, transcribe_count: 1
2026-09-09 22:07:28.859 - RealTimeSTT: realtimestt - DEBUG - Receive from parent_transcription_pipe after sendiung transcription request, transcribe_count: 1
2026-09-09 22:07:28.886 - RealTimeSTT: realtimestt - INFO - State changed from 'transcribing' to 'inactive'
2026-09-09 22:07:28.913 - RealTimeSTT: realtimestt - DEBUG - Model tiny completed transcription in 0.86 seconds
2026-09-09 22:07:28.914 - RealTimeSTT: realtimestt - INFO - recording stopped
2026-09-09 22:23:11.583 - RealTimeSTT: realtimestt - INFO - Starting RealTimeSTT
2026-09-09 22:23:11.655 - RealTimeSTT: realtimestt - INFO - Initializing audio recording (creating pyAudio input stream, sample rate: 16000 buffer size: 512
2026-09-09 22:23:11.702 - RealTimeSTT: realtimestt - INFO - Initializing WebRTC voice with Sensitivity 3
2026-09-09 22:23:11.702 - RealTimeSTT: realtimestt - DEBUG - WebRTC VAD voice activity detection engine initialized successfully
2026-09-09 22:23:11.896 - RealTimeSTT: realtimestt - DEBUG - Silero VAD voice activity detection engine initialized successfully with backend raw_onnx_ifless
2026-09-09 22:23:11.901 - RealTimeSTT: realtimestt - DEBUG - Starting realtime worker
2026-09-09 22:23:11.902 - RealTimeSTT: realtimestt - DEBUG - Realtime transcription disabled; realtime worker exits
2026-09-09 22:23:11.902 - RealTimeSTT: realtimestt - DEBUG - Waiting for main transcription model to start
2026-09-09 22:23:32.317 - RealTimeSTT: realtimestt - DEBUG - Main transcription model ready
2026-09-09 22:23:32.319 - RealTimeSTT: realtimestt - DEBUG - RealtimeSTT initialization completed successfully
2026-09-09 22:24:14.486 - RealTimeSTT: realtimestt - INFO - Setting listen time
2026-09-09 22:24:14.486 - RealTimeSTT: realtimestt - INFO - State changed from 'inactive' to 'listening'
2026-09-09 22:24:14.491 - RealTimeSTT: realtimestt - DEBUG - Waiting for recording start
2026-09-09 22:24:18.599 - RealTimeSTT: realtimestt - INFO - voice activity detected
2026-09-09 22:24:18.599 - RealTimeSTT: realtimestt - INFO - recording started
2026-09-09 22:24:18.600 - RealTimeSTT: realtimestt - INFO - State changed from 'listening' to 'recording'
2026-09-09 22:24:18.600 - RealTimeSTT: realtimestt - DEBUG - Waiting for recording stop
2026-09-09 22:24:20.459 - RealTimeSTT: realtimestt - INFO - recording stopped
2026-09-09 22:24:20.462 - RealTimeSTT: realtimestt - DEBUG - No samples removed, final audio length: 46080
2026-09-09 22:24:20.462 - RealTimeSTT: realtimestt - INFO - State changed from 'recording' to 'inactive'
2026-09-09 22:24:20.565 - RealTimeSTT: realtimestt - INFO - State changed from 'inactive' to 'transcribing'
2026-09-09 22:24:20.569 - RealTimeSTT: realtimestt - DEBUG - Adding transcription request, no early transcription started
2026-09-09 22:24:20.571 - RealTimeSTT: realtimestt - DEBUG - Receive from parent_transcription_pipe after sendiung transcription request, transcribe_count: 1
2026-09-09 22:24:20.672 - RealTimeSTT: realtimestt - DEBUG - Receive from parent_transcription_pipe after sendiung transcription request, transcribe_count: 1
2026-09-09 22:24:20.774 - RealTimeSTT: realtimestt - DEBUG - Receive from parent_transcription_pipe after sendiung transcription request, transcribe_count: 1
2026-09-09 22:24:20.876 - RealTimeSTT: realtimestt - DEBUG - Receive from parent_transcription_pipe after sendiung transcription request, transcribe_count: 1
2026-09-09 22:24:20.978 - RealTimeSTT: realtimestt - DEBUG - Receive from parent_transcription_pipe after sendiung transcription request, transcribe_count: 1
2026-09-09 22:24:21.079 - RealTimeSTT: realtimestt - DEBUG - Receive from parent_transcription_pipe after sendiung transcription request, transcribe_count: 1
2026-09-09 22:24:21.180 - RealTimeSTT: realtimestt - DEBUG - Receive from parent_transcription_pipe after sendiung transcription request, transcribe_count: 1
2026-09-09 22:24:21.281 - RealTimeSTT: realtimestt - DEBUG - Receive from parent_transcription_pipe after sendiung transcription request, transcribe_count: 1
2026-09-09 22:24:21.382 - RealTimeSTT: realtimestt - DEBUG - Receive from parent_transcription_pipe after sendiung transcription request, transcribe_count: 1
2026-09-09 22:24:21.482 - RealTimeSTT: realtimestt - DEBUG - Receive from parent_transcription_pipe after sendiung transcription request, transcribe_count: 1
2026-09-09 22:24:21.584 - RealTimeSTT: realtimestt - DEBUG - Receive from parent_transcription_pipe after sendiung transcription request, transcribe_count: 1
2026-09-09 22:24:21.609 - RealTimeSTT: realtimestt - INFO - voice activity detected
2026-09-09 22:24:21.610 - RealTimeSTT: realtimestt - INFO - recording started
2026-09-09 22:24:21.610 - RealTimeSTT: realtimestt - INFO - State changed from 'transcribing' to 'recording'
2026-09-09 22:24:21.685 - RealTimeSTT: realtimestt - DEBUG - Receive from parent_transcription_pipe after sendiung transcription request, transcribe_count: 1
2026-09-09 22:24:21.754 - RealTimeSTT: realtimestt - DEBUG - Model tiny completed transcription in 1.18 seconds
2026-09-09 22:24:21.807 - RealTimeSTT: realtimestt - INFO - Setting listen time
2026-09-09 22:24:21.807 - RealTimeSTT: realtimestt - DEBUG - Waiting for recording stop
2026-09-09 22:24:28.400 - RealTimeSTT: realtimestt - INFO - recording stopped
2026-09-09 22:24:28.408 - RealTimeSTT: realtimestt - DEBUG - No samples removed, final audio length: 124928
2026-09-09 22:24:28.408 - RealTimeSTT: realtimestt - INFO - State changed from 'recording' to 'inactive'
2026-09-09 22:24:28.486 - RealTimeSTT: realtimestt - INFO - State changed from 'inactive' to 'transcribing'
2026-09-09 22:24:28.490 - RealTimeSTT: realtimestt - DEBUG - Adding transcription request, no early transcription started
2026-09-09 22:24:28.507 - RealTimeSTT: realtimestt - DEBUG - Receive from parent_transcription_pipe after sendiung transcription request, transcribe_count: 1
2026-09-09 22:24:28.607 - RealTimeSTT: realtimestt - DEBUG - Receive from parent_transcription_pipe after sendiung transcription request, transcribe_count: 1
2026-09-09 22:24:28.709 - RealTimeSTT: realtimestt - DEBUG - Receive from parent_transcription_pipe after sendiung transcription request, transcribe_count: 1
2026-09-09 22:24:28.809 - RealTimeSTT: realtimestt - DEBUG - Receive from parent_transcription_pipe after sendiung transcription request, transcribe_count: 1
2026-09-09 22:24:28.910 - RealTimeSTT: realtimestt - DEBUG - Receive from parent_transcription_pipe after sendiung transcription request, transcribe_count: 1
2026-09-09 22:24:29.011 - RealTimeSTT: realtimestt - DEBUG - Receive from parent_transcription_pipe after sendiung transcription request, transcribe_count: 1
2026-09-09 22:24:29.112 - RealTimeSTT: realtimestt - DEBUG - Receive from parent_transcription_pipe after sendiung transcription request, transcribe_count: 1
2026-09-09 22:24:29.212 - RealTimeSTT: realtimestt - DEBUG - Receive from parent_transcription_pipe after sendiung transcription request, transcribe_count: 1
2026-09-09 22:24:29.314 - RealTimeSTT: realtimestt - DEBUG - Receive from parent_transcription_pipe after sendiung transcription request, transcribe_count: 1
2026-09-09 22:24:29.415 - RealTimeSTT: realtimestt - DEBUG - Receive from parent_transcription_pipe after sendiung transcription request, transcribe_count: 1
2026-09-09 22:24:29.516 - RealTimeSTT: realtimestt - DEBUG - Receive from parent_transcription_pipe after sendiung transcription request, transcribe_count: 1
2026-09-09 22:24:29.617 - RealTimeSTT: realtimestt - DEBUG - Receive from parent_transcription_pipe after sendiung transcription request, transcribe_count: 1
2026-09-09 22:24:29.676 - RealTimeSTT: realtimestt - INFO - State changed from 'transcribing' to 'inactive'
2026-09-09 22:24:29.713 - RealTimeSTT: realtimestt - DEBUG - Model tiny completed transcription in 1.22 seconds
2026-09-09 22:24:29.765 - RealTimeSTT: realtimestt - INFO - recording stopped
2026-09-09 22:25:20.322 - RealTimeSTT: realtimestt - DEBUG - Receive from stdout pipe
2026-09-09 22:25:20.322 - RealTimeSTT: realtimestt - INFO - None
2026-09-13 17:27:52.151 - RealTimeSTT: realtimestt - INFO - Starting RealTimeSTT
2026-09-13 17:27:52.230 - RealTimeSTT: realtimestt - INFO - Initializing audio recording (creating pyAudio input stream, sample rate: 16000 buffer size: 512
2026-09-13 17:27:52.254 - RealTimeSTT: realtimestt - INFO - Initializing WebRTC voice with Sensitivity 3
2026-09-13 17:27:52.255 - RealTimeSTT: realtimestt - DEBUG - WebRTC VAD voice activity detection engine initialized successfully
2026-09-13 17:27:52.565 - RealTimeSTT: realtimestt - DEBUG - Silero VAD voice activity detection engine initialized successfully with backend raw_onnx_ifless
2026-09-13 17:27:52.573 - RealTimeSTT: realtimestt - DEBUG - Starting realtime worker
2026-09-13 17:27:52.573 - RealTimeSTT: realtimestt - DEBUG - Waiting for main transcription model to start
2026-09-13 17:27:52.573 - RealTimeSTT: realtimestt - DEBUG - Realtime transcription disabled; realtime worker exits
2026-09-13 17:28:09.648 - RealTimeSTT: realtimestt - DEBUG - Main transcription model ready
2026-09-13 17:28:09.649 - RealTimeSTT: realtimestt - DEBUG - RealtimeSTT initialization completed successfully
2026-09-13 17:28:44.448 - RealTimeSTT: realtimestt - INFO - Setting listen time
2026-09-13 17:28:44.448 - RealTimeSTT: realtimestt - INFO - State changed from 'inactive' to 'listening'
2026-09-13 17:28:44.452 - RealTimeSTT: realtimestt - DEBUG - Waiting for recording start
2026-09-13 17:29:05.659 - RealTimeSTT: realtimestt - INFO - voice activity detected
2026-09-13 17:29:05.659 - RealTimeSTT: realtimestt - INFO - recording started
2026-09-13 17:29:05.659 - RealTimeSTT: realtimestt - INFO - State changed from 'listening' to 'recording'
2026-09-13 17:29:05.659 - RealTimeSTT: realtimestt - DEBUG - Waiting for recording stop
2026-09-13 17:29:07.449 - RealTimeSTT: realtimestt - INFO - recording stopped
2026-09-13 17:29:07.451 - RealTimeSTT: realtimestt - DEBUG - No samples removed, final audio length: 45056
2026-09-13 17:29:07.451 - RealTimeSTT: realtimestt - INFO - State changed from 'recording' to 'inactive'
2026-09-13 17:29:07.487 - RealTimeSTT: realtimestt - INFO - State changed from 'inactive' to 'transcribing'
2026-09-13 17:29:07.489 - RealTimeSTT: realtimestt - DEBUG - Adding transcription request, no early transcription started
2026-09-13 17:29:07.498 - RealTimeSTT: realtimestt - DEBUG - Receive from parent_transcription_pipe after sendiung transcription request, transcribe_count: 1
2026-09-13 17:29:07.599 - RealTimeSTT: realtimestt - DEBUG - Receive from parent_transcription_pipe after sendiung transcription request, transcribe_count: 1
2026-09-13 17:29:07.701 - RealTimeSTT: realtimestt - DEBUG - Receive from parent_transcription_pipe after sendiung transcription request, transcribe_count: 1
2026-09-13 17:29:07.803 - RealTimeSTT: realtimestt - DEBUG - Receive from parent_transcription_pipe after sendiung transcription request, transcribe_count: 1
2026-09-13 17:29:07.904 - RealTimeSTT: realtimestt - DEBUG - Receive from parent_transcription_pipe after sendiung transcription request, transcribe_count: 1
2026-09-13 17:29:08.006 - RealTimeSTT: realtimestt - DEBUG - Receive from parent_transcription_pipe after sendiung transcription request, transcribe_count: 1
2026-09-13 17:29:08.100 - RealTimeSTT: realtimestt - INFO - State changed from 'transcribing' to 'inactive'
2026-09-13 17:29:08.150 - RealTimeSTT: realtimestt - DEBUG - Model tiny completed transcription in 0.66 seconds
2026-09-13 17:29:08.202 - RealTimeSTT: realtimestt - INFO - Setting listen time
2026-09-13 17:29:08.202 - RealTimeSTT: realtimestt - INFO - State changed from 'inactive' to 'listening'
2026-09-13 17:29:08.204 - RealTimeSTT: realtimestt - DEBUG - Waiting for recording start
2026-09-13 17:29:09.619 - RealTimeSTT: realtimestt - INFO - voice activity detected
2026-09-13 17:29:09.619 - RealTimeSTT: realtimestt - INFO - recording started
2026-09-13 17:29:09.619 - RealTimeSTT: realtimestt - INFO - State changed from 'listening' to 'recording'
2026-09-13 17:29:09.619 - RealTimeSTT: realtimestt - DEBUG - Waiting for recording stop
2026-09-13 17:29:11.289 - RealTimeSTT: realtimestt - INFO - recording stopped
2026-09-13 17:29:11.291 - RealTimeSTT: realtimestt - DEBUG - No samples removed, final audio length: 43008
2026-09-13 17:29:11.291 - RealTimeSTT: realtimestt - INFO - State changed from 'recording' to 'inactive'
2026-09-13 17:29:11.315 - RealTimeSTT: realtimestt - INFO - State changed from 'inactive' to 'transcribing'
2026-09-13 17:29:11.317 - RealTimeSTT: realtimestt - DEBUG - Adding transcription request, no early transcription started
2026-09-13 17:29:11.318 - RealTimeSTT: realtimestt - DEBUG - Receive from parent_transcription_pipe after sendiung transcription request, transcribe_count: 1
2026-09-13 17:29:11.419 - RealTimeSTT: realtimestt - DEBUG - Receive from parent_transcription_pipe after sendiung transcription request, transcribe_count: 1
2026-09-13 17:29:11.520 - RealTimeSTT: realtimestt - DEBUG - Receive from parent_transcription_pipe after sendiung transcription request, transcribe_count: 1
2026-09-13 17:29:11.621 - RealTimeSTT: realtimestt - DEBUG - Receive from parent_transcription_pipe after sendiung transcription request, transcribe_count: 1
2026-09-13 17:29:11.722 - RealTimeSTT: realtimestt - DEBUG - Receive from parent_transcription_pipe after sendiung transcription request, transcribe_count: 1
2026-09-13 17:29:11.822 - RealTimeSTT: realtimestt - DEBUG - Receive from parent_transcription_pipe after sendiung transcription request, transcribe_count: 1
2026-09-13 17:29:11.917 - RealTimeSTT: realtimestt - INFO - State changed from 'transcribing' to 'inactive'
2026-09-13 17:29:11.925 - RealTimeSTT: realtimestt - DEBUG - Model tiny completed transcription in 0.61 seconds
2026-09-13 17:29:11.976 - RealTimeSTT: realtimestt - INFO - Setting listen time
2026-09-13 17:29:11.976 - RealTimeSTT: realtimestt - INFO - State changed from 'inactive' to 'listening'
2026-09-13 17:29:11.979 - RealTimeSTT: realtimestt - DEBUG - Waiting for recording start
2026-09-13 17:29:21.849 - RealTimeSTT: realtimestt - INFO - voice activity detected
2026-09-13 17:29:21.849 - RealTimeSTT: realtimestt - INFO - recording started
2026-09-13 17:29:21.849 - RealTimeSTT: realtimestt - INFO - State changed from 'listening' to 'recording'
2026-09-13 17:29:21.849 - RealTimeSTT: realtimestt - DEBUG - Waiting for recording stop
2026-09-13 17:29:22.999 - RealTimeSTT: realtimestt - INFO - recording stopped
2026-09-13 17:29:23.000 - RealTimeSTT: realtimestt - DEBUG - No samples removed, final audio length: 34816
2026-09-13 17:29:23.000 - RealTimeSTT: realtimestt - INFO - State changed from 'recording' to 'inactive'
2026-09-13 17:29:23.005 - RealTimeSTT: realtimestt - INFO - State changed from 'inactive' to 'transcribing'
2026-09-13 17:29:23.008 - RealTimeSTT: realtimestt - DEBUG - Adding transcription request, no early transcription started
2026-09-13 17:29:23.009 - RealTimeSTT: realtimestt - DEBUG - Receive from parent_transcription_pipe after sendiung transcription request, transcribe_count: 1
2026-09-13 17:29:23.110 - RealTimeSTT: realtimestt - DEBUG - Receive from parent_transcription_pipe after sendiung transcription request, transcribe_count: 1
2026-09-13 17:29:23.211 - RealTimeSTT: realtimestt - DEBUG - Receive from parent_transcription_pipe after sendiung transcription request, transcribe_count: 1
2026-09-13 17:29:23.312 - RealTimeSTT: realtimestt - DEBUG - Receive from parent_transcription_pipe after sendiung transcription request, transcribe_count: 1
2026-09-13 17:29:23.413 - RealTimeSTT: realtimestt - DEBUG - Receive from parent_transcription_pipe after sendiung transcription request, transcribe_count: 1
2026-09-13 17:29:23.514 - RealTimeSTT: realtimestt - DEBUG - Receive from parent_transcription_pipe after sendiung transcription request, transcribe_count: 1
2026-09-13 17:29:23.602 - RealTimeSTT: realtimestt - INFO - State changed from 'transcribing' to 'inactive'
2026-09-13 17:29:23.616 - RealTimeSTT: realtimestt - DEBUG - Model tiny completed transcription in 0.61 seconds
2026-09-13 17:29:23.668 - RealTimeSTT: realtimestt - INFO - recording stopped
2026-09-13 17:29:26.986 - RealTimeSTT: realtimestt - INFO - Setting listen time
2026-09-13 17:29:26.986 - RealTimeSTT: realtimestt - INFO - State changed from 'inactive' to 'listening'
2026-09-13 17:29:26.989 - RealTimeSTT: realtimestt - DEBUG - Waiting for recording start
2026-09-13 17:29:29.400 - RealTimeSTT: realtimestt - INFO - voice activity detected
2026-09-13 17:29:29.400 - RealTimeSTT: realtimestt - INFO - recording started
2026-09-13 17:29:29.400 - RealTimeSTT: realtimestt - INFO - State changed from 'listening' to 'recording'
2026-09-13 17:29:29.400 - RealTimeSTT: realtimestt - DEBUG - Waiting for recording stop
2026-09-13 17:29:30.808 - RealTimeSTT: realtimestt - INFO - recording stopped
2026-09-13 17:29:30.810 - RealTimeSTT: realtimestt - DEBUG - No samples removed, final audio length: 38912
2026-09-13 17:29:30.810 - RealTimeSTT: realtimestt - INFO - State changed from 'recording' to 'inactive'
2026-09-13 17:29:30.900 - RealTimeSTT: realtimestt - INFO - State changed from 'inactive' to 'transcribing'
2026-09-13 17:29:30.902 - RealTimeSTT: realtimestt - DEBUG - Adding transcription request, no early transcription started
2026-09-13 17:29:30.912 - RealTimeSTT: realtimestt - DEBUG - Receive from parent_transcription_pipe after sendiung transcription request, transcribe_count: 1
2026-09-13 17:29:31.013 - RealTimeSTT: realtimestt - DEBUG - Receive from parent_transcription_pipe after sendiung transcription request, transcribe_count: 1
2026-09-13 17:29:31.114 - RealTimeSTT: realtimestt - DEBUG - Receive from parent_transcription_pipe after sendiung transcription request, transcribe_count: 1
2026-09-13 17:29:31.215 - RealTimeSTT: realtimestt - DEBUG - Receive from parent_transcription_pipe after sendiung transcription request, transcribe_count: 1
2026-09-13 17:29:31.316 - RealTimeSTT: realtimestt - DEBUG - Receive from parent_transcription_pipe after sendiung transcription request, transcribe_count: 1
2026-09-13 17:29:31.417 - RealTimeSTT: realtimestt - DEBUG - Receive from parent_transcription_pipe after sendiung transcription request, transcribe_count: 1
2026-09-13 17:29:31.497 - RealTimeSTT: realtimestt - INFO - State changed from 'transcribing' to 'inactive'
2026-09-13 17:29:31.509 - RealTimeSTT: realtimestt - DEBUG - Model tiny completed transcription in 0.61 seconds
2026-09-13 17:29:31.561 - RealTimeSTT: realtimestt - INFO - recording stopped
2026-09-13 17:29:33.334 - RealTimeSTT: realtimestt - INFO - Setting listen time
2026-09-13 17:29:33.334 - RealTimeSTT: realtimestt - INFO - State changed from 'inactive' to 'listening'
2026-09-13 17:29:33.337 - RealTimeSTT: realtimestt - DEBUG - Waiting for recording start
2026-09-13 17:29:34.782 - RealTimeSTT: realtimestt - INFO - voice activity detected
2026-09-13 17:29:34.782 - RealTimeSTT: realtimestt - INFO - recording started
2026-09-13 17:29:34.782 - RealTimeSTT: realtimestt - INFO - State changed from 'listening' to 'recording'
2026-09-13 17:29:34.783 - RealTimeSTT: realtimestt - DEBUG - Waiting for recording stop
2026-09-13 17:29:36.249 - RealTimeSTT: realtimestt - INFO - recording stopped
2026-09-13 17:29:36.251 - RealTimeSTT: realtimestt - DEBUG - No samples removed, final audio length: 39424
2026-09-13 17:29:36.251 - RealTimeSTT: realtimestt - INFO - State changed from 'recording' to 'inactive'
2026-09-13 17:29:36.346 - RealTimeSTT: realtimestt - INFO - State changed from 'inactive' to 'transcribing'
2026-09-13 17:29:36.348 - RealTimeSTT: realtimestt - DEBUG - Adding transcription request, no early transcription started
2026-09-13 17:29:36.362 - RealTimeSTT: realtimestt - DEBUG - Receive from parent_transcription_pipe after sendiung transcription request, transcribe_count: 1
2026-09-13 17:29:36.463 - RealTimeSTT: realtimestt - DEBUG - Receive from parent_transcription_pipe after sendiung transcription request, transcribe_count: 1
2026-09-13 17:29:36.564 - RealTimeSTT: realtimestt - DEBUG - Receive from parent_transcription_pipe after sendiung transcription request, transcribe_count: 1
2026-09-13 17:29:36.665 - RealTimeSTT: realtimestt - DEBUG - Receive from parent_transcription_pipe after sendiung transcription request, transcribe_count: 1
2026-09-13 17:29:36.766 - RealTimeSTT: realtimestt - DEBUG - Receive from parent_transcription_pipe after sendiung transcription request, transcribe_count: 1
2026-09-13 17:29:36.868 - RealTimeSTT: realtimestt - DEBUG - Receive from parent_transcription_pipe after sendiung transcription request, transcribe_count: 1
2026-09-13 17:29:36.965 - RealTimeSTT: realtimestt - INFO - State changed from 'transcribing' to 'inactive'
2026-09-13 17:29:37.009 - RealTimeSTT: realtimestt - DEBUG - Model tiny completed transcription in 0.66 seconds
2026-09-13 17:29:37.061 - RealTimeSTT: realtimestt - INFO - recording stopped
2026-09-13 17:29:38.984 - RealTimeSTT: realtimestt - INFO - Setting listen time
2026-09-13 17:29:38.984 - RealTimeSTT: realtimestt - INFO - State changed from 'inactive' to 'listening'
2026-09-13 17:29:38.986 - RealTimeSTT: realtimestt - DEBUG - Waiting for recording start
2026-09-13 17:29:41.107 - RealTimeSTT: realtimestt - DEBUG - No samples removed, final audio length: 0
2026-09-13 17:29:41.108 - RealTimeSTT: realtimestt - INFO - State changed from 'listening' to 'inactive'
2026-09-13 17:38:38.438 - RealTimeSTT: realtimestt - INFO - Starting RealTimeSTT
2026-09-13 17:38:38.476 - RealTimeSTT: realtimestt - INFO - Initializing audio recording (creating pyAudio input stream, sample rate: 16000 buffer size: 512
2026-09-13 17:38:38.503 - RealTimeSTT: realtimestt - INFO - Initializing WebRTC voice with Sensitivity 3
2026-09-13 17:38:38.503 - RealTimeSTT: realtimestt - DEBUG - WebRTC VAD voice activity detection engine initialized successfully
2026-09-13 17:38:38.714 - RealTimeSTT: realtimestt - DEBUG - Silero VAD voice activity detection engine initialized successfully with backend raw_onnx_ifless
2026-09-13 17:38:38.723 - RealTimeSTT: realtimestt - DEBUG - Starting realtime worker
2026-09-13 17:38:38.723 - RealTimeSTT: realtimestt - DEBUG - Waiting for main transcription model to start
2026-09-13 17:38:38.723 - RealTimeSTT: realtimestt - DEBUG - Realtime transcription disabled; realtime worker exits
2026-09-13 17:38:50.349 - RealTimeSTT: realtimestt - DEBUG - Main transcription model ready
2026-09-13 17:38:50.350 - RealTimeSTT: realtimestt - DEBUG - RealtimeSTT initialization completed successfully
2026-09-13 17:38:50.350 - RealTimeSTT: realtimestt - INFO - Setting listen time
2026-09-13 17:38:50.350 - RealTimeSTT: realtimestt - INFO - State changed from 'inactive' to 'listening'
2026-09-13 17:38:50.353 - RealTimeSTT: realtimestt - DEBUG - Waiting for recording start
2026-09-13 17:39:02.198 - RealTimeSTT: realtimestt - INFO - voice activity detected
2026-09-13 17:39:02.198 - RealTimeSTT: realtimestt - INFO - recording started
2026-09-13 17:39:02.198 - RealTimeSTT: realtimestt - INFO - State changed from 'listening' to 'recording'
2026-09-13 17:39:02.198 - RealTimeSTT: realtimestt - DEBUG - Waiting for recording stop
2026-09-13 17:39:03.609 - RealTimeSTT: realtimestt - INFO - recording stopped
2026-09-13 17:39:03.611 - RealTimeSTT: realtimestt - DEBUG - No samples removed, final audio length: 38912
2026-09-13 17:39:03.611 - RealTimeSTT: realtimestt - INFO - State changed from 'recording' to 'inactive'
2026-09-13 17:39:03.682 - RealTimeSTT: realtimestt - INFO - State changed from 'inactive' to 'transcribing'
2026-09-13 17:39:03.686 - RealTimeSTT: realtimestt - DEBUG - Adding transcription request, no early transcription started
2026-09-13 17:39:03.689 - RealTimeSTT: realtimestt - DEBUG - Receive from parent_transcription_pipe after sendiung transcription request, transcribe_count: 1
2026-09-13 17:39:03.790 - RealTimeSTT: realtimestt - DEBUG - Receive from parent_transcription_pipe after sendiung transcription request, transcribe_count: 1
2026-09-13 17:39:03.896 - RealTimeSTT: realtimestt - DEBUG - Receive from parent_transcription_pipe after sendiung transcription request, transcribe_count: 1
2026-09-13 17:39:04.002 - RealTimeSTT: realtimestt - DEBUG - Receive from parent_transcription_pipe after sendiung transcription request, transcribe_count: 1
2026-09-13 17:39:04.107 - RealTimeSTT: realtimestt - DEBUG - Receive from parent_transcription_pipe after sendiung transcription request, transcribe_count: 1
2026-09-13 17:39:04.213 - RealTimeSTT: realtimestt - DEBUG - Receive from parent_transcription_pipe after sendiung transcription request, transcribe_count: 1
2026-09-13 17:39:04.296 - RealTimeSTT: realtimestt - INFO - State changed from 'transcribing' to 'inactive'
2026-09-13 17:39:04.343 - RealTimeSTT: realtimestt - DEBUG - Model tiny completed transcription in 0.66 seconds
2026-09-13 17:39:04.345 - RealTimeSTT: realtimestt - INFO - recording stopped
2026-09-13 17:39:27.144 - RealTimeSTT: realtimestt - INFO - Setting listen time
2026-09-13 17:39:27.145 - RealTimeSTT: realtimestt - INFO - State changed from 'inactive' to 'listening'
2026-09-13 17:39:27.148 - RealTimeSTT: realtimestt - DEBUG - Waiting for recording start
2026-09-13 17:39:28.698 - RealTimeSTT: realtimestt - INFO - voice activity detected
2026-09-13 17:39:28.698 - RealTimeSTT: realtimestt - INFO - recording started
2026-09-13 17:39:28.698 - RealTimeSTT: realtimestt - INFO - State changed from 'listening' to 'recording'
2026-09-13 17:39:28.698 - RealTimeSTT: realtimestt - DEBUG - Waiting for recording stop
2026-09-13 17:39:29.848 - RealTimeSTT: realtimestt - INFO - recording stopped
2026-09-13 17:39:29.849 - RealTimeSTT: realtimestt - DEBUG - No samples removed, final audio length: 34816
2026-09-13 17:39:29.849 - RealTimeSTT: realtimestt - INFO - State changed from 'recording' to 'inactive'
2026-09-13 17:39:29.906 - RealTimeSTT: realtimestt - INFO - State changed from 'inactive' to 'transcribing'
2026-09-13 17:39:29.909 - RealTimeSTT: realtimestt - DEBUG - Adding transcription request, no early transcription started
2026-09-13 17:39:29.920 - RealTimeSTT: realtimestt - DEBUG - Receive from parent_transcription_pipe after sendiung transcription request, transcribe_count: 1
2026-09-13 17:39:30.035 - RealTimeSTT: realtimestt - DEBUG - Receive from parent_transcription_pipe after sendiung transcription request, transcribe_count: 1
2026-09-13 17:39:30.141 - RealTimeSTT: realtimestt - DEBUG - Receive from parent_transcription_pipe after sendiung transcription request, transcribe_count: 1
2026-09-13 17:39:30.246 - RealTimeSTT: realtimestt - DEBUG - Receive from parent_transcription_pipe after sendiung transcription request, transcribe_count: 1
2026-09-13 17:39:30.352 - RealTimeSTT: realtimestt - DEBUG - Receive from parent_transcription_pipe after sendiung transcription request, transcribe_count: 1
2026-09-13 17:39:30.459 - RealTimeSTT: realtimestt - DEBUG - Receive from parent_transcription_pipe after sendiung transcription request, transcribe_count: 1
2026-09-13 17:39:30.561 - RealTimeSTT: realtimestt - INFO - State changed from 'transcribing' to 'inactive'
2026-09-13 17:39:30.567 - RealTimeSTT: realtimestt - DEBUG - Model tiny completed transcription in 0.66 seconds
2026-09-13 17:39:30.619 - RealTimeSTT: realtimestt - INFO - recording stopped
2026-09-13 17:40:05.788 - RealTimeSTT: realtimestt - DEBUG - Receive from stdout pipe
2026-09-13 17:40:05.788 - RealTimeSTT: realtimestt - INFO - None
2026-09-13 17:40:15.803 - RealTimeSTT: realtimestt - INFO - Starting RealTimeSTT
2026-09-13 17:40:15.841 - RealTimeSTT: realtimestt - INFO - Initializing audio recording (creating pyAudio input stream, sample rate: 16000 buffer size: 512
2026-09-13 17:40:15.868 - RealTimeSTT: realtimestt - INFO - Initializing WebRTC voice with Sensitivity 3
2026-09-13 17:40:15.868 - RealTimeSTT: realtimestt - DEBUG - WebRTC VAD voice activity detection engine initialized successfully
2026-09-13 17:40:15.958 - RealTimeSTT: realtimestt - DEBUG - Silero VAD voice activity detection engine initialized successfully with backend raw_onnx_ifless
2026-09-13 17:40:15.961 - RealTimeSTT: realtimestt - DEBUG - Starting realtime worker
2026-09-13 17:40:15.961 - RealTimeSTT: realtimestt - DEBUG - Waiting for main transcription model to start
2026-09-13 17:40:15.962 - RealTimeSTT: realtimestt - DEBUG - Realtime transcription disabled; realtime worker exits
2026-09-13 17:40:26.264 - RealTimeSTT: realtimestt - DEBUG - Main transcription model ready
2026-09-13 17:40:26.265 - RealTimeSTT: realtimestt - DEBUG - RealtimeSTT initialization completed successfully
2026-09-13 17:40:26.265 - RealTimeSTT: realtimestt - INFO - Setting listen time
2026-09-13 17:40:26.265 - RealTimeSTT: realtimestt - INFO - State changed from 'inactive' to 'listening'
2026-09-13 17:40:26.268 - RealTimeSTT: realtimestt - DEBUG - Waiting for recording start
2026-09-13 17:40:30.294 - RealTimeSTT: realtimestt - INFO - voice activity detected
2026-09-13 17:40:30.294 - RealTimeSTT: realtimestt - INFO - recording started
2026-09-13 17:40:30.294 - RealTimeSTT: realtimestt - INFO - State changed from 'listening' to 'recording'
2026-09-13 17:40:30.294 - RealTimeSTT: realtimestt - DEBUG - Waiting for recording stop
2026-09-13 17:40:31.454 - RealTimeSTT: realtimestt - INFO - recording stopped
2026-09-13 17:40:31.456 - RealTimeSTT: realtimestt - DEBUG - No samples removed, final audio length: 34816
2026-09-13 17:40:31.456 - RealTimeSTT: realtimestt - INFO - State changed from 'recording' to 'inactive'
2026-09-13 17:40:31.530 - RealTimeSTT: realtimestt - INFO - State changed from 'inactive' to 'transcribing'
2026-09-13 17:40:31.533 - RealTimeSTT: realtimestt - DEBUG - Adding transcription request, no early transcription started
2026-09-13 17:40:31.551 - RealTimeSTT: realtimestt - DEBUG - Receive from parent_transcription_pipe after sendiung transcription request, transcribe_count: 1
2026-09-13 17:40:31.652 - RealTimeSTT: realtimestt - DEBUG - Receive from parent_transcription_pipe after sendiung transcription request, transcribe_count: 1
2026-09-13 17:40:31.752 - RealTimeSTT: realtimestt - DEBUG - Receive from parent_transcription_pipe after sendiung transcription request, transcribe_count: 1
2026-09-13 17:40:31.864 - RealTimeSTT: realtimestt - DEBUG - Receive from parent_transcription_pipe after sendiung transcription request, transcribe_count: 1
2026-09-13 17:40:31.969 - RealTimeSTT: realtimestt - DEBUG - Receive from parent_transcription_pipe after sendiung transcription request, transcribe_count: 1
2026-09-13 17:40:32.075 - RealTimeSTT: realtimestt - DEBUG - Receive from parent_transcription_pipe after sendiung transcription request, transcribe_count: 1
2026-09-13 17:40:32.151 - RealTimeSTT: realtimestt - INFO - State changed from 'transcribing' to 'inactive'
2026-09-13 17:40:32.192 - RealTimeSTT: realtimestt - DEBUG - Model tiny completed transcription in 0.66 seconds
2026-09-13 17:40:32.193 - RealTimeSTT: realtimestt - INFO - recording stopped
2026-09-13 17:40:40.619 - RealTimeSTT: realtimestt - INFO - Setting listen time
2026-09-13 17:40:40.619 - RealTimeSTT: realtimestt - INFO - State changed from 'inactive' to 'listening'
2026-09-13 17:40:40.622 - RealTimeSTT: realtimestt - DEBUG - Waiting for recording start
2026-09-13 17:40:42.014 - RealTimeSTT: realtimestt - INFO - voice activity detected
2026-09-13 17:40:42.014 - RealTimeSTT: realtimestt - INFO - recording started
2026-09-13 17:40:42.014 - RealTimeSTT: realtimestt - INFO - State changed from 'listening' to 'recording'
2026-09-13 17:40:42.015 - RealTimeSTT: realtimestt - DEBUG - Waiting for recording stop
2026-09-13 17:40:43.165 - RealTimeSTT: realtimestt - INFO - recording stopped
2026-09-13 17:40:43.167 - RealTimeSTT: realtimestt - DEBUG - No samples removed, final audio length: 34816
2026-09-13 17:40:43.168 - RealTimeSTT: realtimestt - INFO - State changed from 'recording' to 'inactive'
2026-09-13 17:40:43.232 - RealTimeSTT: realtimestt - INFO - State changed from 'inactive' to 'transcribing'
2026-09-13 17:40:43.234 - RealTimeSTT: realtimestt - DEBUG - Adding transcription request, no early transcription started
2026-09-13 17:40:43.235 - RealTimeSTT: realtimestt - DEBUG - Receive from parent_transcription_pipe after sendiung transcription request, transcribe_count: 1
2026-09-13 17:40:43.341 - RealTimeSTT: realtimestt - DEBUG - Receive from parent_transcription_pipe after sendiung transcription request, transcribe_count: 1
2026-09-13 17:40:43.448 - RealTimeSTT: realtimestt - DEBUG - Receive from parent_transcription_pipe after sendiung transcription request, transcribe_count: 1
2026-09-13 17:40:43.554 - RealTimeSTT: realtimestt - DEBUG - Receive from parent_transcription_pipe after sendiung transcription request, transcribe_count: 1
2026-09-13 17:40:43.660 - RealTimeSTT: realtimestt - DEBUG - Receive from parent_transcription_pipe after sendiung transcription request, transcribe_count: 1
2026-09-13 17:40:43.760 - RealTimeSTT: realtimestt - DEBUG - Receive from parent_transcription_pipe after sendiung transcription request, transcribe_count: 1
2026-09-13 17:40:43.828 - RealTimeSTT: realtimestt - INFO - State changed from 'transcribing' to 'inactive'
2026-09-13 17:40:43.842 - RealTimeSTT: realtimestt - DEBUG - Model tiny completed transcription in 0.61 seconds
2026-09-13 17:40:43.894 - RealTimeSTT: realtimestt - INFO - Setting listen time
2026-09-13 17:40:43.894 - RealTimeSTT: realtimestt - INFO - State changed from 'inactive' to 'listening'
2026-09-13 17:40:43.896 - RealTimeSTT: realtimestt - DEBUG - Waiting for recording start
2026-09-13 17:40:46.874 - RealTimeSTT: realtimestt - INFO - voice activity detected
2026-09-13 17:40:46.874 - RealTimeSTT: realtimestt - INFO - recording started
2026-09-13 17:40:46.874 - RealTimeSTT: realtimestt - INFO - State changed from 'listening' to 'recording'
2026-09-13 17:40:46.874 - RealTimeSTT: realtimestt - DEBUG - Waiting for recording stop
2026-09-13 17:40:48.024 - RealTimeSTT: realtimestt - INFO - recording stopped
2026-09-13 17:40:48.026 - RealTimeSTT: realtimestt - DEBUG - No samples removed, final audio length: 34816
2026-09-13 17:40:48.026 - RealTimeSTT: realtimestt - INFO - State changed from 'recording' to 'inactive'
2026-09-13 17:40:48.108 - RealTimeSTT: realtimestt - INFO - State changed from 'inactive' to 'transcribing'
2026-09-13 17:40:48.111 - RealTimeSTT: realtimestt - DEBUG - Adding transcription request, no early transcription started
2026-09-13 17:40:48.112 - RealTimeSTT: realtimestt - DEBUG - Receive from parent_transcription_pipe after sendiung transcription request, transcribe_count: 1
2026-09-13 17:40:48.213 - RealTimeSTT: realtimestt - DEBUG - Receive from parent_transcription_pipe after sendiung transcription request, transcribe_count: 1
2026-09-13 17:40:48.314 - RealTimeSTT: realtimestt - DEBUG - Receive from parent_transcription_pipe after sendiung transcription request, transcribe_count: 1
2026-09-13 17:40:48.423 - RealTimeSTT: realtimestt - DEBUG - Receive from parent_transcription_pipe after sendiung transcription request, transcribe_count: 1
2026-09-13 17:40:48.528 - RealTimeSTT: realtimestt - DEBUG - Receive from parent_transcription_pipe after sendiung transcription request, transcribe_count: 1
2026-09-13 17:40:48.629 - RealTimeSTT: realtimestt - DEBUG - Receive from parent_transcription_pipe after sendiung transcription request, transcribe_count: 1
2026-09-13 17:40:48.696 - RealTimeSTT: realtimestt - INFO - State changed from 'transcribing' to 'inactive'
2026-09-13 17:40:48.719 - RealTimeSTT: realtimestt - DEBUG - Model tiny completed transcription in 0.61 seconds
2026-09-13 17:40:48.771 - RealTimeSTT: realtimestt - INFO - recording stopped
2026-09-13 17:41:00.048 - RealTimeSTT: realtimestt - INFO - Setting listen time
2026-09-13 17:41:00.048 - RealTimeSTT: realtimestt - INFO - State changed from 'inactive' to 'listening'
2026-09-13 17:41:00.051 - RealTimeSTT: realtimestt - DEBUG - Waiting for recording start
2026-09-13 17:41:02.234 - RealTimeSTT: realtimestt - INFO - voice activity detected
2026-09-13 17:41:02.234 - RealTimeSTT: realtimestt - INFO - recording started
2026-09-13 17:41:02.234 - RealTimeSTT: realtimestt - INFO - State changed from 'listening' to 'recording'
2026-09-13 17:41:02.234 - RealTimeSTT: realtimestt - DEBUG - Waiting for recording stop
2026-09-13 17:41:06.454 - RealTimeSTT: realtimestt - INFO - recording stopped
2026-09-13 17:41:06.457 - RealTimeSTT: realtimestt - DEBUG - No samples removed, final audio length: 83968
2026-09-13 17:41:06.457 - RealTimeSTT: realtimestt - INFO - State changed from 'recording' to 'inactive'
2026-09-13 17:41:06.526 - RealTimeSTT: realtimestt - INFO - State changed from 'inactive' to 'transcribing'
2026-09-13 17:41:06.528 - RealTimeSTT: realtimestt - DEBUG - Adding transcription request, no early transcription started
2026-09-13 17:41:06.530 - RealTimeSTT: realtimestt - DEBUG - Receive from parent_transcription_pipe after sendiung transcription request, transcribe_count: 1
2026-09-13 17:41:06.631 - RealTimeSTT: realtimestt - DEBUG - Receive from parent_transcription_pipe after sendiung transcription request, transcribe_count: 1
2026-09-13 17:41:06.737 - RealTimeSTT: realtimestt - DEBUG - Receive from parent_transcription_pipe after sendiung transcription request, transcribe_count: 1
2026-09-13 17:41:06.843 - RealTimeSTT: realtimestt - DEBUG - Receive from parent_transcription_pipe after sendiung transcription request, transcribe_count: 1
2026-09-13 17:41:06.949 - RealTimeSTT: realtimestt - DEBUG - Receive from parent_transcription_pipe after sendiung transcription request, transcribe_count: 1
2026-09-13 17:41:07.055 - RealTimeSTT: realtimestt - DEBUG - Receive from parent_transcription_pipe after sendiung transcription request, transcribe_count: 1
2026-09-13 17:41:07.156 - RealTimeSTT: realtimestt - DEBUG - Receive from parent_transcription_pipe after sendiung transcription request, transcribe_count: 1
2026-09-13 17:41:07.166 - RealTimeSTT: realtimestt - INFO - State changed from 'transcribing' to 'inactive'
2026-09-13 17:41:07.187 - RealTimeSTT: realtimestt - DEBUG - Model tiny completed transcription in 0.66 seconds
2026-09-13 17:41:07.239 - RealTimeSTT: realtimestt - INFO - recording stopped
2026-09-13 17:41:09.704 - RealTimeSTT: realtimestt - INFO - Setting listen time
2026-09-13 17:41:09.704 - RealTimeSTT: realtimestt - INFO - State changed from 'inactive' to 'listening'
2026-09-13 17:41:09.706 - RealTimeSTT: realtimestt - DEBUG - Waiting for recording start
2026-09-13 17:41:11.835 - RealTimeSTT: realtimestt - INFO - voice activity detected
2026-09-13 17:41:11.835 - RealTimeSTT: realtimestt - INFO - recording started
2026-09-13 17:41:11.835 - RealTimeSTT: realtimestt - INFO - State changed from 'listening' to 'recording'
2026-09-13 17:41:11.836 - RealTimeSTT: realtimestt - DEBUG - Waiting for recording stop
2026-09-13 17:41:13.695 - RealTimeSTT: realtimestt - INFO - recording stopped
2026-09-13 17:41:13.697 - RealTimeSTT: realtimestt - DEBUG - No samples removed, final audio length: 46080
2026-09-13 17:41:13.697 - RealTimeSTT: realtimestt - INFO - State changed from 'recording' to 'inactive'
2026-09-13 17:41:13.768 - RealTimeSTT: realtimestt - INFO - State changed from 'inactive' to 'transcribing'
2026-09-13 17:41:13.770 - RealTimeSTT: realtimestt - DEBUG - Adding transcription request, no early transcription started
2026-09-13 17:41:13.771 - RealTimeSTT: realtimestt - DEBUG - Receive from parent_transcription_pipe after sendiung transcription request, transcribe_count: 1
2026-09-13 17:41:13.878 - RealTimeSTT: realtimestt - DEBUG - Receive from parent_transcription_pipe after sendiung transcription request, transcribe_count: 1
2026-09-13 17:41:13.983 - RealTimeSTT: realtimestt - DEBUG - Receive from parent_transcription_pipe after sendiung transcription request, transcribe_count: 1
2026-09-13 17:41:14.088 - RealTimeSTT: realtimestt - DEBUG - Receive from parent_transcription_pipe after sendiung transcription request, transcribe_count: 1
2026-09-13 17:41:14.193 - RealTimeSTT: realtimestt - DEBUG - Receive from parent_transcription_pipe after sendiung transcription request, transcribe_count: 1
2026-09-13 17:41:14.298 - RealTimeSTT: realtimestt - DEBUG - Receive from parent_transcription_pipe after sendiung transcription request, transcribe_count: 1
2026-09-13 17:41:14.403 - RealTimeSTT: realtimestt - INFO - State changed from 'transcribing' to 'inactive'
2026-09-13 17:41:14.428 - RealTimeSTT: realtimestt - DEBUG - Model tiny completed transcription in 0.66 seconds
2026-09-13 17:41:14.480 - RealTimeSTT: realtimestt - INFO - recording stopped
2026-09-13 17:41:41.354 - RealTimeSTT: realtimestt - DEBUG - Receive from stdout pipe
2026-09-13 17:41:41.355 - RealTimeSTT: realtimestt - INFO - None
2026-09-13 17:52:04.737 - RealTimeSTT: realtimestt - INFO - Starting RealTimeSTT
2026-09-13 17:52:04.773 - RealTimeSTT: realtimestt - INFO - Initializing audio recording (creating pyAudio input stream, sample rate: 16000 buffer size: 512
2026-09-13 17:52:04.796 - RealTimeSTT: realtimestt - INFO - Initializing WebRTC voice with Sensitivity 3
2026-09-13 17:52:04.796 - RealTimeSTT: realtimestt - DEBUG - WebRTC VAD voice activity detection engine initialized successfully
2026-09-13 17:52:05.005 - RealTimeSTT: realtimestt - DEBUG - Silero VAD voice activity detection engine initialized successfully with backend raw_onnx_ifless
2026-09-13 17:52:05.012 - RealTimeSTT: realtimestt - DEBUG - Starting realtime worker
2026-09-13 17:52:05.012 - RealTimeSTT: realtimestt - DEBUG - Waiting for main transcription model to start
2026-09-13 17:52:05.013 - RealTimeSTT: realtimestt - DEBUG - Realtime transcription disabled; realtime worker exits
2026-09-13 17:52:18.606 - RealTimeSTT: realtimestt - DEBUG - Main transcription model ready
2026-09-13 17:52:18.607 - RealTimeSTT: realtimestt - DEBUG - RealtimeSTT initialization completed successfully
2026-09-13 17:52:18.607 - RealTimeSTT: realtimestt - INFO - Setting listen time
2026-09-13 17:52:18.607 - RealTimeSTT: realtimestt - INFO - State changed from 'inactive' to 'listening'
2026-09-13 17:52:18.609 - RealTimeSTT: realtimestt - DEBUG - Waiting for recording start
2026-09-13 17:58:09.656 - RealTimeSTT: realtimestt - INFO - voice activity detected
2026-09-13 17:58:09.656 - RealTimeSTT: realtimestt - INFO - recording started
2026-09-13 17:58:09.656 - RealTimeSTT: realtimestt - INFO - State changed from 'listening' to 'recording'
2026-09-13 17:58:09.656 - RealTimeSTT: realtimestt - DEBUG - Waiting for recording stop
2026-09-13 17:58:10.806 - RealTimeSTT: realtimestt - INFO - recording stopped
2026-09-13 17:58:10.807 - RealTimeSTT: realtimestt - DEBUG - No samples removed, final audio length: 34816
2026-09-13 17:58:10.807 - RealTimeSTT: realtimestt - INFO - State changed from 'recording' to 'inactive'
2026-09-13 17:58:10.893 - RealTimeSTT: realtimestt - INFO - State changed from 'inactive' to 'transcribing'
2026-09-13 17:58:10.895 - RealTimeSTT: realtimestt - DEBUG - Adding transcription request, no early transcription started
2026-09-13 17:58:10.915 - RealTimeSTT: realtimestt - DEBUG - Receive from parent_transcription_pipe after sendiung transcription request, transcribe_count: 1
2026-09-13 17:58:11.016 - RealTimeSTT: realtimestt - DEBUG - Receive from parent_transcription_pipe after sendiung transcription request, transcribe_count: 1
2026-09-13 17:58:11.122 - RealTimeSTT: realtimestt - DEBUG - Receive from parent_transcription_pipe after sendiung transcription request, transcribe_count: 1
2026-09-13 17:58:11.223 - RealTimeSTT: realtimestt - DEBUG - Receive from parent_transcription_pipe after sendiung transcription request, transcribe_count: 1
2026-09-13 17:58:11.334 - RealTimeSTT: realtimestt - DEBUG - Receive from parent_transcription_pipe after sendiung transcription request, transcribe_count: 1
2026-09-13 17:58:11.376 - RealTimeSTT: realtimestt - INFO - State changed from 'transcribing' to 'inactive'
2026-09-13 17:58:11.402 - RealTimeSTT: realtimestt - DEBUG - Model tiny completed transcription in 0.51 seconds
2026-09-13 17:58:11.404 - RealTimeSTT: realtimestt - INFO - recording stopped
2026-09-13 17:58:18.693 - RealTimeSTT: realtimestt - DEBUG - Receive from stdout pipe
2026-09-13 17:58:18.693 - RealTimeSTT: realtimestt - INFO - None
2026-09-14 15:38:48.817 - RealTimeSTT: realtimestt - INFO - Starting RealTimeSTT
2026-09-14 15:38:48.905 - RealTimeSTT: realtimestt - INFO - Initializing audio recording (creating pyAudio input stream, sample rate: 16000 buffer size: 512
2026-09-14 15:38:48.951 - RealTimeSTT: realtimestt - INFO - Initializing WebRTC voice with Sensitivity 3
2026-09-14 15:38:48.951 - RealTimeSTT: realtimestt - DEBUG - WebRTC VAD voice activity detection engine initialized successfully
2026-09-14 15:38:49.423 - RealTimeSTT: realtimestt - DEBUG - Silero VAD voice activity detection engine initialized successfully with backend raw_onnx_ifless
2026-09-14 15:38:49.581 - RealTimeSTT: realtimestt - DEBUG - Starting realtime worker
2026-09-14 15:38:49.581 - RealTimeSTT: realtimestt - DEBUG - Waiting for main transcription model to start
2026-09-14 15:38:49.581 - RealTimeSTT: realtimestt - DEBUG - Realtime transcription disabled; realtime worker exits
2026-09-14 15:39:09.489 - RealTimeSTT: realtimestt - DEBUG - Main transcription model ready
2026-09-14 15:39:09.490 - RealTimeSTT: realtimestt - DEBUG - RealtimeSTT initialization completed successfully
2026-09-14 15:39:09.490 - RealTimeSTT: realtimestt - INFO - Setting listen time
2026-09-14 15:39:09.491 - RealTimeSTT: realtimestt - INFO - State changed from 'inactive' to 'listening'
2026-09-14 15:39:09.493 - RealTimeSTT: realtimestt - DEBUG - Waiting for recording start
2026-09-14 15:39:21.019 - RealTimeSTT: realtimestt - INFO - voice activity detected
2026-09-14 15:39:21.019 - RealTimeSTT: realtimestt - INFO - recording started
2026-09-14 15:39:21.019 - RealTimeSTT: realtimestt - INFO - State changed from 'listening' to 'recording'
2026-09-14 15:39:21.019 - RealTimeSTT: realtimestt - DEBUG - Waiting for recording stop
2026-09-14 15:39:30.819 - RealTimeSTT: realtimestt - INFO - recording stopped
2026-09-14 15:39:30.828 - RealTimeSTT: realtimestt - DEBUG - No samples removed, final audio length: 173056
2026-09-14 15:39:30.828 - RealTimeSTT: realtimestt - INFO - State changed from 'recording' to 'inactive'
2026-09-14 15:39:30.917 - RealTimeSTT: realtimestt - INFO - State changed from 'inactive' to 'transcribing'
2026-09-14 15:39:30.920 - RealTimeSTT: realtimestt - DEBUG - Adding transcription request, no early transcription started
2026-09-14 15:39:30.922 - RealTimeSTT: realtimestt - DEBUG - Receive from parent_transcription_pipe after sendiung transcription request, transcribe_count: 1
2026-09-14 15:39:31.024 - RealTimeSTT: realtimestt - DEBUG - Receive from parent_transcription_pipe after sendiung transcription request, transcribe_count: 1
2026-09-14 15:39:31.069 - RealTimeSTT: realtimestt - INFO - voice activity detected
2026-09-14 15:39:31.070 - RealTimeSTT: realtimestt - INFO - recording started
2026-09-14 15:39:31.070 - RealTimeSTT: realtimestt - INFO - State changed from 'transcribing' to 'recording'
2026-09-14 15:39:31.129 - RealTimeSTT: realtimestt - DEBUG - Receive from parent_transcription_pipe after sendiung transcription request, transcribe_count: 1
2026-09-14 15:39:31.235 - RealTimeSTT: realtimestt - DEBUG - Receive from parent_transcription_pipe after sendiung transcription request, transcribe_count: 1
2026-09-14 15:39:31.342 - RealTimeSTT: realtimestt - DEBUG - Receive from parent_transcription_pipe after sendiung transcription request, transcribe_count: 1
2026-09-14 15:39:31.449 - RealTimeSTT: realtimestt - DEBUG - Receive from parent_transcription_pipe after sendiung transcription request, transcribe_count: 1
2026-09-14 15:39:31.555 - RealTimeSTT: realtimestt - DEBUG - Receive from parent_transcription_pipe after sendiung transcription request, transcribe_count: 1
2026-09-14 15:39:31.661 - RealTimeSTT: realtimestt - DEBUG - Receive from parent_transcription_pipe after sendiung transcription request, transcribe_count: 1
2026-09-14 15:39:31.769 - RealTimeSTT: realtimestt - INFO - recording stopped
2026-09-14 15:40:55.831 - RealTimeSTT: realtimestt - INFO - Starting RealTimeSTT
2026-09-14 15:40:55.877 - RealTimeSTT: realtimestt - INFO - Initializing audio recording (creating pyAudio input stream, sample rate: 16000 buffer size: 512
2026-09-14 15:40:55.913 - RealTimeSTT: realtimestt - INFO - Initializing WebRTC voice with Sensitivity 3
2026-09-14 15:40:55.913 - RealTimeSTT: realtimestt - DEBUG - WebRTC VAD voice activity detection engine initialized successfully
2026-09-14 15:40:56.056 - RealTimeSTT: realtimestt - DEBUG - Silero VAD voice activity detection engine initialized successfully with backend raw_onnx_ifless
2026-09-14 15:40:56.061 - RealTimeSTT: realtimestt - DEBUG - Starting realtime worker
2026-09-14 15:40:56.061 - RealTimeSTT: realtimestt - DEBUG - Waiting for main transcription model to start
2026-09-14 15:40:56.061 - RealTimeSTT: realtimestt - DEBUG - Realtime transcription disabled; realtime worker exits
2026-09-14 15:41:12.533 - RealTimeSTT: realtimestt - DEBUG - Main transcription model ready
2026-09-14 15:41:12.535 - RealTimeSTT: realtimestt - DEBUG - RealtimeSTT initialization completed successfully
2026-09-14 15:41:12.535 - RealTimeSTT: realtimestt - INFO - Setting listen time
2026-09-14 15:41:12.535 - RealTimeSTT: realtimestt - INFO - State changed from 'inactive' to 'listening'
2026-09-14 15:41:12.538 - RealTimeSTT: realtimestt - DEBUG - Waiting for recording start
2026-09-14 15:41:20.644 - RealTimeSTT: realtimestt - INFO - voice activity detected
2026-09-14 15:41:20.645 - RealTimeSTT: realtimestt - INFO - recording started
2026-09-14 15:41:20.645 - RealTimeSTT: realtimestt - INFO - State changed from 'listening' to 'recording'
2026-09-14 15:41:20.645 - RealTimeSTT: realtimestt - DEBUG - Waiting for recording stop
2026-09-14 15:41:21.794 - RealTimeSTT: realtimestt - INFO - recording stopped
2026-09-14 15:41:21.796 - RealTimeSTT: realtimestt - DEBUG - No samples removed, final audio length: 34816
2026-09-14 15:41:21.797 - RealTimeSTT: realtimestt - INFO - State changed from 'recording' to 'inactive'
2026-09-14 15:41:21.816 - RealTimeSTT: realtimestt - INFO - State changed from 'inactive' to 'transcribing'
2026-09-14 15:41:21.820 - RealTimeSTT: realtimestt - DEBUG - Adding transcription request, no early transcription started
2026-09-14 15:41:21.822 - RealTimeSTT: realtimestt - DEBUG - Receive from parent_transcription_pipe after sendiung transcription request, transcribe_count: 1
2026-09-14 15:41:21.931 - RealTimeSTT: realtimestt - DEBUG - Receive from parent_transcription_pipe after sendiung transcription request, transcribe_count: 1
2026-09-14 15:41:22.035 - RealTimeSTT: realtimestt - DEBUG - Receive from parent_transcription_pipe after sendiung transcription request, transcribe_count: 1
2026-09-14 15:41:22.150 - RealTimeSTT: realtimestt - DEBUG - Receive from parent_transcription_pipe after sendiung transcription request, transcribe_count: 1
2026-09-14 15:41:22.255 - RealTimeSTT: realtimestt - DEBUG - Receive from parent_transcription_pipe after sendiung transcription request, transcribe_count: 1
2026-09-14 15:41:22.366 - RealTimeSTT: realtimestt - DEBUG - Receive from parent_transcription_pipe after sendiung transcription request, transcribe_count: 1
2026-09-14 15:41:22.480 - RealTimeSTT: realtimestt - DEBUG - Receive from parent_transcription_pipe after sendiung transcription request, transcribe_count: 1
2026-09-14 15:41:22.591 - RealTimeSTT: realtimestt - DEBUG - Receive from parent_transcription_pipe after sendiung transcription request, transcribe_count: 1
2026-09-14 15:41:22.694 - RealTimeSTT: realtimestt - DEBUG - Receive from parent_transcription_pipe after sendiung transcription request, transcribe_count: 1
2026-09-14 15:41:22.715 - RealTimeSTT: realtimestt - INFO - State changed from 'transcribing' to 'inactive'
2026-09-14 15:41:22.730 - RealTimeSTT: realtimestt - DEBUG - Model tiny completed transcription in 0.91 seconds
2026-09-14 15:41:22.732 - RealTimeSTT: realtimestt - INFO - recording stopped
2026-09-14 15:41:27.614 - RealTimeSTT: realtimestt - INFO - voice activity detected
2026-09-14 15:41:27.615 - RealTimeSTT: realtimestt - INFO - recording started
2026-09-14 15:41:27.615 - RealTimeSTT: realtimestt - INFO - State changed from 'inactive' to 'recording'
2026-09-14 15:41:29.344 - RealTimeSTT: realtimestt - INFO - recording stopped
2026-09-14 15:41:33.184 - RealTimeSTT: realtimestt - INFO - voice activity detected
2026-09-14 15:41:33.184 - RealTimeSTT: realtimestt - INFO - recording started
2026-09-14 15:41:35.364 - RealTimeSTT: realtimestt - INFO - recording stopped
2026-09-14 15:41:36.412 - RealTimeSTT: realtimestt - INFO - Setting listen time
2026-09-14 15:41:36.413 - RealTimeSTT: realtimestt - DEBUG - No samples removed, final audio length: 44032
2026-09-14 15:41:36.413 - RealTimeSTT: realtimestt - INFO - State changed from 'recording' to 'inactive'
2026-09-14 15:41:36.474 - RealTimeSTT: realtimestt - INFO - State changed from 'inactive' to 'transcribing'
2026-09-14 15:41:36.478 - RealTimeSTT: realtimestt - DEBUG - Adding transcription request, no early transcription started
2026-09-14 15:41:36.479 - RealTimeSTT: realtimestt - DEBUG - Receive from parent_transcription_pipe after sendiung transcription request, transcribe_count: 1
2026-09-14 15:41:36.586 - RealTimeSTT: realtimestt - DEBUG - Receive from parent_transcription_pipe after sendiung transcription request, transcribe_count: 1
2026-09-14 15:41:36.698 - RealTimeSTT: realtimestt - DEBUG - Receive from parent_transcription_pipe after sendiung transcription request, transcribe_count: 1
2026-09-14 15:41:36.806 - RealTimeSTT: realtimestt - DEBUG - Receive from parent_transcription_pipe after sendiung transcription request, transcribe_count: 1
2026-09-14 15:41:36.912 - RealTimeSTT: realtimestt - DEBUG - Receive from parent_transcription_pipe after sendiung transcription request, transcribe_count: 1
2026-09-14 15:41:37.016 - RealTimeSTT: realtimestt - DEBUG - Receive from parent_transcription_pipe after sendiung transcription request, transcribe_count: 1
2026-09-14 15:41:37.119 - RealTimeSTT: realtimestt - DEBUG - Receive from parent_transcription_pipe after sendiung transcription request, transcribe_count: 1
2026-09-14 15:41:37.214 - RealTimeSTT: realtimestt - INFO - voice activity detected
2026-09-14 15:41:37.214 - RealTimeSTT: realtimestt - INFO - recording started
2026-09-14 15:41:37.214 - RealTimeSTT: realtimestt - INFO - State changed from 'transcribing' to 'recording'
2026-09-14 15:41:37.223 - RealTimeSTT: realtimestt - DEBUG - Receive from parent_transcription_pipe after sendiung transcription request, transcribe_count: 1
2026-09-14 15:41:37.326 - RealTimeSTT: realtimestt - DEBUG - Receive from parent_transcription_pipe after sendiung transcription request, transcribe_count: 1
2026-09-14 15:41:37.426 - RealTimeSTT: realtimestt - DEBUG - Model tiny completed transcription in 0.95 seconds
2026-09-14 15:41:37.477 - RealTimeSTT: realtimestt - INFO - Setting listen time
2026-09-14 15:41:37.477 - RealTimeSTT: realtimestt - DEBUG - No samples removed, final audio length: 51200
2026-09-14 15:41:37.477 - RealTimeSTT: realtimestt - INFO - State changed from 'recording' to 'transcribing'
2026-09-14 15:41:37.477 - RealTimeSTT: realtimestt - DEBUG - Adding transcription request, no early transcription started
2026-09-14 15:41:37.479 - RealTimeSTT: realtimestt - DEBUG - Receive from parent_transcription_pipe after sendiung transcription request, transcribe_count: 1
2026-09-14 15:41:37.578 - RealTimeSTT: realtimestt - DEBUG - Receive from parent_transcription_pipe after sendiung transcription request, transcribe_count: 1
2026-09-14 15:41:37.693 - RealTimeSTT: realtimestt - DEBUG - Receive from parent_transcription_pipe after sendiung transcription request, transcribe_count: 1
2026-09-14 15:41:37.793 - RealTimeSTT: realtimestt - DEBUG - Receive from parent_transcription_pipe after sendiung transcription request, transcribe_count: 1
2026-09-14 15:41:37.904 - RealTimeSTT: realtimestt - DEBUG - Receive from parent_transcription_pipe after sendiung transcription request, transcribe_count: 1
2026-09-14 15:41:38.016 - RealTimeSTT: realtimestt - DEBUG - Receive from parent_transcription_pipe after sendiung transcription request, transcribe_count: 1
2026-09-14 15:41:38.119 - RealTimeSTT: realtimestt - DEBUG - Receive from parent_transcription_pipe after sendiung transcription request, transcribe_count: 1
2026-09-14 15:41:38.225 - RealTimeSTT: realtimestt - DEBUG - Receive from parent_transcription_pipe after sendiung transcription request, transcribe_count: 1
2026-09-14 15:41:38.325 - RealTimeSTT: realtimestt - DEBUG - Receive from parent_transcription_pipe after sendiung transcription request, transcribe_count: 1
2026-09-14 15:41:38.426 - RealTimeSTT: realtimestt - DEBUG - Receive from parent_transcription_pipe after sendiung transcription request, transcribe_count: 1
2026-09-14 15:41:38.450 - RealTimeSTT: realtimestt - INFO - State changed from 'transcribing' to 'recording'
2026-09-14 15:41:38.451 - RealTimeSTT: realtimestt - DEBUG - Model tiny completed transcription in 0.97 seconds
2026-09-14 15:41:38.503 - RealTimeSTT: realtimestt - INFO - Setting listen time
2026-09-14 15:41:38.503 - RealTimeSTT: realtimestt - DEBUG - Waiting for recording stop
2026-09-14 15:41:39.004 - RealTimeSTT: realtimestt - INFO - recording stopped
2026-09-14 15:41:39.007 - RealTimeSTT: realtimestt - DEBUG - No samples removed, final audio length: 45056
2026-09-14 15:41:39.007 - RealTimeSTT: realtimestt - INFO - State changed from 'recording' to 'inactive'
2026-09-14 15:41:39.105 - RealTimeSTT: realtimestt - INFO - State changed from 'inactive' to 'transcribing'
2026-09-14 15:41:39.109 - RealTimeSTT: realtimestt - DEBUG - Adding transcription request, no early transcription started
2026-09-14 15:41:39.120 - RealTimeSTT: realtimestt - DEBUG - Receive from parent_transcription_pipe after sendiung transcription request, transcribe_count: 1
2026-09-14 15:41:39.235 - RealTimeSTT: realtimestt - DEBUG - Receive from parent_transcription_pipe after sendiung transcription request, transcribe_count: 1
2026-09-14 15:41:39.339 - RealTimeSTT: realtimestt - DEBUG - Receive from parent_transcription_pipe after sendiung transcription request, transcribe_count: 1
2026-09-14 15:41:39.456 - RealTimeSTT: realtimestt - DEBUG - Receive from parent_transcription_pipe after sendiung transcription request, transcribe_count: 1
2026-09-14 15:41:39.565 - RealTimeSTT: realtimestt - DEBUG - Receive from parent_transcription_pipe after sendiung transcription request, transcribe_count: 1
2026-09-14 15:41:39.667 - RealTimeSTT: realtimestt - DEBUG - Receive from parent_transcription_pipe after sendiung transcription request, transcribe_count: 1
2026-09-14 15:41:39.774 - RealTimeSTT: realtimestt - DEBUG - Receive from parent_transcription_pipe after sendiung transcription request, transcribe_count: 1
2026-09-14 15:41:39.875 - RealTimeSTT: realtimestt - DEBUG - Receive from parent_transcription_pipe after sendiung transcription request, transcribe_count: 1
2026-09-14 15:41:39.989 - RealTimeSTT: realtimestt - DEBUG - Receive from parent_transcription_pipe after sendiung transcription request, transcribe_count: 1
2026-09-14 15:41:40.081 - RealTimeSTT: realtimestt - INFO - State changed from 'transcribing' to 'inactive'
2026-09-14 15:41:40.122 - RealTimeSTT: realtimestt - DEBUG - Model tiny completed transcription in 1.01 seconds
2026-09-14 15:41:49.744 - RealTimeSTT: realtimestt - INFO - Setting listen time
2026-09-14 15:41:49.744 - RealTimeSTT: realtimestt - INFO - State changed from 'inactive' to 'listening'
2026-09-14 15:41:49.750 - RealTimeSTT: realtimestt - DEBUG - Waiting for recording start
2026-09-14 15:41:53.224 - RealTimeSTT: realtimestt - INFO - voice activity detected
2026-09-14 15:41:53.224 - RealTimeSTT: realtimestt - INFO - recording started
2026-09-14 15:41:53.224 - RealTimeSTT: realtimestt - INFO - State changed from 'listening' to 'recording'
2026-09-14 15:41:53.224 - RealTimeSTT: realtimestt - DEBUG - Waiting for recording stop
2026-09-14 15:41:54.445 - RealTimeSTT: realtimestt - INFO - recording stopped
2026-09-14 15:41:54.447 - RealTimeSTT: realtimestt - DEBUG - No samples removed, final audio length: 35840
2026-09-14 15:41:54.448 - RealTimeSTT: realtimestt - INFO - State changed from 'recording' to 'inactive'
2026-09-14 15:41:54.496 - RealTimeSTT: realtimestt - INFO - State changed from 'inactive' to 'transcribing'
2026-09-14 15:41:54.499 - RealTimeSTT: realtimestt - DEBUG - Adding transcription request, no early transcription started
2026-09-14 15:41:54.500 - RealTimeSTT: realtimestt - DEBUG - Receive from parent_transcription_pipe after sendiung transcription request, transcribe_count: 1
2026-09-14 15:41:54.614 - RealTimeSTT: realtimestt - DEBUG - Receive from parent_transcription_pipe after sendiung transcription request, transcribe_count: 1
2026-09-14 15:41:54.720 - RealTimeSTT: realtimestt - DEBUG - Receive from parent_transcription_pipe after sendiung transcription request, transcribe_count: 1
2026-09-14 15:41:54.826 - RealTimeSTT: realtimestt - DEBUG - Receive from parent_transcription_pipe after sendiung transcription request, transcribe_count: 1
2026-09-14 15:41:54.933 - RealTimeSTT: realtimestt - DEBUG - Receive from parent_transcription_pipe after sendiung transcription request, transcribe_count: 1
2026-09-14 15:41:55.038 - RealTimeSTT: realtimestt - DEBUG - Receive from parent_transcription_pipe after sendiung transcription request, transcribe_count: 1
2026-09-14 15:41:55.144 - RealTimeSTT: realtimestt - DEBUG - Receive from parent_transcription_pipe after sendiung transcription request, transcribe_count: 1
2026-09-14 15:41:55.250 - RealTimeSTT: realtimestt - DEBUG - Receive from parent_transcription_pipe after sendiung transcription request, transcribe_count: 1
2026-09-14 15:41:55.357 - RealTimeSTT: realtimestt - DEBUG - Receive from parent_transcription_pipe after sendiung transcription request, transcribe_count: 1
2026-09-14 15:41:55.403 - RealTimeSTT: realtimestt - INFO - State changed from 'transcribing' to 'inactive'
2026-09-14 15:41:55.410 - RealTimeSTT: realtimestt - DEBUG - Model tiny completed transcription in 0.91 seconds
2026-09-14 15:41:55.461 - RealTimeSTT: realtimestt - INFO - Setting listen time
2026-09-14 15:41:55.461 - RealTimeSTT: realtimestt - INFO - State changed from 'inactive' to 'listening'
2026-09-14 15:41:55.465 - RealTimeSTT: realtimestt - DEBUG - Waiting for recording start
2026-09-14 15:41:58.734 - RealTimeSTT: realtimestt - INFO - voice activity detected
2026-09-14 15:41:58.734 - RealTimeSTT: realtimestt - INFO - recording started
2026-09-14 15:41:58.734 - RealTimeSTT: realtimestt - INFO - State changed from 'listening' to 'recording'
2026-09-14 15:41:58.735 - RealTimeSTT: realtimestt - DEBUG - Waiting for recording stop
2026-09-14 15:42:00.014 - RealTimeSTT: realtimestt - INFO - recording stopped
2026-09-14 15:42:00.017 - RealTimeSTT: realtimestt - DEBUG - No samples removed, final audio length: 36864
2026-09-14 15:42:00.017 - RealTimeSTT: realtimestt - INFO - State changed from 'recording' to 'inactive'
2026-09-14 15:42:00.081 - RealTimeSTT: realtimestt - INFO - State changed from 'inactive' to 'transcribing'
2026-09-14 15:42:00.086 - RealTimeSTT: realtimestt - DEBUG - Adding transcription request, no early transcription started
2026-09-14 15:42:00.090 - RealTimeSTT: realtimestt - DEBUG - Receive from parent_transcription_pipe after sendiung transcription request, transcribe_count: 1
2026-09-14 15:42:00.194 - RealTimeSTT: realtimestt - DEBUG - Receive from parent_transcription_pipe after sendiung transcription request, transcribe_count: 1
2026-09-14 15:42:00.302 - RealTimeSTT: realtimestt - DEBUG - Receive from parent_transcription_pipe after sendiung transcription request, transcribe_count: 1
2026-09-14 15:42:00.407 - RealTimeSTT: realtimestt - DEBUG - Receive from parent_transcription_pipe after sendiung transcription request, transcribe_count: 1
2026-09-14 15:42:00.514 - RealTimeSTT: realtimestt - DEBUG - Receive from parent_transcription_pipe after sendiung transcription request, transcribe_count: 1
2026-09-14 15:42:00.623 - RealTimeSTT: realtimestt - DEBUG - Receive from parent_transcription_pipe after sendiung transcription request, transcribe_count: 1
2026-09-14 15:42:00.730 - RealTimeSTT: realtimestt - DEBUG - Receive from parent_transcription_pipe after sendiung transcription request, transcribe_count: 1
2026-09-14 15:42:00.837 - RealTimeSTT: realtimestt - DEBUG - Receive from parent_transcription_pipe after sendiung transcription request, transcribe_count: 1
2026-09-14 15:42:00.948 - RealTimeSTT: realtimestt - DEBUG - Receive from parent_transcription_pipe after sendiung transcription request, transcribe_count: 1
2026-09-14 15:42:00.986 - RealTimeSTT: realtimestt - INFO - State changed from 'transcribing' to 'inactive'
2026-09-14 15:42:00.998 - RealTimeSTT: realtimestt - DEBUG - Model tiny completed transcription in 0.91 seconds
2026-09-14 15:42:03.974 - RealTimeSTT: realtimestt - INFO - voice activity detected
2026-09-14 15:42:03.975 - RealTimeSTT: realtimestt - INFO - recording started
2026-09-14 15:42:03.975 - RealTimeSTT: realtimestt - INFO - State changed from 'inactive' to 'recording'
2026-09-14 15:42:05.834 - RealTimeSTT: realtimestt - INFO - recording stopped
2026-09-14 15:42:11.914 - RealTimeSTT: realtimestt - INFO - voice activity detected
2026-09-14 15:42:11.914 - RealTimeSTT: realtimestt - INFO - recording started
2026-09-14 15:42:12.038 - RealTimeSTT: realtimestt - DEBUG - Receive from stdout pipe
2026-09-14 15:42:12.038 - RealTimeSTT: realtimestt - INFO - None
2026-09-14 15:50:09.623 - RealTimeSTT: realtimestt - INFO - Starting RealTimeSTT
2026-09-14 15:50:09.667 - RealTimeSTT: realtimestt - INFO - Initializing audio recording (creating pyAudio input stream, sample rate: 16000 buffer size: 512
2026-09-14 15:50:09.699 - RealTimeSTT: realtimestt - INFO - Initializing WebRTC voice with Sensitivity 3
2026-09-14 15:50:09.700 - RealTimeSTT: realtimestt - DEBUG - WebRTC VAD voice activity detection engine initialized successfully
2026-09-14 15:50:09.828 - RealTimeSTT: realtimestt - DEBUG - Silero VAD voice activity detection engine initialized successfully with backend raw_onnx_ifless
2026-09-14 15:50:09.831 - RealTimeSTT: realtimestt - DEBUG - Starting realtime worker
2026-09-14 15:50:09.832 - RealTimeSTT: realtimestt - DEBUG - Waiting for main transcription model to start
2026-09-14 15:50:09.832 - RealTimeSTT: realtimestt - DEBUG - Realtime transcription disabled; realtime worker exits
2026-09-14 15:50:24.736 - RealTimeSTT: realtimestt - DEBUG - Main transcription model ready
2026-09-14 15:50:24.737 - RealTimeSTT: realtimestt - DEBUG - RealtimeSTT initialization completed successfully
2026-09-14 15:50:24.737 - RealTimeSTT: realtimestt - INFO - Setting listen time
2026-09-14 15:50:24.738 - RealTimeSTT: realtimestt - INFO - State changed from 'inactive' to 'listening'
2026-09-14 15:50:24.742 - RealTimeSTT: realtimestt - DEBUG - Waiting for recording start
2026-09-14 15:50:26.631 - RealTimeSTT: realtimestt - INFO - voice activity detected
2026-09-14 15:50:26.631 - RealTimeSTT: realtimestt - INFO - recording started
2026-09-14 15:50:26.632 - RealTimeSTT: realtimestt - INFO - State changed from 'listening' to 'recording'
2026-09-14 15:50:26.632 - RealTimeSTT: realtimestt - DEBUG - Waiting for recording stop
2026-09-14 15:50:27.780 - RealTimeSTT: realtimestt - INFO - recording stopped
2026-09-14 15:50:27.783 - RealTimeSTT: realtimestt - DEBUG - No samples removed, final audio length: 34816
2026-09-14 15:50:27.783 - RealTimeSTT: realtimestt - INFO - State changed from 'recording' to 'inactive'
2026-09-14 15:50:27.853 - RealTimeSTT: realtimestt - INFO - State changed from 'inactive' to 'transcribing'
2026-09-14 15:50:27.857 - RealTimeSTT: realtimestt - DEBUG - Adding transcription request, no early transcription started
2026-09-14 15:50:27.875 - RealTimeSTT: realtimestt - DEBUG - Receive from parent_transcription_pipe after sendiung transcription request, transcribe_count: 1
2026-09-14 15:50:27.976 - RealTimeSTT: realtimestt - DEBUG - Receive from parent_transcription_pipe after sendiung transcription request, transcribe_count: 1
2026-09-14 15:50:28.083 - RealTimeSTT: realtimestt - DEBUG - Receive from parent_transcription_pipe after sendiung transcription request, transcribe_count: 1
2026-09-14 15:50:28.189 - RealTimeSTT: realtimestt - DEBUG - Receive from parent_transcription_pipe after sendiung transcription request, transcribe_count: 1
2026-09-14 15:50:28.290 - RealTimeSTT: realtimestt - DEBUG - Receive from parent_transcription_pipe after sendiung transcription request, transcribe_count: 1
2026-09-14 15:50:28.404 - RealTimeSTT: realtimestt - DEBUG - Receive from parent_transcription_pipe after sendiung transcription request, transcribe_count: 1
2026-09-14 15:50:28.510 - RealTimeSTT: realtimestt - DEBUG - Receive from parent_transcription_pipe after sendiung transcription request, transcribe_count: 1
2026-09-14 15:50:28.609 - RealTimeSTT: realtimestt - INFO - State changed from 'transcribing' to 'inactive'
2026-09-14 15:50:28.616 - RealTimeSTT: realtimestt - DEBUG - Model tiny completed transcription in 0.76 seconds
2026-09-14 15:50:28.617 - RealTimeSTT: realtimestt - INFO - recording stopped
2026-09-14 15:50:37.298 - RealTimeSTT: realtimestt - INFO - Setting listen time
2026-09-14 15:50:37.298 - RealTimeSTT: realtimestt - INFO - State changed from 'inactive' to 'listening'
2026-09-14 15:50:37.302 - RealTimeSTT: realtimestt - DEBUG - Waiting for recording start
2026-09-14 15:50:38.921 - RealTimeSTT: realtimestt - INFO - voice activity detected
2026-09-14 15:50:38.921 - RealTimeSTT: realtimestt - INFO - recording started
2026-09-14 15:50:38.921 - RealTimeSTT: realtimestt - INFO - State changed from 'listening' to 'recording'
2026-09-14 15:50:38.922 - RealTimeSTT: realtimestt - DEBUG - Waiting for recording stop
2026-09-14 15:50:40.081 - RealTimeSTT: realtimestt - INFO - recording stopped
2026-09-14 15:50:40.083 - RealTimeSTT: realtimestt - DEBUG - No samples removed, final audio length: 34816
2026-09-14 15:50:40.083 - RealTimeSTT: realtimestt - INFO - State changed from 'recording' to 'inactive'
2026-09-14 15:50:40.163 - RealTimeSTT: realtimestt - INFO - State changed from 'inactive' to 'transcribing'
2026-09-14 15:50:40.166 - RealTimeSTT: realtimestt - DEBUG - Adding transcription request, no early transcription started
2026-09-14 15:50:40.167 - RealTimeSTT: realtimestt - DEBUG - Receive from parent_transcription_pipe after sendiung transcription request, transcribe_count: 1
2026-09-14 15:50:40.269 - RealTimeSTT: realtimestt - DEBUG - Receive from parent_transcription_pipe after sendiung transcription request, transcribe_count: 1
2026-09-14 15:50:40.376 - RealTimeSTT: realtimestt - DEBUG - Receive from parent_transcription_pipe after sendiung transcription request, transcribe_count: 1
2026-09-14 15:50:40.483 - RealTimeSTT: realtimestt - DEBUG - Receive from parent_transcription_pipe after sendiung transcription request, transcribe_count: 1
2026-09-14 15:50:40.590 - RealTimeSTT: realtimestt - DEBUG - Receive from parent_transcription_pipe after sendiung transcription request, transcribe_count: 1
2026-09-14 15:50:40.696 - RealTimeSTT: realtimestt - DEBUG - Receive from parent_transcription_pipe after sendiung transcription request, transcribe_count: 1
2026-09-14 15:50:40.803 - RealTimeSTT: realtimestt - DEBUG - Receive from parent_transcription_pipe after sendiung transcription request, transcribe_count: 1
2026-09-14 15:50:40.884 - RealTimeSTT: realtimestt - INFO - State changed from 'transcribing' to 'inactive'
2026-09-14 15:50:40.927 - RealTimeSTT: realtimestt - DEBUG - Model tiny completed transcription in 0.76 seconds
2026-09-14 15:50:40.978 - RealTimeSTT: realtimestt - INFO - Setting listen time
2026-09-14 15:50:40.978 - RealTimeSTT: realtimestt - INFO - State changed from 'inactive' to 'listening'
2026-09-14 15:50:40.981 - RealTimeSTT: realtimestt - DEBUG - Waiting for recording start
2026-09-14 15:50:42.571 - RealTimeSTT: realtimestt - INFO - voice activity detected
2026-09-14 15:50:42.571 - RealTimeSTT: realtimestt - INFO - recording started
2026-09-14 15:50:42.571 - RealTimeSTT: realtimestt - INFO - State changed from 'listening' to 'recording'
2026-09-14 15:50:42.572 - RealTimeSTT: realtimestt - DEBUG - Waiting for recording stop
2026-09-14 15:50:44.241 - RealTimeSTT: realtimestt - INFO - recording stopped
2026-09-14 15:50:44.243 - RealTimeSTT: realtimestt - DEBUG - No samples removed, final audio length: 43008
2026-09-14 15:50:44.244 - RealTimeSTT: realtimestt - INFO - State changed from 'recording' to 'inactive'
2026-09-14 15:50:44.346 - RealTimeSTT: realtimestt - INFO - State changed from 'inactive' to 'transcribing'
2026-09-14 15:50:44.351 - RealTimeSTT: realtimestt - DEBUG - Adding transcription request, no early transcription started
2026-09-14 15:50:44.365 - RealTimeSTT: realtimestt - DEBUG - Receive from parent_transcription_pipe after sendiung transcription request, transcribe_count: 1
2026-09-14 15:50:44.467 - RealTimeSTT: realtimestt - DEBUG - Receive from parent_transcription_pipe after sendiung transcription request, transcribe_count: 1
2026-09-14 15:50:44.574 - RealTimeSTT: realtimestt - DEBUG - Receive from parent_transcription_pipe after sendiung transcription request, transcribe_count: 1
2026-09-14 15:50:44.681 - RealTimeSTT: realtimestt - DEBUG - Receive from parent_transcription_pipe after sendiung transcription request, transcribe_count: 1
2026-09-14 15:50:44.787 - RealTimeSTT: realtimestt - DEBUG - Receive from parent_transcription_pipe after sendiung transcription request, transcribe_count: 1
2026-09-14 15:50:44.893 - RealTimeSTT: realtimestt - DEBUG - Receive from parent_transcription_pipe after sendiung transcription request, transcribe_count: 1
2026-09-14 15:50:44.999 - RealTimeSTT: realtimestt - DEBUG - Receive from parent_transcription_pipe after sendiung transcription request, transcribe_count: 1
2026-09-14 15:50:45.107 - RealTimeSTT: realtimestt - DEBUG - Receive from parent_transcription_pipe after sendiung transcription request, transcribe_count: 1
2026-09-14 15:50:45.213 - RealTimeSTT: realtimestt - DEBUG - Receive from parent_transcription_pipe after sendiung transcription request, transcribe_count: 1
2026-09-14 15:50:45.320 - RealTimeSTT: realtimestt - DEBUG - Receive from parent_transcription_pipe after sendiung transcription request, transcribe_count: 1
2026-09-14 15:50:45.325 - RealTimeSTT: realtimestt - INFO - State changed from 'transcribing' to 'inactive'
2026-09-14 15:50:45.367 - RealTimeSTT: realtimestt - DEBUG - Model tiny completed transcription in 1.02 seconds
2026-09-14 15:50:45.418 - RealTimeSTT: realtimestt - INFO - Setting listen time
2026-09-14 15:50:45.418 - RealTimeSTT: realtimestt - INFO - State changed from 'inactive' to 'listening'
2026-09-14 15:50:45.421 - RealTimeSTT: realtimestt - DEBUG - Waiting for recording start
2026-09-14 15:50:47.501 - RealTimeSTT: realtimestt - INFO - voice activity detected
2026-09-14 15:50:47.501 - RealTimeSTT: realtimestt - INFO - recording started
2026-09-14 15:50:47.501 - RealTimeSTT: realtimestt - INFO - State changed from 'listening' to 'recording'
2026-09-14 15:50:47.502 - RealTimeSTT: realtimestt - DEBUG - Waiting for recording stop
2026-09-14 15:50:48.651 - RealTimeSTT: realtimestt - INFO - recording stopped
2026-09-14 15:50:48.653 - RealTimeSTT: realtimestt - DEBUG - No samples removed, final audio length: 34816
2026-09-14 15:50:48.653 - RealTimeSTT: realtimestt - INFO - State changed from 'recording' to 'inactive'
2026-09-14 15:50:48.683 - RealTimeSTT: realtimestt - INFO - State changed from 'inactive' to 'transcribing'
2026-09-14 15:50:48.686 - RealTimeSTT: realtimestt - DEBUG - Adding transcription request, no early transcription started
2026-09-14 15:50:48.689 - RealTimeSTT: realtimestt - DEBUG - Receive from parent_transcription_pipe after sendiung transcription request, transcribe_count: 1
2026-09-14 15:50:48.799 - RealTimeSTT: realtimestt - DEBUG - Receive from parent_transcription_pipe after sendiung transcription request, transcribe_count: 1
2026-09-14 15:50:48.906 - RealTimeSTT: realtimestt - DEBUG - Receive from parent_transcription_pipe after sendiung transcription request, transcribe_count: 1
2026-09-14 15:50:49.012 - RealTimeSTT: realtimestt - DEBUG - Receive from parent_transcription_pipe after sendiung transcription request, transcribe_count: 1
2026-09-14 15:50:49.118 - RealTimeSTT: realtimestt - DEBUG - Receive from parent_transcription_pipe after sendiung transcription request, transcribe_count: 1
2026-09-14 15:50:49.226 - RealTimeSTT: realtimestt - DEBUG - Receive from parent_transcription_pipe after sendiung transcription request, transcribe_count: 1
2026-09-14 15:50:49.332 - RealTimeSTT: realtimestt - DEBUG - Receive from parent_transcription_pipe after sendiung transcription request, transcribe_count: 1
2026-09-14 15:50:49.439 - RealTimeSTT: realtimestt - DEBUG - Receive from parent_transcription_pipe after sendiung transcription request, transcribe_count: 1
2026-09-14 15:50:49.545 - RealTimeSTT: realtimestt - DEBUG - Receive from parent_transcription_pipe after sendiung transcription request, transcribe_count: 1
2026-09-14 15:50:49.652 - RealTimeSTT: realtimestt - DEBUG - Receive from parent_transcription_pipe after sendiung transcription request, transcribe_count: 1
2026-09-14 15:50:49.685 - RealTimeSTT: realtimestt - INFO - State changed from 'transcribing' to 'inactive'
2026-09-14 15:50:49.701 - RealTimeSTT: realtimestt - DEBUG - Model tiny completed transcription in 1.01 seconds
2026-09-14 15:50:50.000 - RealTimeSTT: realtimestt - INFO - voice activity detected
2026-09-14 15:50:50.001 - RealTimeSTT: realtimestt - INFO - recording started
2026-09-14 15:50:50.001 - RealTimeSTT: realtimestt - INFO - State changed from 'inactive' to 'recording'
2026-09-14 15:50:51.281 - RealTimeSTT: realtimestt - INFO - recording stopped
2026-09-14 15:50:51.851 - RealTimeSTT: realtimestt - INFO - voice activity detected
2026-09-14 15:50:51.851 - RealTimeSTT: realtimestt - INFO - recording started
2026-09-14 15:50:53.002 - RealTimeSTT: realtimestt - INFO - recording stopped
2026-09-14 15:50:53.131 - RealTimeSTT: realtimestt - INFO - voice activity detected
2026-09-14 15:50:53.131 - RealTimeSTT: realtimestt - INFO - recording started
2026-09-14 15:50:54.602 - RealTimeSTT: realtimestt - INFO - recording stopped
2026-09-14 15:50:55.172 - RealTimeSTT: realtimestt - DEBUG - Receive from stdout pipe
2026-09-14 15:50:55.172 - RealTimeSTT: realtimestt - INFO - None
2026-09-14 15:56:46.759 - RealTimeSTT: realtimestt - INFO - Starting RealTimeSTT
2026-09-14 15:56:46.820 - RealTimeSTT: realtimestt - INFO - Initializing audio recording (creating pyAudio input stream, sample rate: 16000 buffer size: 512
2026-09-14 15:56:46.864 - RealTimeSTT: realtimestt - INFO - Initializing WebRTC voice with Sensitivity 3
2026-09-14 15:56:46.864 - RealTimeSTT: realtimestt - DEBUG - WebRTC VAD voice activity detection engine initialized successfully
2026-09-14 15:56:47.038 - RealTimeSTT: realtimestt - DEBUG - Silero VAD voice activity detection engine initialized successfully with backend raw_onnx_ifless
2026-09-14 15:56:47.042 - RealTimeSTT: realtimestt - DEBUG - Starting realtime worker
2026-09-14 15:56:47.043 - RealTimeSTT: realtimestt - DEBUG - Waiting for main transcription model to start
2026-09-14 15:56:47.043 - RealTimeSTT: realtimestt - DEBUG - Realtime transcription disabled; realtime worker exits
2026-09-14 15:57:03.039 - RealTimeSTT: realtimestt - DEBUG - Main transcription model ready
2026-09-14 15:57:03.040 - RealTimeSTT: realtimestt - DEBUG - RealtimeSTT initialization completed successfully
2026-09-14 15:57:03.041 - RealTimeSTT: realtimestt - INFO - Setting listen time
2026-09-14 15:57:03.041 - RealTimeSTT: realtimestt - INFO - State changed from 'inactive' to 'listening'
2026-09-14 15:57:03.044 - RealTimeSTT: realtimestt - DEBUG - Waiting for recording start
2026-09-14 15:57:04.063 - RealTimeSTT: realtimestt - INFO - voice activity detected
2026-09-14 15:57:04.064 - RealTimeSTT: realtimestt - INFO - recording started
2026-09-14 15:57:04.064 - RealTimeSTT: realtimestt - INFO - State changed from 'listening' to 'recording'
2026-09-14 15:57:04.064 - RealTimeSTT: realtimestt - DEBUG - Waiting for recording stop
2026-09-14 15:57:05.534 - RealTimeSTT: realtimestt - INFO - recording stopped
2026-09-14 15:57:05.538 - RealTimeSTT: realtimestt - DEBUG - No samples removed, final audio length: 39936
2026-09-14 15:57:05.539 - RealTimeSTT: realtimestt - INFO - State changed from 'recording' to 'inactive'
2026-09-14 15:57:05.607 - RealTimeSTT: realtimestt - INFO - State changed from 'inactive' to 'transcribing'
2026-09-14 15:57:05.611 - RealTimeSTT: realtimestt - DEBUG - Adding transcription request, no early transcription started
2026-09-14 15:57:05.616 - RealTimeSTT: realtimestt - DEBUG - Receive from parent_transcription_pipe after sendiung transcription request, transcribe_count: 1
2026-09-14 15:57:05.720 - RealTimeSTT: realtimestt - DEBUG - Receive from parent_transcription_pipe after sendiung transcription request, transcribe_count: 1
2026-09-14 15:57:05.826 - RealTimeSTT: realtimestt - DEBUG - Receive from parent_transcription_pipe after sendiung transcription request, transcribe_count: 1
2026-09-14 15:57:05.931 - RealTimeSTT: realtimestt - DEBUG - Receive from parent_transcription_pipe after sendiung transcription request, transcribe_count: 1
2026-09-14 15:57:05.983 - RealTimeSTT: realtimestt - INFO - voice activity detected
2026-09-14 15:57:05.984 - RealTimeSTT: realtimestt - INFO - recording started
2026-09-14 15:57:05.984 - RealTimeSTT: realtimestt - INFO - State changed from 'transcribing' to 'recording'
2026-09-14 15:57:06.040 - RealTimeSTT: realtimestt - DEBUG - Receive from parent_transcription_pipe after sendiung transcription request, transcribe_count: 1
2026-09-14 15:57:06.146 - RealTimeSTT: realtimestt - DEBUG - Receive from parent_transcription_pipe after sendiung transcription request, transcribe_count: 1
2026-09-14 15:57:06.252 - RealTimeSTT: realtimestt - DEBUG - Receive from parent_transcription_pipe after sendiung transcription request, transcribe_count: 1
2026-09-14 15:57:06.359 - RealTimeSTT: realtimestt - DEBUG - Receive from parent_transcription_pipe after sendiung transcription request, transcribe_count: 1
2026-09-14 15:57:06.466 - RealTimeSTT: realtimestt - DEBUG - Receive from parent_transcription_pipe after sendiung transcription request, transcribe_count: 1
2026-09-14 15:57:06.573 - RealTimeSTT: realtimestt - DEBUG - Receive from parent_transcription_pipe after sendiung transcription request, transcribe_count: 1
2026-09-14 15:57:06.616 - RealTimeSTT: realtimestt - DEBUG - Model tiny completed transcription in 1.00 seconds
2026-09-14 15:57:06.618 - RealTimeSTT: realtimestt - INFO - recording stopped
2026-09-14 15:57:10.464 - RealTimeSTT: realtimestt - INFO - voice activity detected
2026-09-14 15:57:10.464 - RealTimeSTT: realtimestt - INFO - recording started
2026-09-14 15:57:13.534 - RealTimeSTT: realtimestt - INFO - recording stopped
2026-09-14 15:57:19.494 - RealTimeSTT: realtimestt - INFO - voice activity detected
2026-09-14 15:57:19.494 - RealTimeSTT: realtimestt - INFO - recording started
2026-09-14 15:57:23.393 - RealTimeSTT: realtimestt - INFO - recording stopped
2026-09-14 15:57:24.413 - RealTimeSTT: realtimestt - INFO - voice activity detected
2026-09-14 15:57:24.413 - RealTimeSTT: realtimestt - INFO - recording started
2026-09-14 15:57:25.574 - RealTimeSTT: realtimestt - INFO - recording stopped
2026-09-14 15:57:26.274 - RealTimeSTT: realtimestt - INFO - voice activity detected
2026-09-14 15:57:26.274 - RealTimeSTT: realtimestt - INFO - recording started
2026-09-14 15:57:28.004 - RealTimeSTT: realtimestt - INFO - recording stopped
2026-09-14 15:57:29.214 - RealTimeSTT: realtimestt - INFO - voice activity detected
2026-09-14 15:57:29.214 - RealTimeSTT: realtimestt - INFO - recording started
2026-09-14 15:57:30.374 - RealTimeSTT: realtimestt - INFO - recording stopped
2026-09-14 15:57:47.274 - RealTimeSTT: realtimestt - INFO - Starting RealTimeSTT
2026-09-14 15:57:47.326 - RealTimeSTT: realtimestt - INFO - Initializing audio recording (creating pyAudio input stream, sample rate: 16000 buffer size: 512
2026-09-14 15:57:47.364 - RealTimeSTT: realtimestt - INFO - Initializing WebRTC voice with Sensitivity 3
2026-09-14 15:57:47.364 - RealTimeSTT: realtimestt - DEBUG - WebRTC VAD voice activity detection engine initialized successfully
2026-09-14 15:57:47.494 - RealTimeSTT: realtimestt - DEBUG - Silero VAD voice activity detection engine initialized successfully with backend raw_onnx_ifless
2026-09-14 15:57:47.499 - RealTimeSTT: realtimestt - DEBUG - Starting realtime worker
2026-09-14 15:57:47.499 - RealTimeSTT: realtimestt - DEBUG - Waiting for main transcription model to start
2026-09-14 15:57:47.499 - RealTimeSTT: realtimestt - DEBUG - Realtime transcription disabled; realtime worker exits
2026-09-14 15:58:04.272 - RealTimeSTT: realtimestt - DEBUG - Main transcription model ready
2026-09-14 15:58:04.274 - RealTimeSTT: realtimestt - DEBUG - RealtimeSTT initialization completed successfully
2026-09-14 15:58:04.274 - RealTimeSTT: realtimestt - INFO - Setting listen time
2026-09-14 15:58:04.274 - RealTimeSTT: realtimestt - INFO - State changed from 'inactive' to 'listening'
2026-09-14 15:58:04.277 - RealTimeSTT: realtimestt - DEBUG - Waiting for recording start
2026-09-14 15:58:06.038 - RealTimeSTT: realtimestt - INFO - voice activity detected
2026-09-14 15:58:06.038 - RealTimeSTT: realtimestt - INFO - recording started
2026-09-14 15:58:06.038 - RealTimeSTT: realtimestt - INFO - State changed from 'listening' to 'recording'
2026-09-14 15:58:06.039 - RealTimeSTT: realtimestt - DEBUG - Waiting for recording stop
2026-09-14 15:58:07.189 - RealTimeSTT: realtimestt - INFO - recording stopped
2026-09-14 15:58:07.192 - RealTimeSTT: realtimestt - DEBUG - No samples removed, final audio length: 34816
2026-09-14 15:58:07.192 - RealTimeSTT: realtimestt - INFO - State changed from 'recording' to 'inactive'
2026-09-14 15:58:07.290 - RealTimeSTT: realtimestt - INFO - State changed from 'inactive' to 'transcribing'
2026-09-14 15:58:07.294 - RealTimeSTT: realtimestt - DEBUG - Adding transcription request, no early transcription started
2026-09-14 15:58:07.300 - RealTimeSTT: realtimestt - DEBUG - Receive from parent_transcription_pipe after sendiung transcription request, transcribe_count: 1
2026-09-14 15:58:07.401 - RealTimeSTT: realtimestt - DEBUG - Receive from parent_transcription_pipe after sendiung transcription request, transcribe_count: 1
2026-09-14 15:58:07.508 - RealTimeSTT: realtimestt - DEBUG - Receive from parent_transcription_pipe after sendiung transcription request, transcribe_count: 1
2026-09-14 15:58:07.614 - RealTimeSTT: realtimestt - DEBUG - Receive from parent_transcription_pipe after sendiung transcription request, transcribe_count: 1
2026-09-14 15:58:07.721 - RealTimeSTT: realtimestt - DEBUG - Receive from parent_transcription_pipe after sendiung transcription request, transcribe_count: 1
2026-09-14 15:58:07.827 - RealTimeSTT: realtimestt - DEBUG - Receive from parent_transcription_pipe after sendiung transcription request, transcribe_count: 1
2026-09-14 15:58:07.933 - RealTimeSTT: realtimestt - DEBUG - Receive from parent_transcription_pipe after sendiung transcription request, transcribe_count: 1
2026-09-14 15:58:08.041 - RealTimeSTT: realtimestt - DEBUG - Receive from parent_transcription_pipe after sendiung transcription request, transcribe_count: 1
2026-09-14 15:58:08.148 - RealTimeSTT: realtimestt - DEBUG - Receive from parent_transcription_pipe after sendiung transcription request, transcribe_count: 1
2026-09-14 15:58:08.214 - RealTimeSTT: realtimestt - INFO - State changed from 'transcribing' to 'inactive'
2026-09-14 15:58:08.257 - RealTimeSTT: realtimestt - DEBUG - Model tiny completed transcription in 0.96 seconds
2026-09-14 15:58:08.258 - RealTimeSTT: realtimestt - INFO - recording stopped
2026-09-14 15:58:10.908 - RealTimeSTT: realtimestt - INFO - voice activity detected
2026-09-14 15:58:10.908 - RealTimeSTT: realtimestt - INFO - recording started
2026-09-14 15:58:10.908 - RealTimeSTT: realtimestt - INFO - State changed from 'inactive' to 'recording'
2026-09-14 15:58:12.059 - RealTimeSTT: realtimestt - INFO - recording stopped
2026-09-14 15:58:13.213 - RealTimeSTT: realtimestt - INFO - voice activity detected
2026-09-14 15:58:13.213 - RealTimeSTT: realtimestt - INFO - recording started
2026-09-14 15:58:14.619 - RealTimeSTT: realtimestt - INFO - recording stopped
2026-09-14 16:05:18.682 - RealTimeSTT: realtimestt - INFO - Starting RealTimeSTT
2026-09-14 16:05:18.730 - RealTimeSTT: realtimestt - INFO - Initializing audio recording (creating pyAudio input stream, sample rate: 16000 buffer size: 512
2026-09-14 16:05:18.763 - RealTimeSTT: realtimestt - INFO - Initializing WebRTC voice with Sensitivity 3
2026-09-14 16:05:18.763 - RealTimeSTT: realtimestt - DEBUG - WebRTC VAD voice activity detection engine initialized successfully
2026-09-14 16:05:18.896 - RealTimeSTT: realtimestt - DEBUG - Silero VAD voice activity detection engine initialized successfully with backend raw_onnx_ifless
2026-09-14 16:05:18.899 - RealTimeSTT: realtimestt - DEBUG - Starting realtime worker
2026-09-14 16:05:18.900 - RealTimeSTT: realtimestt - DEBUG - Waiting for main transcription model to start
2026-09-14 16:05:18.900 - RealTimeSTT: realtimestt - DEBUG - Realtime transcription disabled; realtime worker exits
2026-09-14 16:06:23.837 - RealTimeSTT: realtimestt - INFO - Starting RealTimeSTT
2026-09-14 16:06:23.873 - RealTimeSTT: realtimestt - INFO - Initializing audio recording (creating pyAudio input stream, sample rate: 16000 buffer size: 512
2026-09-14 16:06:23.897 - RealTimeSTT: realtimestt - INFO - Initializing WebRTC voice with Sensitivity 3
2026-09-14 16:06:23.898 - RealTimeSTT: realtimestt - DEBUG - WebRTC VAD voice activity detection engine initialized successfully
2026-09-14 16:06:23.998 - RealTimeSTT: realtimestt - DEBUG - Silero VAD voice activity detection engine initialized successfully with backend raw_onnx_ifless
2026-09-14 16:06:24.001 - RealTimeSTT: realtimestt - DEBUG - Starting realtime worker
2026-09-14 16:06:24.001 - RealTimeSTT: realtimestt - DEBUG - Waiting for main transcription model to start
2026-09-14 16:06:24.001 - RealTimeSTT: realtimestt - DEBUG - Realtime transcription disabled; realtime worker exits
2026-09-14 16:06:39.097 - RealTimeSTT: realtimestt - DEBUG - Main transcription model ready
2026-09-14 16:06:39.098 - RealTimeSTT: realtimestt - DEBUG - RealtimeSTT initialization completed successfully
2026-09-14 16:06:39.099 - RealTimeSTT: realtimestt - INFO - Setting listen time
2026-09-14 16:06:39.099 - RealTimeSTT: realtimestt - INFO - State changed from 'inactive' to 'listening'
2026-09-14 16:06:39.101 - RealTimeSTT: realtimestt - DEBUG - Waiting for recording start
2026-09-14 16:06:39.872 - RealTimeSTT: realtimestt - INFO - voice activity detected
2026-09-14 16:06:39.873 - RealTimeSTT: realtimestt - INFO - recording started
2026-09-14 16:06:39.873 - RealTimeSTT: realtimestt - INFO - State changed from 'listening' to 'recording'
2026-09-14 16:06:39.873 - RealTimeSTT: realtimestt - DEBUG - Waiting for recording stop
2026-09-14 16:06:41.532 - RealTimeSTT: realtimestt - INFO - recording stopped
2026-09-14 16:06:41.535 - RealTimeSTT: realtimestt - DEBUG - No samples removed, final audio length: 43008
2026-09-14 16:06:41.536 - RealTimeSTT: realtimestt - INFO - State changed from 'recording' to 'inactive'
2026-09-14 16:06:41.591 - RealTimeSTT: realtimestt - INFO - State changed from 'inactive' to 'transcribing'
2026-09-14 16:06:41.594 - RealTimeSTT: realtimestt - DEBUG - Adding transcription request, no early transcription started
2026-09-14 16:06:41.603 - RealTimeSTT: realtimestt - DEBUG - Receive from parent_transcription_pipe after sendiung transcription request, transcribe_count: 1
2026-09-14 16:06:41.704 - RealTimeSTT: realtimestt - DEBUG - Receive from parent_transcription_pipe after sendiung transcription request, transcribe_count: 1
2026-09-14 16:06:41.812 - RealTimeSTT: realtimestt - DEBUG - Receive from parent_transcription_pipe after sendiung transcription request, transcribe_count: 1
2026-09-14 16:06:41.918 - RealTimeSTT: realtimestt - DEBUG - Receive from parent_transcription_pipe after sendiung transcription request, transcribe_count: 1
2026-09-14 16:06:41.982 - RealTimeSTT: realtimestt - INFO - voice activity detected
2026-09-14 16:06:41.982 - RealTimeSTT: realtimestt - INFO - recording started
2026-09-14 16:06:41.982 - RealTimeSTT: realtimestt - INFO - State changed from 'transcribing' to 'recording'
2026-09-14 16:06:42.024 - RealTimeSTT: realtimestt - DEBUG - Receive from parent_transcription_pipe after sendiung transcription request, transcribe_count: 1
2026-09-14 16:06:42.131 - RealTimeSTT: realtimestt - DEBUG - Receive from parent_transcription_pipe after sendiung transcription request, transcribe_count: 1
2026-09-14 16:06:42.237 - RealTimeSTT: realtimestt - DEBUG - Receive from parent_transcription_pipe after sendiung transcription request, transcribe_count: 1
2026-09-14 16:06:42.315 - RealTimeSTT: realtimestt - DEBUG - Model tiny completed transcription in 0.72 seconds
2026-09-14 16:06:42.316 - RealTimeSTT: realtimestt - INFO - Attempted to stop recording too soon after starting.
2026-09-14 16:06:43.132 - RealTimeSTT: realtimestt - INFO - recording stopped
2026-09-14 16:06:43.582 - RealTimeSTT: realtimestt - INFO - voice activity detected
2026-09-14 16:06:43.582 - RealTimeSTT: realtimestt - INFO - recording started
2026-09-14 16:06:44.862 - RealTimeSTT: realtimestt - INFO - recording stopped
2026-09-14 16:06:46.713 - RealTimeSTT: realtimestt - INFO - voice activity detected
2026-09-14 16:06:46.713 - RealTimeSTT: realtimestt - INFO - recording started
2026-09-14 16:06:47.995 - RealTimeSTT: realtimestt - INFO - recording stopped
2026-09-14 16:06:52.732 - RealTimeSTT: realtimestt - INFO - voice activity detected
2026-09-14 16:06:52.733 - RealTimeSTT: realtimestt - INFO - recording started
2026-09-14 16:06:54.013 - RealTimeSTT: realtimestt - INFO - recording stopped
2026-09-14 16:06:54.913 - RealTimeSTT: realtimestt - INFO - voice activity detected
2026-09-14 16:06:54.913 - RealTimeSTT: realtimestt - INFO - recording started
2026-09-14 16:06:57.472 - RealTimeSTT: realtimestt - INFO - recording stopped
2026-09-14 16:07:08.269 - RealTimeSTT: realtimestt - DEBUG - Receive from stdout pipe
2026-09-14 16:07:08.270 - RealTimeSTT: realtimestt - INFO - None
2026-09-14 16:09:10.259 - RealTimeSTT: realtimestt - INFO - Starting RealTimeSTT
2026-09-14 16:09:10.307 - RealTimeSTT: realtimestt - INFO - Initializing audio recording (creating pyAudio input stream, sample rate: 16000 buffer size: 512
2026-09-14 16:09:10.343 - RealTimeSTT: realtimestt - INFO - Initializing WebRTC voice with Sensitivity 3
2026-09-14 16:09:10.343 - RealTimeSTT: realtimestt - DEBUG - WebRTC VAD voice activity detection engine initialized successfully
2026-09-14 16:09:10.471 - RealTimeSTT: realtimestt - DEBUG - Silero VAD voice activity detection engine initialized successfully with backend raw_onnx_ifless
2026-09-14 16:09:10.475 - RealTimeSTT: realtimestt - DEBUG - Starting realtime worker
2026-09-14 16:09:10.475 - RealTimeSTT: realtimestt - DEBUG - Waiting for main transcription model to start
2026-09-14 16:09:10.475 - RealTimeSTT: realtimestt - DEBUG - Realtime transcription disabled; realtime worker exits
2026-09-14 16:09:26.166 - RealTimeSTT: realtimestt - DEBUG - Main transcription model ready
2026-09-14 16:09:26.168 - RealTimeSTT: realtimestt - DEBUG - RealtimeSTT initialization completed successfully
2026-09-14 16:09:26.168 - RealTimeSTT: realtimestt - INFO - recording started
2026-09-14 16:09:26.168 - RealTimeSTT: realtimestt - INFO - State changed from 'inactive' to 'recording'
2026-09-14 16:09:26.171 - RealTimeSTT: realtimestt - INFO - Attempted to stop recording too soon after starting.
2026-09-14 16:10:09.792 - RealTimeSTT: realtimestt - INFO - Setting listen time
2026-09-14 16:10:09.793 - RealTimeSTT: realtimestt - DEBUG - Waiting for recording stop
2026-09-14 16:10:10.637 - RealTimeSTT: realtimestt - INFO - recording stopped
2026-09-14 16:10:10.669 - RealTimeSTT: realtimestt - DEBUG - No samples removed, final audio length: 711168
2026-09-14 16:10:10.669 - RealTimeSTT: realtimestt - INFO - State changed from 'recording' to 'inactive'
2026-09-14 16:10:10.725 - RealTimeSTT: realtimestt - INFO - State changed from 'inactive' to 'transcribing'
2026-09-14 16:10:10.729 - RealTimeSTT: realtimestt - DEBUG - Adding transcription request, no early transcription started
2026-09-14 16:10:10.732 - RealTimeSTT: realtimestt - DEBUG - Receive from parent_transcription_pipe after sendiung transcription request, transcribe_count: 1
2026-09-14 16:10:10.841 - RealTimeSTT: realtimestt - DEBUG - Receive from parent_transcription_pipe after sendiung transcription request, transcribe_count: 1
2026-09-14 16:10:10.949 - RealTimeSTT: realtimestt - DEBUG - Receive from parent_transcription_pipe after sendiung transcription request, transcribe_count: 1
2026-09-14 16:10:11.055 - RealTimeSTT: realtimestt - DEBUG - Receive from parent_transcription_pipe after sendiung transcription request, transcribe_count: 1
2026-09-14 16:10:11.161 - RealTimeSTT: realtimestt - DEBUG - Receive from parent_transcription_pipe after sendiung transcription request, transcribe_count: 1
2026-09-14 16:10:11.268 - RealTimeSTT: realtimestt - DEBUG - Receive from parent_transcription_pipe after sendiung transcription request, transcribe_count: 1
2026-09-14 16:10:11.375 - RealTimeSTT: realtimestt - DEBUG - Receive from parent_transcription_pipe after sendiung transcription request, transcribe_count: 1
2026-09-14 16:10:11.483 - RealTimeSTT: realtimestt - DEBUG - Receive from parent_transcription_pipe after sendiung transcription request, transcribe_count: 1
2026-09-14 16:10:11.589 - RealTimeSTT: realtimestt - DEBUG - Receive from parent_transcription_pipe after sendiung transcription request, transcribe_count: 1
2026-09-14 16:10:11.695 - RealTimeSTT: realtimestt - DEBUG - Receive from parent_transcription_pipe after sendiung transcription request, transcribe_count: 1
2026-09-14 16:10:11.802 - RealTimeSTT: realtimestt - DEBUG - Receive from parent_transcription_pipe after sendiung transcription request, transcribe_count: 1
2026-09-14 16:10:11.909 - RealTimeSTT: realtimestt - DEBUG - Receive from parent_transcription_pipe after sendiung transcription request, transcribe_count: 1
2026-09-14 16:10:12.017 - RealTimeSTT: realtimestt - DEBUG - Receive from parent_transcription_pipe after sendiung transcription request, transcribe_count: 1
2026-09-14 16:10:12.126 - RealTimeSTT: realtimestt - DEBUG - Receive from parent_transcription_pipe after sendiung transcription request, transcribe_count: 1
2026-09-14 16:10:12.232 - RealTimeSTT: realtimestt - DEBUG - Receive from parent_transcription_pipe after sendiung transcription request, transcribe_count: 1
2026-09-14 16:10:12.341 - RealTimeSTT: realtimestt - DEBUG - Receive from parent_transcription_pipe after sendiung transcription request, transcribe_count: 1
2026-09-14 16:10:12.447 - RealTimeSTT: realtimestt - DEBUG - Receive from parent_transcription_pipe after sendiung transcription request, transcribe_count: 1
2026-09-14 16:10:12.554 - RealTimeSTT: realtimestt - DEBUG - Receive from parent_transcription_pipe after sendiung transcription request, transcribe_count: 1
2026-09-14 16:10:12.562 - RealTimeSTT: realtimestt - INFO - State changed from 'transcribing' to 'inactive'
2026-09-14 16:10:12.615 - RealTimeSTT: realtimestt - DEBUG - Model tiny completed transcription in 1.89 seconds
2026-09-14 16:10:12.666 - RealTimeSTT: realtimestt - INFO - Setting listen time
2026-09-14 16:10:12.666 - RealTimeSTT: realtimestt - INFO - State changed from 'inactive' to 'listening'
2026-09-14 16:10:12.669 - RealTimeSTT: realtimestt - DEBUG - Waiting for recording start
2026-09-14 16:10:14.727 - RealTimeSTT: realtimestt - INFO - voice activity detected
2026-09-14 16:10:14.728 - RealTimeSTT: realtimestt - INFO - recording started
2026-09-14 16:10:14.728 - RealTimeSTT: realtimestt - INFO - State changed from 'listening' to 'recording'
2026-09-14 16:10:14.728 - RealTimeSTT: realtimestt - DEBUG - Waiting for recording stop
2026-09-14 16:10:15.878 - RealTimeSTT: realtimestt - INFO - recording stopped
2026-09-14 16:10:15.881 - RealTimeSTT: realtimestt - DEBUG - No samples removed, final audio length: 34816
2026-09-14 16:10:15.881 - RealTimeSTT: realtimestt - INFO - State changed from 'recording' to 'inactive'
2026-09-14 16:10:15.910 - RealTimeSTT: realtimestt - INFO - State changed from 'inactive' to 'transcribing'
2026-09-14 16:10:15.914 - RealTimeSTT: realtimestt - DEBUG - Adding transcription request, no early transcription started
2026-09-14 16:10:15.917 - RealTimeSTT: realtimestt - DEBUG - Receive from parent_transcription_pipe after sendiung transcription request, transcribe_count: 1
2026-09-14 16:10:16.018 - RealTimeSTT: realtimestt - DEBUG - Receive from parent_transcription_pipe after sendiung transcription request, transcribe_count: 1
2026-09-14 16:10:16.125 - RealTimeSTT: realtimestt - DEBUG - Receive from parent_transcription_pipe after sendiung transcription request, transcribe_count: 1
2026-09-14 16:10:16.232 - RealTimeSTT: realtimestt - DEBUG - Receive from parent_transcription_pipe after sendiung transcription request, transcribe_count: 1
2026-09-14 16:10:16.339 - RealTimeSTT: realtimestt - DEBUG - Receive from parent_transcription_pipe after sendiung transcription request, transcribe_count: 1
2026-09-14 16:10:16.447 - RealTimeSTT: realtimestt - DEBUG - Receive from parent_transcription_pipe after sendiung transcription request, transcribe_count: 1
2026-09-14 16:10:16.554 - RealTimeSTT: realtimestt - DEBUG - Receive from parent_transcription_pipe after sendiung transcription request, transcribe_count: 1
2026-09-14 16:10:16.660 - RealTimeSTT: realtimestt - DEBUG - Receive from parent_transcription_pipe after sendiung transcription request, transcribe_count: 1
2026-09-14 16:10:16.767 - RealTimeSTT: realtimestt - DEBUG - Receive from parent_transcription_pipe after sendiung transcription request, transcribe_count: 1
2026-09-14 16:10:16.867 - RealTimeSTT: realtimestt - INFO - State changed from 'transcribing' to 'inactive'
2026-09-14 16:10:16.877 - RealTimeSTT: realtimestt - DEBUG - Model tiny completed transcription in 0.96 seconds
2026-09-14 16:10:16.927 - RealTimeSTT: realtimestt - INFO - Setting listen time
2026-09-14 16:10:16.928 - RealTimeSTT: realtimestt - INFO - State changed from 'inactive' to 'listening'
2026-09-14 16:10:16.931 - RealTimeSTT: realtimestt - DEBUG - Waiting for recording start
2026-09-14 16:10:18.378 - RealTimeSTT: realtimestt - INFO - voice activity detected
2026-09-14 16:10:18.378 - RealTimeSTT: realtimestt - INFO - recording started
2026-09-14 16:10:18.378 - RealTimeSTT: realtimestt - INFO - State changed from 'listening' to 'recording'
2026-09-14 16:10:18.378 - RealTimeSTT: realtimestt - DEBUG - Waiting for recording stop
2026-09-14 16:10:20.678 - RealTimeSTT: realtimestt - INFO - recording stopped
2026-09-14 16:10:20.681 - RealTimeSTT: realtimestt - DEBUG - No samples removed, final audio length: 53248
2026-09-14 16:10:20.682 - RealTimeSTT: realtimestt - INFO - State changed from 'recording' to 'inactive'
2026-09-14 16:10:20.749 - RealTimeSTT: realtimestt - INFO - State changed from 'inactive' to 'transcribing'
2026-09-14 16:10:20.752 - RealTimeSTT: realtimestt - DEBUG - Adding transcription request, no early transcription started
2026-09-14 16:10:20.753 - RealTimeSTT: realtimestt - DEBUG - Receive from parent_transcription_pipe after sendiung transcription request, transcribe_count: 1
2026-09-14 16:10:20.864 - RealTimeSTT: realtimestt - DEBUG - Receive from parent_transcription_pipe after sendiung transcription request, transcribe_count: 1
2026-09-14 16:10:20.971 - RealTimeSTT: realtimestt - DEBUG - Receive from parent_transcription_pipe after sendiung transcription request, transcribe_count: 1
2026-09-14 16:10:21.078 - RealTimeSTT: realtimestt - DEBUG - Receive from parent_transcription_pipe after sendiung transcription request, transcribe_count: 1
2026-09-14 16:10:21.185 - RealTimeSTT: realtimestt - DEBUG - Receive from parent_transcription_pipe after sendiung transcription request, transcribe_count: 1
2026-09-14 16:10:21.292 - RealTimeSTT: realtimestt - DEBUG - Receive from parent_transcription_pipe after sendiung transcription request, transcribe_count: 1
2026-09-14 16:10:21.399 - RealTimeSTT: realtimestt - DEBUG - Receive from parent_transcription_pipe after sendiung transcription request, transcribe_count: 1
2026-09-14 16:10:21.505 - RealTimeSTT: realtimestt - DEBUG - Receive from parent_transcription_pipe after sendiung transcription request, transcribe_count: 1
2026-09-14 16:10:21.612 - RealTimeSTT: realtimestt - DEBUG - Receive from parent_transcription_pipe after sendiung transcription request, transcribe_count: 1
2026-09-14 16:10:21.718 - RealTimeSTT: realtimestt - DEBUG - Receive from parent_transcription_pipe after sendiung transcription request, transcribe_count: 1
2026-09-14 16:10:21.737 - RealTimeSTT: realtimestt - INFO - State changed from 'transcribing' to 'inactive'
2026-09-14 16:10:21.766 - RealTimeSTT: realtimestt - DEBUG - Model tiny completed transcription in 1.01 seconds
2026-09-14 16:10:21.817 - RealTimeSTT: realtimestt - INFO - Setting listen time
2026-09-14 16:10:21.817 - RealTimeSTT: realtimestt - INFO - State changed from 'inactive' to 'listening'
2026-09-14 16:10:21.821 - RealTimeSTT: realtimestt - DEBUG - Waiting for recording start
2026-09-14 16:10:22.798 - RealTimeSTT: realtimestt - INFO - voice activity detected
2026-09-14 16:10:22.798 - RealTimeSTT: realtimestt - INFO - recording started
2026-09-14 16:10:22.798 - RealTimeSTT: realtimestt - INFO - State changed from 'listening' to 'recording'
2026-09-14 16:10:22.798 - RealTimeSTT: realtimestt - DEBUG - Waiting for recording stop
2026-09-14 16:10:23.948 - RealTimeSTT: realtimestt - INFO - recording stopped
2026-09-14 16:10:23.951 - RealTimeSTT: realtimestt - DEBUG - No samples removed, final audio length: 34816
2026-09-14 16:10:23.951 - RealTimeSTT: realtimestt - INFO - State changed from 'recording' to 'inactive'
2026-09-14 16:10:24.032 - RealTimeSTT: realtimestt - INFO - State changed from 'inactive' to 'transcribing'
2026-09-14 16:10:24.034 - RealTimeSTT: realtimestt - DEBUG - Adding transcription request, no early transcription started
2026-09-14 16:10:24.039 - RealTimeSTT: realtimestt - DEBUG - Receive from parent_transcription_pipe after sendiung transcription request, transcribe_count: 1
2026-09-14 16:10:24.141 - RealTimeSTT: realtimestt - DEBUG - Receive from parent_transcription_pipe after sendiung transcription request, transcribe_count: 1
2026-09-14 16:10:24.248 - RealTimeSTT: realtimestt - DEBUG - Receive from parent_transcription_pipe after sendiung transcription request, transcribe_count: 1
2026-09-14 16:10:24.354 - RealTimeSTT: realtimestt - DEBUG - Receive from parent_transcription_pipe after sendiung transcription request, transcribe_count: 1
2026-09-14 16:10:24.461 - RealTimeSTT: realtimestt - DEBUG - Receive from parent_transcription_pipe after sendiung transcription request, transcribe_count: 1
2026-09-14 16:10:24.567 - RealTimeSTT: realtimestt - DEBUG - Receive from parent_transcription_pipe after sendiung transcription request, transcribe_count: 1
2026-09-14 16:10:24.674 - RealTimeSTT: realtimestt - DEBUG - Receive from parent_transcription_pipe after sendiung transcription request, transcribe_count: 1
2026-09-14 16:10:24.781 - RealTimeSTT: realtimestt - DEBUG - Receive from parent_transcription_pipe after sendiung transcription request, transcribe_count: 1
2026-09-14 16:10:24.889 - RealTimeSTT: realtimestt - DEBUG - Receive from parent_transcription_pipe after sendiung transcription request, transcribe_count: 1
2026-09-14 16:10:24.979 - RealTimeSTT: realtimestt - INFO - State changed from 'transcribing' to 'inactive'
2026-09-14 16:10:24.997 - RealTimeSTT: realtimestt - DEBUG - Model tiny completed transcription in 0.96 seconds
2026-09-14 16:10:28.558 - RealTimeSTT: realtimestt - INFO - voice activity detected
2026-09-14 16:10:28.558 - RealTimeSTT: realtimestt - INFO - recording started
2026-09-14 16:10:28.559 - RealTimeSTT: realtimestt - INFO - State changed from 'inactive' to 'recording'
2026-09-14 16:10:29.708 - RealTimeSTT: realtimestt - INFO - recording stopped
2026-09-14 16:10:31.308 - RealTimeSTT: realtimestt - INFO - voice activity detected
2026-09-14 16:10:31.308 - RealTimeSTT: realtimestt - INFO - recording started
2026-09-14 16:10:33.359 - RealTimeSTT: realtimestt - INFO - recording stopped
2026-09-14 16:10:34.439 - RealTimeSTT: realtimestt - INFO - voice activity detected
2026-09-14 16:10:34.439 - RealTimeSTT: realtimestt - INFO - recording started
2026-09-14 16:10:37.710 - RealTimeSTT: realtimestt - DEBUG - Receive from stdout pipe
2026-09-14 16:10:37.710 - RealTimeSTT: realtimestt - INFO - None
2026-09-14 16:14:45.767 - RealTimeSTT: realtimestt - INFO - Starting RealTimeSTT
2026-09-14 16:14:45.816 - RealTimeSTT: realtimestt - INFO - Initializing audio recording (creating pyAudio input stream, sample rate: 16000 buffer size: 512
2026-09-14 16:14:45.841 - RealTimeSTT: realtimestt - INFO - Initializing WebRTC voice with Sensitivity 3
2026-09-14 16:14:45.841 - RealTimeSTT: realtimestt - DEBUG - WebRTC VAD voice activity detection engine initialized successfully
2026-09-14 16:14:45.926 - RealTimeSTT: realtimestt - DEBUG - Silero VAD voice activity detection engine initialized successfully with backend raw_onnx_ifless
2026-09-14 16:14:45.929 - RealTimeSTT: realtimestt - DEBUG - Starting realtime worker
2026-09-14 16:14:45.929 - RealTimeSTT: realtimestt - DEBUG - Waiting for main transcription model to start
2026-09-14 16:14:45.929 - RealTimeSTT: realtimestt - DEBUG - Realtime transcription disabled; realtime worker exits
2026-09-14 16:15:00.470 - RealTimeSTT: realtimestt - DEBUG - Main transcription model ready
2026-09-14 16:15:00.472 - RealTimeSTT: realtimestt - DEBUG - RealtimeSTT initialization completed successfully
2026-09-14 16:15:00.472 - RealTimeSTT: realtimestt - INFO - recording started
2026-09-14 16:15:00.472 - RealTimeSTT: realtimestt - INFO - State changed from 'inactive' to 'recording'
2026-09-14 16:15:00.475 - RealTimeSTT: realtimestt - INFO - Attempted to stop recording too soon after starting.
2026-09-14 16:15:08.638 - RealTimeSTT: realtimestt - INFO - Setting listen time
2026-09-14 16:15:08.638 - RealTimeSTT: realtimestt - DEBUG - Waiting for recording stop
2026-09-14 16:15:09.869 - RealTimeSTT: realtimestt - INFO - recording stopped
2026-09-14 16:15:09.875 - RealTimeSTT: realtimestt - DEBUG - No samples removed, final audio length: 150016
2026-09-14 16:15:09.875 - RealTimeSTT: realtimestt - INFO - State changed from 'recording' to 'inactive'
2026-09-14 16:15:09.922 - RealTimeSTT: realtimestt - INFO - State changed from 'inactive' to 'transcribing'
2026-09-14 16:15:09.927 - RealTimeSTT: realtimestt - DEBUG - Adding transcription request, no early transcription started
2026-09-14 16:15:09.948 - RealTimeSTT: realtimestt - DEBUG - Receive from parent_transcription_pipe after sendiung transcription request, transcribe_count: 1
2026-09-14 16:15:10.051 - RealTimeSTT: realtimestt - DEBUG - Receive from parent_transcription_pipe after sendiung transcription request, transcribe_count: 1
2026-09-14 16:15:10.157 - RealTimeSTT: realtimestt - DEBUG - Receive from parent_transcription_pipe after sendiung transcription request, transcribe_count: 1
2026-09-14 16:15:10.264 - RealTimeSTT: realtimestt - DEBUG - Receive from parent_transcription_pipe after sendiung transcription request, transcribe_count: 1
2026-09-14 16:15:10.371 - RealTimeSTT: realtimestt - DEBUG - Receive from parent_transcription_pipe after sendiung transcription request, transcribe_count: 1
2026-09-14 16:15:10.479 - RealTimeSTT: realtimestt - DEBUG - Receive from parent_transcription_pipe after sendiung transcription request, transcribe_count: 1
2026-09-14 16:15:10.585 - RealTimeSTT: realtimestt - DEBUG - Receive from parent_transcription_pipe after sendiung transcription request, transcribe_count: 1
2026-09-14 16:15:10.692 - RealTimeSTT: realtimestt - DEBUG - Receive from parent_transcription_pipe after sendiung transcription request, transcribe_count: 1
2026-09-14 16:15:10.800 - RealTimeSTT: realtimestt - DEBUG - Receive from parent_transcription_pipe after sendiung transcription request, transcribe_count: 1
2026-09-14 16:15:10.879 - RealTimeSTT: realtimestt - INFO - State changed from 'transcribing' to 'inactive'
2026-09-14 16:15:10.892 - RealTimeSTT: realtimestt - DEBUG - Model tiny completed transcription in 0.97 seconds
2026-09-14 16:15:32.408 - RealTimeSTT: realtimestt - INFO - Setting listen time
2026-09-14 16:15:32.408 - RealTimeSTT: realtimestt - INFO - State changed from 'inactive' to 'listening'
2026-09-14 16:15:32.412 - RealTimeSTT: realtimestt - DEBUG - Waiting for recording start
2026-09-14 16:15:35.282 - RealTimeSTT: realtimestt - INFO - voice activity detected
2026-09-14 16:15:35.282 - RealTimeSTT: realtimestt - INFO - recording started
2026-09-14 16:15:35.282 - RealTimeSTT: realtimestt - INFO - State changed from 'listening' to 'recording'
2026-09-14 16:15:35.283 - RealTimeSTT: realtimestt - DEBUG - Waiting for recording stop
2026-09-14 16:15:36.561 - RealTimeSTT: realtimestt - INFO - recording stopped
2026-09-14 16:15:36.564 - RealTimeSTT: realtimestt - DEBUG - No samples removed, final audio length: 36352
2026-09-14 16:15:36.565 - RealTimeSTT: realtimestt - INFO - State changed from 'recording' to 'inactive'
2026-09-14 16:15:36.627 - RealTimeSTT: realtimestt - INFO - State changed from 'inactive' to 'transcribing'
2026-09-14 16:15:36.631 - RealTimeSTT: realtimestt - DEBUG - Adding transcription request, no early transcription started
2026-09-14 16:15:36.648 - RealTimeSTT: realtimestt - DEBUG - Receive from parent_transcription_pipe after sendiung transcription request, transcribe_count: 1
2026-09-14 16:15:36.763 - RealTimeSTT: realtimestt - DEBUG - Receive from parent_transcription_pipe after sendiung transcription request, transcribe_count: 1
2026-09-14 16:15:36.870 - RealTimeSTT: realtimestt - DEBUG - Receive from parent_transcription_pipe after sendiung transcription request, transcribe_count: 1
2026-09-14 16:15:36.977 - RealTimeSTT: realtimestt - DEBUG - Receive from parent_transcription_pipe after sendiung transcription request, transcribe_count: 1
2026-09-14 16:15:37.083 - RealTimeSTT: realtimestt - DEBUG - Receive from parent_transcription_pipe after sendiung transcription request, transcribe_count: 1
2026-09-14 16:15:37.189 - RealTimeSTT: realtimestt - DEBUG - Receive from parent_transcription_pipe after sendiung transcription request, transcribe_count: 1
2026-09-14 16:15:37.295 - RealTimeSTT: realtimestt - DEBUG - Receive from parent_transcription_pipe after sendiung transcription request, transcribe_count: 1
2026-09-14 16:15:37.401 - RealTimeSTT: realtimestt - DEBUG - Receive from parent_transcription_pipe after sendiung transcription request, transcribe_count: 1
2026-09-14 16:15:37.509 - RealTimeSTT: realtimestt - DEBUG - Receive from parent_transcription_pipe after sendiung transcription request, transcribe_count: 1
2026-09-14 16:15:37.542 - RealTimeSTT: realtimestt - INFO - State changed from 'transcribing' to 'inactive'
2026-09-14 16:15:37.593 - RealTimeSTT: realtimestt - DEBUG - Model tiny completed transcription in 0.96 seconds
2026-09-14 16:15:37.643 - RealTimeSTT: realtimestt - INFO - Setting listen time
2026-09-14 16:15:37.643 - RealTimeSTT: realtimestt - INFO - State changed from 'inactive' to 'listening'
2026-09-14 16:15:37.646 - RealTimeSTT: realtimestt - DEBUG - Waiting for recording start
2026-09-14 16:15:38.030 - RealTimeSTT: realtimestt - INFO - voice activity detected
2026-09-14 16:15:38.030 - RealTimeSTT: realtimestt - INFO - recording started
2026-09-14 16:15:38.030 - RealTimeSTT: realtimestt - INFO - State changed from 'listening' to 'recording'
2026-09-14 16:15:38.030 - RealTimeSTT: realtimestt - DEBUG - Waiting for recording stop
2026-09-14 16:15:39.760 - RealTimeSTT: realtimestt - INFO - recording stopped
2026-09-14 16:15:39.764 - RealTimeSTT: realtimestt - DEBUG - No samples removed, final audio length: 44032
2026-09-14 16:15:39.765 - RealTimeSTT: realtimestt - INFO - State changed from 'recording' to 'inactive'
2026-09-14 16:15:39.858 - RealTimeSTT: realtimestt - INFO - State changed from 'inactive' to 'transcribing'
2026-09-14 16:15:39.860 - RealTimeSTT: realtimestt - DEBUG - Adding transcription request, no early transcription started
2026-09-14 16:15:39.878 - RealTimeSTT: realtimestt - DEBUG - Receive from parent_transcription_pipe after sendiung transcription request, transcribe_count: 1
2026-09-14 16:15:39.979 - RealTimeSTT: realtimestt - DEBUG - Receive from parent_transcription_pipe after sendiung transcription request, transcribe_count: 1
2026-09-14 16:15:40.086 - RealTimeSTT: realtimestt - DEBUG - Receive from parent_transcription_pipe after sendiung transcription request, transcribe_count: 1
2026-09-14 16:15:40.192 - RealTimeSTT: realtimestt - DEBUG - Receive from parent_transcription_pipe after sendiung transcription request, transcribe_count: 1
2026-09-14 16:15:40.299 - RealTimeSTT: realtimestt - DEBUG - Receive from parent_transcription_pipe after sendiung transcription request, transcribe_count: 1
2026-09-14 16:15:40.406 - RealTimeSTT: realtimestt - DEBUG - Receive from parent_transcription_pipe after sendiung transcription request, transcribe_count: 1
2026-09-14 16:15:40.513 - RealTimeSTT: realtimestt - DEBUG - Receive from parent_transcription_pipe after sendiung transcription request, transcribe_count: 1
2026-09-14 16:15:40.619 - RealTimeSTT: realtimestt - DEBUG - Receive from parent_transcription_pipe after sendiung transcription request, transcribe_count: 1
2026-09-14 16:15:40.727 - RealTimeSTT: realtimestt - DEBUG - Receive from parent_transcription_pipe after sendiung transcription request, transcribe_count: 1
2026-09-14 16:15:40.804 - RealTimeSTT: realtimestt - INFO - State changed from 'transcribing' to 'inactive'
2026-09-14 16:15:40.820 - RealTimeSTT: realtimestt - DEBUG - Model tiny completed transcription in 0.96 seconds
2026-09-14 16:15:47.762 - RealTimeSTT: realtimestt - INFO - voice activity detected
2026-09-14 16:15:47.762 - RealTimeSTT: realtimestt - INFO - recording started
2026-09-14 16:15:47.762 - RealTimeSTT: realtimestt - INFO - State changed from 'inactive' to 'recording'
2026-09-14 16:15:48.911 - RealTimeSTT: realtimestt - INFO - recording stopped
2026-09-14 16:15:50.449 - RealTimeSTT: realtimestt - INFO - voice activity detected
2026-09-14 16:15:50.450 - RealTimeSTT: realtimestt - INFO - recording started
2026-09-14 16:15:53.900 - RealTimeSTT: realtimestt - INFO - recording stopped
2026-09-14 16:15:54.426 - RealTimeSTT: realtimestt - DEBUG - Receive from stdout pipe
2026-09-14 16:15:54.426 - RealTimeSTT: realtimestt - INFO - None
2026-09-16 22:12:37.361 - RealTimeSTT: realtimestt - INFO - Starting RealTimeSTT
2026-09-16 22:12:37.422 - RealTimeSTT: realtimestt - INFO - Initializing audio recording (creating pyAudio input stream, sample rate: 16000 buffer size: 512
2026-09-16 22:12:37.448 - RealTimeSTT: realtimestt - INFO - Initializing WebRTC voice with Sensitivity 3
2026-09-16 22:12:37.448 - RealTimeSTT: realtimestt - DEBUG - WebRTC VAD voice activity detection engine initialized successfully
2026-09-16 22:12:37.771 - RealTimeSTT: realtimestt - DEBUG - Silero VAD voice activity detection engine initialized successfully with backend raw_onnx_ifless
2026-09-16 22:12:37.779 - RealTimeSTT: realtimestt - DEBUG - Starting realtime worker
2026-09-16 22:12:37.779 - RealTimeSTT: realtimestt - DEBUG - Waiting for main transcription model to start
2026-09-16 22:12:37.779 - RealTimeSTT: realtimestt - DEBUG - Realtime transcription disabled; realtime worker exits
2026-09-16 22:12:59.037 - RealTimeSTT: realtimestt - DEBUG - Main transcription model ready
2026-09-16 22:12:59.039 - RealTimeSTT: realtimestt - DEBUG - RealtimeSTT initialization completed successfully
2026-09-16 22:14:44.997 - RealTimeSTT: realtimestt - DEBUG - Receive from stdout pipe
2026-09-16 22:14:44.998 - RealTimeSTT: realtimestt - INFO - None
2026-09-16 22:24:49.506 - RealTimeSTT: realtimestt - INFO - Starting RealTimeSTT
2026-09-16 22:24:49.564 - RealTimeSTT: realtimestt - INFO - Initializing audio recording (creating pyAudio input stream, sample rate: 16000 buffer size: 512
2026-09-16 22:24:49.604 - RealTimeSTT: realtimestt - INFO - Initializing WebRTC voice with Sensitivity 3
2026-09-16 22:24:49.605 - RealTimeSTT: realtimestt - DEBUG - WebRTC VAD voice activity detection engine initialized successfully
2026-09-16 22:24:49.767 - RealTimeSTT: realtimestt - DEBUG - Silero VAD voice activity detection engine initialized successfully with backend raw_onnx_ifless
2026-09-16 22:24:49.772 - RealTimeSTT: realtimestt - DEBUG - Starting realtime worker
2026-09-16 22:24:49.772 - RealTimeSTT: realtimestt - DEBUG - Waiting for main transcription model to start
2026-09-16 22:24:49.772 - RealTimeSTT: realtimestt - DEBUG - Realtime transcription disabled; realtime worker exits
2026-09-16 22:31:01.978 - RealTimeSTT: realtimestt - INFO - Starting RealTimeSTT
2026-09-16 22:31:02.038 - RealTimeSTT: realtimestt - INFO - Initializing audio recording (creating pyAudio input stream, sample rate: 16000 buffer size: 512
2026-09-16 22:31:02.082 - RealTimeSTT: realtimestt - INFO - Initializing WebRTC voice with Sensitivity 3
2026-09-16 22:31:02.082 - RealTimeSTT: realtimestt - DEBUG - WebRTC VAD voice activity detection engine initialized successfully
2026-09-16 22:31:02.227 - RealTimeSTT: realtimestt - DEBUG - Silero VAD voice activity detection engine initialized successfully with backend raw_onnx_ifless
2026-09-16 22:31:02.233 - RealTimeSTT: realtimestt - DEBUG - Starting realtime worker
2026-09-16 22:31:02.233 - RealTimeSTT: realtimestt - DEBUG - Waiting for main transcription model to start
2026-09-16 22:31:02.233 - RealTimeSTT: realtimestt - DEBUG - Realtime transcription disabled; realtime worker exits
2026-09-16 22:31:18.764 - RealTimeSTT: realtimestt - DEBUG - Main transcription model ready
2026-09-16 22:31:18.767 - RealTimeSTT: realtimestt - DEBUG - RealtimeSTT initialization completed successfully
2026-09-16 22:32:41.879 - RealTimeSTT: realtimestt - INFO - Starting RealTimeSTT
2026-09-16 22:32:41.943 - RealTimeSTT: realtimestt - INFO - Initializing audio recording (creating pyAudio input stream, sample rate: 16000 buffer size: 512
2026-09-16 22:32:41.983 - RealTimeSTT: realtimestt - INFO - Initializing WebRTC voice with Sensitivity 3
2026-09-16 22:32:41.983 - RealTimeSTT: realtimestt - DEBUG - WebRTC VAD voice activity detection engine initialized successfully
2026-09-16 22:32:42.124 - RealTimeSTT: realtimestt - DEBUG - Silero VAD voice activity detection engine initialized successfully with backend raw_onnx_ifless
2026-09-16 22:32:42.130 - RealTimeSTT: realtimestt - DEBUG - Starting realtime worker
2026-09-16 22:32:42.130 - RealTimeSTT: realtimestt - DEBUG - Waiting for main transcription model to start
2026-09-16 22:32:42.130 - RealTimeSTT: realtimestt - DEBUG - Realtime transcription disabled; realtime worker exits
2026-09-16 22:32:57.913 - RealTimeSTT: realtimestt - DEBUG - Main transcription model ready
2026-09-16 22:32:57.915 - RealTimeSTT: realtimestt - DEBUG - RealtimeSTT initialization completed successfully
2026-09-16 22:34:42.070 - RealTimeSTT: realtimestt - DEBUG - Receive from stdout pipe
2026-09-16 22:34:42.071 - RealTimeSTT: realtimestt - INFO - None
2026-09-16 22:35:35.036 - RealTimeSTT: realtimestt - INFO - Starting RealTimeSTT
2026-09-16 22:35:35.098 - RealTimeSTT: realtimestt - INFO - Initializing audio recording (creating pyAudio input stream, sample rate: 16000 buffer size: 512
2026-09-16 22:35:35.133 - RealTimeSTT: realtimestt - INFO - Initializing WebRTC voice with Sensitivity 3
2026-09-16 22:35:35.133 - RealTimeSTT: realtimestt - DEBUG - WebRTC VAD voice activity detection engine initialized successfully
2026-09-16 22:35:35.292 - RealTimeSTT: realtimestt - DEBUG - Silero VAD voice activity detection engine initialized successfully with backend raw_onnx_ifless
2026-09-16 22:35:35.297 - RealTimeSTT: realtimestt - DEBUG - Starting realtime worker
2026-09-16 22:35:35.297 - RealTimeSTT: realtimestt - DEBUG - Waiting for main transcription model to start
2026-09-16 22:35:35.297 - RealTimeSTT: realtimestt - DEBUG - Realtime transcription disabled; realtime worker exits
2026-09-16 22:35:51.186 - RealTimeSTT: realtimestt - DEBUG - Main transcription model ready
2026-09-16 22:35:51.188 - RealTimeSTT: realtimestt - DEBUG - RealtimeSTT initialization completed successfully
2026-09-16 22:36:34.284 - RealTimeSTT: realtimestt - DEBUG - Receive from stdout pipe
2026-09-16 22:36:34.285 - RealTimeSTT: realtimestt - INFO - None
2026-09-16 22:36:48.818 - RealTimeSTT: realtimestt - INFO - Starting RealTimeSTT
2026-09-16 22:36:48.874 - RealTimeSTT: realtimestt - INFO - Initializing audio recording (creating pyAudio input stream, sample rate: 16000 buffer size: 512
2026-09-16 22:36:48.916 - RealTimeSTT: realtimestt - INFO - Initializing WebRTC voice with Sensitivity 3
2026-09-16 22:36:48.917 - RealTimeSTT: realtimestt - DEBUG - WebRTC VAD voice activity detection engine initialized successfully
2026-09-16 22:36:49.071 - RealTimeSTT: realtimestt - DEBUG - Silero VAD voice activity detection engine initialized successfully with backend raw_onnx_ifless
2026-09-16 22:36:49.075 - RealTimeSTT: realtimestt - DEBUG - Starting realtime worker
2026-09-16 22:36:49.075 - RealTimeSTT: realtimestt - DEBUG - Waiting for main transcription model to start
2026-09-16 22:36:49.075 - RealTimeSTT: realtimestt - DEBUG - Realtime transcription disabled; realtime worker exits
2026-09-16 22:37:05.075 - RealTimeSTT: realtimestt - DEBUG - Main transcription model ready
2026-09-16 22:37:05.076 - RealTimeSTT: realtimestt - DEBUG - RealtimeSTT initialization completed successfully
2026-09-16 22:42:29.955 - RealTimeSTT: realtimestt - INFO - Starting RealTimeSTT
2026-09-16 22:42:29.990 - RealTimeSTT: realtimestt - INFO - Initializing audio recording (creating pyAudio input stream, sample rate: 16000 buffer size: 512
2026-09-16 22:42:30.022 - RealTimeSTT: realtimestt - INFO - Initializing WebRTC voice with Sensitivity 3
2026-09-16 22:42:30.022 - RealTimeSTT: realtimestt - DEBUG - WebRTC VAD voice activity detection engine initialized successfully
2026-09-16 22:42:30.142 - RealTimeSTT: realtimestt - DEBUG - Silero VAD voice activity detection engine initialized successfully with backend raw_onnx_ifless
2026-09-16 22:42:30.146 - RealTimeSTT: realtimestt - DEBUG - Starting realtime worker
2026-09-16 22:42:30.146 - RealTimeSTT: realtimestt - DEBUG - Waiting for main transcription model to start
2026-09-16 22:42:30.146 - RealTimeSTT: realtimestt - DEBUG - Realtime transcription disabled; realtime worker exits
2026-09-16 22:42:44.557 - RealTimeSTT: realtimestt - DEBUG - Main transcription model ready
2026-09-16 22:42:44.558 - RealTimeSTT: realtimestt - DEBUG - RealtimeSTT initialization completed successfully
2026-09-16 22:45:36.958 - RealTimeSTT: realtimestt - INFO - Starting RealTimeSTT
2026-09-16 22:45:37.014 - RealTimeSTT: realtimestt - INFO - Initializing audio recording (creating pyAudio input stream, sample rate: 16000 buffer size: 512
2026-09-16 22:45:37.049 - RealTimeSTT: realtimestt - INFO - Initializing WebRTC voice with Sensitivity 3
2026-09-16 22:45:37.050 - RealTimeSTT: realtimestt - DEBUG - WebRTC VAD voice activity detection engine initialized successfully
2026-09-16 22:45:37.189 - RealTimeSTT: realtimestt - DEBUG - Silero VAD voice activity detection engine initialized successfully with backend raw_onnx_ifless
2026-09-16 22:45:37.193 - RealTimeSTT: realtimestt - DEBUG - Starting realtime worker
2026-09-16 22:45:37.193 - RealTimeSTT: realtimestt - DEBUG - Waiting for main transcription model to start
2026-09-16 22:45:37.193 - RealTimeSTT: realtimestt - DEBUG - Realtime transcription disabled; realtime worker exits
2026-09-16 22:45:53.070 - RealTimeSTT: realtimestt - DEBUG - Main transcription model ready
2026-09-16 22:45:53.072 - RealTimeSTT: realtimestt - DEBUG - RealtimeSTT initialization completed successfully
2026-09-16 22:49:49.258 - RealTimeSTT: realtimestt - INFO - Starting RealTimeSTT
2026-09-16 22:49:49.328 - RealTimeSTT: realtimestt - INFO - Initializing audio recording (creating pyAudio input stream, sample rate: 16000 buffer size: 512
2026-09-16 22:49:49.386 - RealTimeSTT: realtimestt - INFO - Initializing WebRTC voice with Sensitivity 3
2026-09-16 22:49:49.387 - RealTimeSTT: realtimestt - DEBUG - WebRTC VAD voice activity detection engine initialized successfully
2026-09-16 22:49:49.576 - RealTimeSTT: realtimestt - DEBUG - Silero VAD voice activity detection engine initialized successfully with backend raw_onnx_ifless
2026-09-16 22:49:49.581 - RealTimeSTT: realtimestt - DEBUG - Starting realtime worker
2026-09-16 22:49:49.581 - RealTimeSTT: realtimestt - DEBUG - Waiting for main transcription model to start
2026-09-16 22:49:49.582 - RealTimeSTT: realtimestt - DEBUG - Realtime transcription disabled; realtime worker exits
2026-09-16 22:50:42.573 - RealTimeSTT: realtimestt - INFO - Starting RealTimeSTT
2026-09-16 22:50:42.634 - RealTimeSTT: realtimestt - INFO - Initializing audio recording (creating pyAudio input stream, sample rate: 16000 buffer size: 512
2026-09-16 22:50:42.671 - RealTimeSTT: realtimestt - INFO - Initializing WebRTC voice with Sensitivity 3
2026-09-16 22:50:42.671 - RealTimeSTT: realtimestt - DEBUG - WebRTC VAD voice activity detection engine initialized successfully
2026-09-16 22:50:42.842 - RealTimeSTT: realtimestt - DEBUG - Silero VAD voice activity detection engine initialized successfully with backend raw_onnx_ifless
2026-09-16 22:50:42.845 - RealTimeSTT: realtimestt - DEBUG - Starting realtime worker
2026-09-16 22:50:42.845 - RealTimeSTT: realtimestt - DEBUG - Waiting for main transcription model to start
2026-09-16 22:50:42.845 - RealTimeSTT: realtimestt - DEBUG - Realtime transcription disabled; realtime worker exits
2026-09-16 22:50:59.149 - RealTimeSTT: realtimestt - DEBUG - Main transcription model ready
2026-09-16 22:50:59.150 - RealTimeSTT: realtimestt - DEBUG - RealtimeSTT initialization completed successfully
2026-09-16 22:51:49.357 - RealTimeSTT: realtimestt - DEBUG - Receive from stdout pipe
2026-09-16 22:51:49.359 - RealTimeSTT: realtimestt - INFO - None
2026-09-16 23:28:14.314 - RealTimeSTT: realtimestt - INFO - Starting RealTimeSTT
2026-09-16 23:28:14.372 - RealTimeSTT: realtimestt - INFO - Initializing audio recording (creating pyAudio input stream, sample rate: 16000 buffer size: 512
2026-09-16 23:28:14.407 - RealTimeSTT: realtimestt - INFO - Initializing WebRTC voice with Sensitivity 3
2026-09-16 23:28:14.407 - RealTimeSTT: realtimestt - DEBUG - WebRTC VAD voice activity detection engine initialized successfully
2026-09-16 23:28:14.542 - RealTimeSTT: realtimestt - DEBUG - Silero VAD voice activity detection engine initialized successfully with backend raw_onnx_ifless
2026-09-16 23:28:14.547 - RealTimeSTT: realtimestt - DEBUG - Starting realtime worker
2026-09-16 23:28:14.547 - RealTimeSTT: realtimestt - DEBUG - Waiting for main transcription model to start
2026-09-16 23:28:14.547 - RealTimeSTT: realtimestt - DEBUG - Realtime transcription disabled; realtime worker exits
2026-09-16 23:29:04.333 - RealTimeSTT: realtimestt - INFO - Starting RealTimeSTT
2026-09-16 23:29:04.385 - RealTimeSTT: realtimestt - INFO - Initializing audio recording (creating pyAudio input stream, sample rate: 16000 buffer size: 512
2026-09-16 23:29:04.434 - RealTimeSTT: realtimestt - INFO - Initializing WebRTC voice with Sensitivity 3
2026-09-16 23:29:04.434 - RealTimeSTT: realtimestt - DEBUG - WebRTC VAD voice activity detection engine initialized successfully
2026-09-16 23:29:04.604 - RealTimeSTT: realtimestt - DEBUG - Silero VAD voice activity detection engine initialized successfully with backend raw_onnx_ifless
2026-09-16 23:29:04.608 - RealTimeSTT: realtimestt - DEBUG - Starting realtime worker
2026-09-16 23:29:04.608 - RealTimeSTT: realtimestt - DEBUG - Waiting for main transcription model to start
2026-09-16 23:29:04.608 - RealTimeSTT: realtimestt - DEBUG - Realtime transcription disabled; realtime worker exits
2026-09-16 23:29:21.023 - RealTimeSTT: realtimestt - DEBUG - Main transcription model ready
2026-09-16 23:29:21.024 - RealTimeSTT: realtimestt - DEBUG - RealtimeSTT initialization completed successfully
2026-09-16 23:30:45.994 - RealTimeSTT: realtimestt - INFO - Starting RealTimeSTT
2026-09-16 23:30:46.047 - RealTimeSTT: realtimestt - INFO - Initializing audio recording (creating pyAudio input stream, sample rate: 16000 buffer size: 512
2026-09-16 23:30:46.083 - RealTimeSTT: realtimestt - INFO - Initializing WebRTC voice with Sensitivity 3
2026-09-16 23:30:46.083 - RealTimeSTT: realtimestt - DEBUG - WebRTC VAD voice activity detection engine initialized successfully
2026-09-16 23:30:46.230 - RealTimeSTT: realtimestt - DEBUG - Silero VAD voice activity detection engine initialized successfully with backend raw_onnx_ifless
2026-09-16 23:30:46.234 - RealTimeSTT: realtimestt - DEBUG - Starting realtime worker
2026-09-16 23:30:46.234 - RealTimeSTT: realtimestt - DEBUG - Waiting for main transcription model to start
2026-09-16 23:30:46.234 - RealTimeSTT: realtimestt - DEBUG - Realtime transcription disabled; realtime worker exits
2026-09-16 23:31:02.733 - RealTimeSTT: realtimestt - DEBUG - Main transcription model ready
2026-09-16 23:31:02.735 - RealTimeSTT: realtimestt - DEBUG - RealtimeSTT initialization completed successfully
2026-09-16 23:35:58.949 - RealTimeSTT: realtimestt - INFO - Starting RealTimeSTT
2026-09-16 23:35:59.001 - RealTimeSTT: realtimestt - INFO - Initializing audio recording (creating pyAudio input stream, sample rate: 16000 buffer size: 512
2026-09-16 23:35:59.062 - RealTimeSTT: realtimestt - INFO - Initializing WebRTC voice with Sensitivity 3
2026-09-16 23:35:59.062 - RealTimeSTT: realtimestt - DEBUG - WebRTC VAD voice activity detection engine initialized successfully
2026-09-16 23:35:59.235 - RealTimeSTT: realtimestt - DEBUG - Silero VAD voice activity detection engine initialized successfully with backend raw_onnx_ifless
2026-09-16 23:35:59.238 - RealTimeSTT: realtimestt - DEBUG - Starting realtime worker
2026-09-16 23:35:59.238 - RealTimeSTT: realtimestt - DEBUG - Waiting for main transcription model to start
2026-09-16 23:35:59.238 - RealTimeSTT: realtimestt - DEBUG - Realtime transcription disabled; realtime worker exits
2026-09-16 23:36:39.579 - RealTimeSTT: realtimestt - INFO - Starting RealTimeSTT
2026-09-16 23:36:39.629 - RealTimeSTT: realtimestt - INFO - Initializing audio recording (creating pyAudio input stream, sample rate: 16000 buffer size: 512
2026-09-16 23:36:39.666 - RealTimeSTT: realtimestt - INFO - Initializing WebRTC voice with Sensitivity 3
2026-09-16 23:36:39.666 - RealTimeSTT: realtimestt - DEBUG - WebRTC VAD voice activity detection engine initialized successfully
2026-09-16 23:36:39.804 - RealTimeSTT: realtimestt - DEBUG - Silero VAD voice activity detection engine initialized successfully with backend raw_onnx_ifless
2026-09-16 23:36:39.810 - RealTimeSTT: realtimestt - DEBUG - Starting realtime worker
2026-09-16 23:36:39.811 - RealTimeSTT: realtimestt - DEBUG - Waiting for main transcription model to start
2026-09-16 23:36:39.811 - RealTimeSTT: realtimestt - DEBUG - Realtime transcription disabled; realtime worker exits
2026-09-16 23:36:56.843 - RealTimeSTT: realtimestt - DEBUG - Main transcription model ready
2026-09-16 23:36:56.844 - RealTimeSTT: realtimestt - DEBUG - RealtimeSTT initialization completed successfully
2026-09-16 23:38:57.291 - RealTimeSTT: realtimestt - DEBUG - Receive from stdout pipe
2026-09-16 23:38:57.291 - RealTimeSTT: realtimestt - INFO - None
2026-09-16 23:39:20.246 - RealTimeSTT: realtimestt - INFO - Starting RealTimeSTT
2026-09-16 23:39:20.298 - RealTimeSTT: realtimestt - INFO - Initializing audio recording (creating pyAudio input stream, sample rate: 16000 buffer size: 512
2026-09-16 23:39:20.333 - RealTimeSTT: realtimestt - INFO - Initializing WebRTC voice with Sensitivity 3
2026-09-16 23:39:20.333 - RealTimeSTT: realtimestt - DEBUG - WebRTC VAD voice activity detection engine initialized successfully
2026-09-16 23:39:20.454 - RealTimeSTT: realtimestt - DEBUG - Silero VAD voice activity detection engine initialized successfully with backend raw_onnx_ifless
2026-09-16 23:39:20.461 - RealTimeSTT: realtimestt - DEBUG - Starting realtime worker
2026-09-16 23:39:20.461 - RealTimeSTT: realtimestt - DEBUG - Realtime transcription disabled; realtime worker exits
2026-09-16 23:39:20.462 - RealTimeSTT: realtimestt - DEBUG - Waiting for main transcription model to start
2026-09-16 23:39:36.589 - RealTimeSTT: realtimestt - DEBUG - Main transcription model ready
2026-09-16 23:39:36.590 - RealTimeSTT: realtimestt - DEBUG - RealtimeSTT initialization completed successfully
2026-09-16 23:40:11.160 - RealTimeSTT: realtimestt - INFO - Starting RealTimeSTT
2026-09-16 23:40:11.213 - RealTimeSTT: realtimestt - INFO - Initializing audio recording (creating pyAudio input stream, sample rate: 16000 buffer size: 512
2026-09-16 23:40:11.246 - RealTimeSTT: realtimestt - INFO - Initializing WebRTC voice with Sensitivity 3
2026-09-16 23:40:11.246 - RealTimeSTT: realtimestt - DEBUG - WebRTC VAD voice activity detection engine initialized successfully
2026-09-16 23:40:11.420 - RealTimeSTT: realtimestt - DEBUG - Silero VAD voice activity detection engine initialized successfully with backend raw_onnx_ifless
2026-09-16 23:40:11.423 - RealTimeSTT: realtimestt - DEBUG - Starting realtime worker
2026-09-16 23:40:11.423 - RealTimeSTT: realtimestt - DEBUG - Waiting for main transcription model to start
2026-09-16 23:40:11.423 - RealTimeSTT: realtimestt - DEBUG - Realtime transcription disabled; realtime worker exits
2026-09-16 23:40:27.671 - RealTimeSTT: realtimestt - DEBUG - Main transcription model ready
2026-09-16 23:40:27.672 - RealTimeSTT: realtimestt - DEBUG - RealtimeSTT initialization completed successfully
2026-09-16 23:40:27.986 - RealTimeSTT: realtimestt - DEBUG - Receive from stdout pipe
2026-09-16 23:40:27.987 - RealTimeSTT: realtimestt - INFO - None
2026-09-16 23:41:40.481 - RealTimeSTT: realtimestt - INFO - Starting RealTimeSTT
2026-09-16 23:41:40.540 - RealTimeSTT: realtimestt - INFO - Initializing audio recording (creating pyAudio input stream, sample rate: 16000 buffer size: 512
2026-09-16 23:41:40.583 - RealTimeSTT: realtimestt - INFO - Initializing WebRTC voice with Sensitivity 3
2026-09-16 23:41:40.584 - RealTimeSTT: realtimestt - DEBUG - WebRTC VAD voice activity detection engine initialized successfully
2026-09-16 23:41:40.740 - RealTimeSTT: realtimestt - DEBUG - Silero VAD voice activity detection engine initialized successfully with backend raw_onnx_ifless
2026-09-16 23:41:40.745 - RealTimeSTT: realtimestt - DEBUG - Starting realtime worker
2026-09-16 23:41:40.745 - RealTimeSTT: realtimestt - DEBUG - Waiting for main transcription model to start
2026-09-16 23:41:40.745 - RealTimeSTT: realtimestt - DEBUG - Realtime transcription disabled; realtime worker exits
2026-09-16 23:41:59.196 - RealTimeSTT: realtimestt - DEBUG - Main transcription model ready
2026-09-16 23:41:59.198 - RealTimeSTT: realtimestt - DEBUG - RealtimeSTT initialization completed successfully
2026-09-16 23:42:10.878 - RealTimeSTT: realtimestt - DEBUG - Receive from stdout pipe
2026-09-16 23:42:10.878 - RealTimeSTT: realtimestt - INFO - None
2026-09-16 23:44:04.058 - RealTimeSTT: realtimestt - INFO - Starting RealTimeSTT
2026-09-16 23:44:04.115 - RealTimeSTT: realtimestt - INFO - Initializing audio recording (creating pyAudio input stream, sample rate: 16000 buffer size: 512
2026-09-16 23:44:04.156 - RealTimeSTT: realtimestt - INFO - Initializing WebRTC voice with Sensitivity 3
2026-09-16 23:44:04.156 - RealTimeSTT: realtimestt - DEBUG - WebRTC VAD voice activity detection engine initialized successfully
2026-09-16 23:44:04.315 - RealTimeSTT: realtimestt - DEBUG - Silero VAD voice activity detection engine initialized successfully with backend raw_onnx_ifless
2026-09-16 23:44:04.318 - RealTimeSTT: realtimestt - DEBUG - Starting realtime worker
2026-09-16 23:44:04.318 - RealTimeSTT: realtimestt - DEBUG - Waiting for main transcription model to start
2026-09-16 23:44:04.318 - RealTimeSTT: realtimestt - DEBUG - Realtime transcription disabled; realtime worker exits
2026-09-16 23:44:20.867 - RealTimeSTT: realtimestt - DEBUG - Main transcription model ready
2026-09-16 23:44:20.869 - RealTimeSTT: realtimestt - DEBUG - RealtimeSTT initialization completed successfully
2026-09-16 23:45:08.863 - RealTimeSTT: realtimestt - INFO - Starting RealTimeSTT
2026-09-16 23:45:08.923 - RealTimeSTT: realtimestt - INFO - Initializing audio recording (creating pyAudio input stream, sample rate: 16000 buffer size: 512
2026-09-16 23:45:08.968 - RealTimeSTT: realtimestt - INFO - Initializing WebRTC voice with Sensitivity 3
2026-09-16 23:45:08.968 - RealTimeSTT: realtimestt - DEBUG - WebRTC VAD voice activity detection engine initialized successfully
2026-09-16 23:45:09.100 - RealTimeSTT: realtimestt - DEBUG - Silero VAD voice activity detection engine initialized successfully with backend raw_onnx_ifless
2026-09-16 23:45:09.104 - RealTimeSTT: realtimestt - DEBUG - Starting realtime worker
2026-09-16 23:45:09.104 - RealTimeSTT: realtimestt - DEBUG - Waiting for main transcription model to start
2026-09-16 23:45:09.104 - RealTimeSTT: realtimestt - DEBUG - Realtime transcription disabled; realtime worker exits
2026-09-16 23:45:25.843 - RealTimeSTT: realtimestt - DEBUG - Main transcription model ready
2026-09-16 23:45:25.849 - RealTimeSTT: realtimestt - DEBUG - RealtimeSTT initialization completed successfully
2026-09-16 23:45:31.188 - RealTimeSTT: realtimestt - DEBUG - Receive from stdout pipe
2026-09-16 23:45:31.188 - RealTimeSTT: realtimestt - INFO - None
2026-09-16 23:45:51.179 - RealTimeSTT: realtimestt - INFO - Starting RealTimeSTT
2026-09-16 23:45:51.246 - RealTimeSTT: realtimestt - INFO - Initializing audio recording (creating pyAudio input stream, sample rate: 16000 buffer size: 512
2026-09-16 23:45:51.291 - RealTimeSTT: realtimestt - INFO - Initializing WebRTC voice with Sensitivity 3
2026-09-16 23:45:51.291 - RealTimeSTT: realtimestt - DEBUG - WebRTC VAD voice activity detection engine initialized successfully
2026-09-16 23:45:51.436 - RealTimeSTT: realtimestt - DEBUG - Silero VAD voice activity detection engine initialized successfully with backend raw_onnx_ifless
2026-09-16 23:45:51.441 - RealTimeSTT: realtimestt - DEBUG - Starting realtime worker
2026-09-16 23:45:51.441 - RealTimeSTT: realtimestt - DEBUG - Waiting for main transcription model to start
2026-09-16 23:45:51.441 - RealTimeSTT: realtimestt - DEBUG - Realtime transcription disabled; realtime worker exits
2026-09-16 23:46:19.246 - RealTimeSTT: realtimestt - INFO - Starting RealTimeSTT
2026-09-16 23:46:19.295 - RealTimeSTT: realtimestt - INFO - Initializing audio recording (creating pyAudio input stream, sample rate: 16000 buffer size: 512
2026-09-16 23:46:19.327 - RealTimeSTT: realtimestt - INFO - Initializing WebRTC voice with Sensitivity 3
2026-09-16 23:46:19.327 - RealTimeSTT: realtimestt - DEBUG - WebRTC VAD voice activity detection engine initialized successfully
2026-09-16 23:46:19.475 - RealTimeSTT: realtimestt - DEBUG - Silero VAD voice activity detection engine initialized successfully with backend raw_onnx_ifless
2026-09-16 23:46:19.479 - RealTimeSTT: realtimestt - DEBUG - Starting realtime worker
2026-09-16 23:46:19.479 - RealTimeSTT: realtimestt - DEBUG - Waiting for main transcription model to start
2026-09-16 23:46:19.479 - RealTimeSTT: realtimestt - DEBUG - Realtime transcription disabled; realtime worker exits
2026-09-16 23:46:50.321 - RealTimeSTT: realtimestt - INFO - Starting RealTimeSTT
2026-09-16 23:46:50.387 - RealTimeSTT: realtimestt - INFO - Initializing audio recording (creating pyAudio input stream, sample rate: 16000 buffer size: 512
2026-09-16 23:46:50.440 - RealTimeSTT: realtimestt - INFO - Initializing WebRTC voice with Sensitivity 3
2026-09-16 23:46:50.440 - RealTimeSTT: realtimestt - DEBUG - WebRTC VAD voice activity detection engine initialized successfully
2026-09-16 23:46:50.583 - RealTimeSTT: realtimestt - DEBUG - Silero VAD voice activity detection engine initialized successfully with backend raw_onnx_ifless
2026-09-16 23:46:50.589 - RealTimeSTT: realtimestt - DEBUG - Starting realtime worker
2026-09-16 23:46:50.589 - RealTimeSTT: realtimestt - DEBUG - Realtime transcription disabled; realtime worker exits
2026-09-16 23:46:50.589 - RealTimeSTT: realtimestt - DEBUG - Waiting for main transcription model to start
2026-09-16 23:47:20.552 - RealTimeSTT: realtimestt - INFO - Starting RealTimeSTT
2026-09-16 23:47:20.613 - RealTimeSTT: realtimestt - INFO - Initializing audio recording (creating pyAudio input stream, sample rate: 16000 buffer size: 512
2026-09-16 23:47:20.654 - RealTimeSTT: realtimestt - INFO - Initializing WebRTC voice with Sensitivity 3
2026-09-16 23:47:20.655 - RealTimeSTT: realtimestt - DEBUG - WebRTC VAD voice activity detection engine initialized successfully
2026-09-16 23:47:20.808 - RealTimeSTT: realtimestt - DEBUG - Silero VAD voice activity detection engine initialized successfully with backend raw_onnx_ifless
2026-09-16 23:47:20.812 - RealTimeSTT: realtimestt - DEBUG - Starting realtime worker
2026-09-16 23:47:20.812 - RealTimeSTT: realtimestt - DEBUG - Waiting for main transcription model to start
2026-09-16 23:47:20.812 - RealTimeSTT: realtimestt - DEBUG - Realtime transcription disabled; realtime worker exits
2026-09-16 23:47:37.247 - RealTimeSTT: realtimestt - DEBUG - Main transcription model ready
2026-09-16 23:47:37.249 - RealTimeSTT: realtimestt - DEBUG - RealtimeSTT initialization completed successfully
2026-09-16 23:47:58.508 - RealTimeSTT: realtimestt - DEBUG - Receive from stdout pipe
2026-09-16 23:47:58.509 - RealTimeSTT: realtimestt - INFO - None
2026-09-16 23:48:12.909 - RealTimeSTT: realtimestt - INFO - Starting RealTimeSTT
2026-09-16 23:48:12.960 - RealTimeSTT: realtimestt - INFO - Initializing audio recording (creating pyAudio input stream, sample rate: 16000 buffer size: 512
2026-09-16 23:48:12.999 - RealTimeSTT: realtimestt - INFO - Initializing WebRTC voice with Sensitivity 3
2026-09-16 23:48:12.999 - RealTimeSTT: realtimestt - DEBUG - WebRTC VAD voice activity detection engine initialized successfully
2026-09-16 23:48:13.136 - RealTimeSTT: realtimestt - DEBUG - Silero VAD voice activity detection engine initialized successfully with backend raw_onnx_ifless
2026-09-16 23:48:13.142 - RealTimeSTT: realtimestt - DEBUG - Starting realtime worker
2026-09-16 23:48:13.142 - RealTimeSTT: realtimestt - DEBUG - Waiting for main transcription model to start
2026-09-16 23:48:13.143 - RealTimeSTT: realtimestt - DEBUG - Realtime transcription disabled; realtime worker exits
2026-09-16 23:48:29.321 - RealTimeSTT: realtimestt - DEBUG - Main transcription model ready
2026-09-16 23:48:29.322 - RealTimeSTT: realtimestt - DEBUG - RealtimeSTT initialization completed successfully
2026-09-16 23:48:33.371 - RealTimeSTT: realtimestt - DEBUG - Receive from stdout pipe
2026-09-16 23:48:33.371 - RealTimeSTT: realtimestt - INFO - None
2026-09-16 23:48:47.857 - RealTimeSTT: realtimestt - INFO - Starting RealTimeSTT
2026-09-16 23:48:47.933 - RealTimeSTT: realtimestt - INFO - Initializing audio recording (creating pyAudio input stream, sample rate: 16000 buffer size: 512
2026-09-16 23:48:47.976 - RealTimeSTT: realtimestt - INFO - Initializing WebRTC voice with Sensitivity 3
2026-09-16 23:48:47.976 - RealTimeSTT: realtimestt - DEBUG - WebRTC VAD voice activity detection engine initialized successfully
2026-09-16 23:48:48.106 - RealTimeSTT: realtimestt - DEBUG - Silero VAD voice activity detection engine initialized successfully with backend raw_onnx_ifless
2026-09-16 23:48:48.110 - RealTimeSTT: realtimestt - DEBUG - Starting realtime worker
2026-09-16 23:48:48.111 - RealTimeSTT: realtimestt - DEBUG - Waiting for main transcription model to start
2026-09-16 23:48:48.111 - RealTimeSTT: realtimestt - DEBUG - Realtime transcription disabled; realtime worker exits
2026-09-16 23:49:04.079 - RealTimeSTT: realtimestt - DEBUG - Main transcription model ready
2026-09-16 23:49:04.080 - RealTimeSTT: realtimestt - DEBUG - RealtimeSTT initialization completed successfully
2026-09-16 23:53:19.073 - RealTimeSTT: realtimestt - INFO - Starting RealTimeSTT
2026-09-16 23:53:19.146 - RealTimeSTT: realtimestt - INFO - Initializing audio recording (creating pyAudio input stream, sample rate: 16000 buffer size: 512
2026-09-16 23:53:19.198 - RealTimeSTT: realtimestt - INFO - Initializing WebRTC voice with Sensitivity 3
2026-09-16 23:53:19.199 - RealTimeSTT: realtimestt - DEBUG - WebRTC VAD voice activity detection engine initialized successfully
2026-09-16 23:53:19.353 - RealTimeSTT: realtimestt - DEBUG - Silero VAD voice activity detection engine initialized successfully with backend raw_onnx_ifless
2026-09-16 23:53:19.357 - RealTimeSTT: realtimestt - DEBUG - Starting realtime worker
2026-09-16 23:53:19.357 - RealTimeSTT: realtimestt - DEBUG - Waiting for main transcription model to start
2026-09-16 23:53:19.357 - RealTimeSTT: realtimestt - DEBUG - Realtime transcription disabled; realtime worker exits
2026-09-16 23:53:47.259 - RealTimeSTT: realtimestt - INFO - Starting RealTimeSTT
2026-09-16 23:53:47.320 - RealTimeSTT: realtimestt - INFO - Initializing audio recording (creating pyAudio input stream, sample rate: 16000 buffer size: 512
2026-09-16 23:53:47.364 - RealTimeSTT: realtimestt - INFO - Initializing WebRTC voice with Sensitivity 3
2026-09-16 23:53:47.365 - RealTimeSTT: realtimestt - DEBUG - WebRTC VAD voice activity detection engine initialized successfully
2026-09-16 23:53:47.504 - RealTimeSTT: realtimestt - DEBUG - Silero VAD voice activity detection engine initialized successfully with backend raw_onnx_ifless
2026-09-16 23:53:47.507 - RealTimeSTT: realtimestt - DEBUG - Starting realtime worker
2026-09-16 23:53:47.507 - RealTimeSTT: realtimestt - DEBUG - Waiting for main transcription model to start
2026-09-16 23:53:47.507 - RealTimeSTT: realtimestt - DEBUG - Realtime transcription disabled; realtime worker exits
2026-09-16 23:54:30.937 - RealTimeSTT: realtimestt - INFO - Starting RealTimeSTT
2026-09-16 23:54:30.989 - RealTimeSTT: realtimestt - INFO - Initializing audio recording (creating pyAudio input stream, sample rate: 16000 buffer size: 512
2026-09-16 23:54:31.020 - RealTimeSTT: realtimestt - INFO - Initializing WebRTC voice with Sensitivity 3
2026-09-16 23:54:31.020 - RealTimeSTT: realtimestt - DEBUG - WebRTC VAD voice activity detection engine initialized successfully
2026-09-16 23:54:31.154 - RealTimeSTT: realtimestt - DEBUG - Silero VAD voice activity detection engine initialized successfully with backend raw_onnx_ifless
2026-09-16 23:54:31.160 - RealTimeSTT: realtimestt - DEBUG - Starting realtime worker
2026-09-16 23:54:31.160 - RealTimeSTT: realtimestt - DEBUG - Realtime transcription disabled; realtime worker exits
2026-09-16 23:54:31.161 - RealTimeSTT: realtimestt - DEBUG - Waiting for main transcription model to start
2026-09-16 23:54:46.811 - RealTimeSTT: realtimestt - DEBUG - Main transcription model ready
2026-09-16 23:54:46.812 - RealTimeSTT: realtimestt - DEBUG - RealtimeSTT initialization completed successfully
2026-09-16 23:56:25.222 - RealTimeSTT: realtimestt - INFO - Starting RealTimeSTT
2026-09-16 23:56:25.275 - RealTimeSTT: realtimestt - INFO - Initializing audio recording (creating pyAudio input stream, sample rate: 16000 buffer size: 512
2026-09-16 23:56:25.308 - RealTimeSTT: realtimestt - INFO - Initializing WebRTC voice with Sensitivity 3
2026-09-16 23:56:25.308 - RealTimeSTT: realtimestt - DEBUG - WebRTC VAD voice activity detection engine initialized successfully
2026-09-16 23:56:25.436 - RealTimeSTT: realtimestt - DEBUG - Silero VAD voice activity detection engine initialized successfully with backend raw_onnx_ifless
2026-09-16 23:56:25.440 - RealTimeSTT: realtimestt - DEBUG - Starting realtime worker
2026-09-16 23:56:25.440 - RealTimeSTT: realtimestt - DEBUG - Waiting for main transcription model to start
2026-09-16 23:56:25.440 - RealTimeSTT: realtimestt - DEBUG - Realtime transcription disabled; realtime worker exits
2026-09-16 23:57:08.694 - RealTimeSTT: realtimestt - INFO - Starting RealTimeSTT
2026-09-16 23:57:08.754 - RealTimeSTT: realtimestt - INFO - Initializing audio recording (creating pyAudio input stream, sample rate: 16000 buffer size: 512
2026-09-16 23:57:08.796 - RealTimeSTT: realtimestt - INFO - Initializing WebRTC voice with Sensitivity 3
2026-09-16 23:57:08.796 - RealTimeSTT: realtimestt - DEBUG - WebRTC VAD voice activity detection engine initialized successfully
2026-09-16 23:57:08.969 - RealTimeSTT: realtimestt - DEBUG - Silero VAD voice activity detection engine initialized successfully with backend raw_onnx_ifless
2026-09-16 23:57:08.975 - RealTimeSTT: realtimestt - DEBUG - Starting realtime worker
2026-09-16 23:57:08.975 - RealTimeSTT: realtimestt - DEBUG - Waiting for main transcription model to start
2026-09-16 23:57:08.975 - RealTimeSTT: realtimestt - DEBUG - Realtime transcription disabled; realtime worker exits
2026-09-16 23:57:25.453 - RealTimeSTT: realtimestt - DEBUG - Main transcription model ready
2026-09-16 23:57:25.454 - RealTimeSTT: realtimestt - DEBUG - RealtimeSTT initialization completed successfully
2026-09-17 13:38:58.224 - RealTimeSTT: realtimestt - INFO - Starting RealTimeSTT
2026-09-17 13:38:58.299 - RealTimeSTT: realtimestt - INFO - Initializing audio recording (creating pyAudio input stream, sample rate: 16000 buffer size: 512
2026-09-17 13:38:58.337 - RealTimeSTT: realtimestt - INFO - Initializing WebRTC voice with Sensitivity 3
2026-09-17 13:38:58.346 - RealTimeSTT: realtimestt - DEBUG - WebRTC VAD voice activity detection engine initialized successfully
2026-09-17 13:38:58.721 - RealTimeSTT: realtimestt - DEBUG - Silero VAD voice activity detection engine initialized successfully with backend raw_onnx_ifless
2026-09-17 13:38:58.771 - RealTimeSTT: realtimestt - DEBUG - Starting realtime worker
2026-09-17 13:38:58.772 - RealTimeSTT: realtimestt - DEBUG - Waiting for main transcription model to start
2026-09-17 13:38:58.772 - RealTimeSTT: realtimestt - DEBUG - Realtime transcription disabled; realtime worker exits
2026-09-17 13:39:42.955 - RealTimeSTT: realtimestt - INFO - Starting RealTimeSTT
2026-09-17 13:39:42.998 - RealTimeSTT: realtimestt - INFO - Initializing audio recording (creating pyAudio input stream, sample rate: 16000 buffer size: 512
2026-09-17 13:39:43.034 - RealTimeSTT: realtimestt - INFO - Initializing WebRTC voice with Sensitivity 3
2026-09-17 13:39:43.034 - RealTimeSTT: realtimestt - DEBUG - WebRTC VAD voice activity detection engine initialized successfully
2026-09-17 13:39:43.197 - RealTimeSTT: realtimestt - DEBUG - Silero VAD voice activity detection engine initialized successfully with backend raw_onnx_ifless
2026-09-17 13:39:43.202 - RealTimeSTT: realtimestt - DEBUG - Starting realtime worker
2026-09-17 13:39:43.202 - RealTimeSTT: realtimestt - DEBUG - Waiting for main transcription model to start
2026-09-17 13:39:43.202 - RealTimeSTT: realtimestt - DEBUG - Realtime transcription disabled; realtime worker exits
2026-09-17 13:42:19.623 - RealTimeSTT: realtimestt - INFO - Starting RealTimeSTT
2026-09-17 13:42:19.683 - RealTimeSTT: realtimestt - INFO - Initializing audio recording (creating pyAudio input stream, sample rate: 16000 buffer size: 512
2026-09-17 13:42:19.724 - RealTimeSTT: realtimestt - INFO - Initializing WebRTC voice with Sensitivity 3
2026-09-17 13:42:19.724 - RealTimeSTT: realtimestt - DEBUG - WebRTC VAD voice activity detection engine initialized successfully
2026-09-17 13:42:19.872 - RealTimeSTT: realtimestt - DEBUG - Silero VAD voice activity detection engine initialized successfully with backend raw_onnx_ifless
2026-09-17 13:42:19.876 - RealTimeSTT: realtimestt - DEBUG - Starting realtime worker
2026-09-17 13:42:19.876 - RealTimeSTT: realtimestt - DEBUG - Waiting for main transcription model to start
2026-09-17 13:42:19.876 - RealTimeSTT: realtimestt - DEBUG - Realtime transcription disabled; realtime worker exits
2026-09-17 13:45:49.829 - RealTimeSTT: realtimestt - INFO - Starting RealTimeSTT
2026-09-17 13:45:49.874 - RealTimeSTT: realtimestt - INFO - Initializing audio recording (creating pyAudio input stream, sample rate: 16000 buffer size: 512
2026-09-17 13:45:49.906 - RealTimeSTT: realtimestt - INFO - Initializing WebRTC voice with Sensitivity 3
2026-09-17 13:45:49.906 - RealTimeSTT: realtimestt - DEBUG - WebRTC VAD voice activity detection engine initialized successfully
2026-09-17 13:45:50.043 - RealTimeSTT: realtimestt - DEBUG - Silero VAD voice activity detection engine initialized successfully with backend raw_onnx_ifless
2026-09-17 13:45:50.046 - RealTimeSTT: realtimestt - DEBUG - Starting realtime worker
2026-09-17 13:45:50.046 - RealTimeSTT: realtimestt - DEBUG - Realtime transcription disabled; realtime worker exits
2026-09-17 13:45:50.046 - RealTimeSTT: realtimestt - DEBUG - Waiting for main transcription model to start
2026-09-17 13:48:23.013 - RealTimeSTT: realtimestt - INFO - Starting RealTimeSTT
2026-09-17 13:48:23.061 - RealTimeSTT: realtimestt - INFO - Initializing audio recording (creating pyAudio input stream, sample rate: 16000 buffer size: 512
2026-09-17 13:48:23.092 - RealTimeSTT: realtimestt - INFO - Initializing WebRTC voice with Sensitivity 3
2026-09-17 13:48:23.092 - RealTimeSTT: realtimestt - DEBUG - WebRTC VAD voice activity detection engine initialized successfully
2026-09-17 13:48:23.226 - RealTimeSTT: realtimestt - DEBUG - Silero VAD voice activity detection engine initialized successfully with backend raw_onnx_ifless
2026-09-17 13:48:23.230 - RealTimeSTT: realtimestt - DEBUG - Starting realtime worker
2026-09-17 13:48:23.230 - RealTimeSTT: realtimestt - DEBUG - Realtime transcription disabled; realtime worker exits
2026-09-17 13:48:23.230 - RealTimeSTT: realtimestt - DEBUG - Waiting for main transcription model to start
2026-09-17 13:55:09.198 - RealTimeSTT: realtimestt - INFO - Starting RealTimeSTT
2026-09-17 13:55:09.247 - RealTimeSTT: realtimestt - INFO - Initializing audio recording (creating pyAudio input stream, sample rate: 16000 buffer size: 512
2026-09-17 13:55:09.286 - RealTimeSTT: realtimestt - INFO - Initializing WebRTC voice with Sensitivity 3
2026-09-17 13:55:09.286 - RealTimeSTT: realtimestt - DEBUG - WebRTC VAD voice activity detection engine initialized successfully
2026-09-17 13:55:09.426 - RealTimeSTT: realtimestt - DEBUG - Silero VAD voice activity detection engine initialized successfully with backend raw_onnx_ifless
2026-09-17 13:55:09.430 - RealTimeSTT: realtimestt - DEBUG - Starting realtime worker
2026-09-17 13:55:09.430 - RealTimeSTT: realtimestt - DEBUG - Waiting for main transcription model to start
2026-09-17 13:55:09.430 - RealTimeSTT: realtimestt - DEBUG - Realtime transcription disabled; realtime worker exits
2026-09-17 14:07:29.208 - RealTimeSTT: realtimestt - INFO - Starting RealTimeSTT
2026-09-17 14:07:29.301 - RealTimeSTT: realtimestt - INFO - Initializing audio recording (creating pyAudio input stream, sample rate: 16000 buffer size: 512
2026-09-17 14:07:29.337 - RealTimeSTT: realtimestt - INFO - Initializing WebRTC voice with Sensitivity 3
2026-09-17 14:07:29.338 - RealTimeSTT: realtimestt - DEBUG - WebRTC VAD voice activity detection engine initialized successfully
2026-09-17 14:07:29.645 - RealTimeSTT: realtimestt - DEBUG - Silero VAD voice activity detection engine initialized successfully with backend raw_onnx_ifless
2026-09-17 14:07:29.649 - RealTimeSTT: realtimestt - DEBUG - Starting realtime worker
2026-09-17 14:07:29.650 - RealTimeSTT: realtimestt - DEBUG - Waiting for main transcription model to start
2026-09-17 14:07:29.650 - RealTimeSTT: realtimestt - DEBUG - Realtime transcription disabled; realtime worker exits
2026-09-17 14:07:51.031 - RealTimeSTT: realtimestt - DEBUG - Main transcription model ready
2026-09-17 14:07:51.032 - RealTimeSTT: realtimestt - DEBUG - RealtimeSTT initialization completed successfully
2026-09-17 14:08:33.862 - RealTimeSTT: realtimestt - INFO - Starting RealTimeSTT
2026-09-17 14:08:33.917 - RealTimeSTT: realtimestt - INFO - Initializing audio recording (creating pyAudio input stream, sample rate: 16000 buffer size: 512
2026-09-17 14:08:33.951 - RealTimeSTT: realtimestt - INFO - Initializing WebRTC voice with Sensitivity 3
2026-09-17 14:08:33.951 - RealTimeSTT: realtimestt - DEBUG - WebRTC VAD voice activity detection engine initialized successfully
2026-09-17 14:08:34.095 - RealTimeSTT: realtimestt - DEBUG - Silero VAD voice activity detection engine initialized successfully with backend raw_onnx_ifless
2026-09-17 14:08:34.098 - RealTimeSTT: realtimestt - DEBUG - Starting realtime worker
2026-09-17 14:08:34.098 - RealTimeSTT: realtimestt - DEBUG - Waiting for main transcription model to start
2026-09-17 14:08:34.098 - RealTimeSTT: realtimestt - DEBUG - Realtime transcription disabled; realtime worker exits
2026-09-17 14:12:30.714 - RealTimeSTT: realtimestt - INFO - Starting RealTimeSTT
2026-09-17 14:12:30.781 - RealTimeSTT: realtimestt - INFO - Initializing audio recording (creating pyAudio input stream, sample rate: 16000 buffer size: 512
2026-09-17 14:12:30.815 - RealTimeSTT: realtimestt - INFO - Initializing WebRTC voice with Sensitivity 3
2026-09-17 14:12:30.815 - RealTimeSTT: realtimestt - DEBUG - WebRTC VAD voice activity detection engine initialized successfully
2026-09-17 14:12:30.952 - RealTimeSTT: realtimestt - DEBUG - Silero VAD voice activity detection engine initialized successfully with backend raw_onnx_ifless
2026-09-17 14:12:30.956 - RealTimeSTT: realtimestt - DEBUG - Starting realtime worker
2026-09-17 14:12:30.956 - RealTimeSTT: realtimestt - DEBUG - Waiting for main transcription model to start
2026-09-17 14:12:30.956 - RealTimeSTT: realtimestt - DEBUG - Realtime transcription disabled; realtime worker exits
2026-09-17 14:12:48.389 - RealTimeSTT: realtimestt - DEBUG - Main transcription model ready
2026-09-17 14:12:48.390 - RealTimeSTT: realtimestt - DEBUG - RealtimeSTT initialization completed successfully
2026-09-17 14:13:26.002 - RealTimeSTT: realtimestt - INFO - Starting RealTimeSTT
2026-09-17 14:13:26.059 - RealTimeSTT: realtimestt - INFO - Initializing audio recording (creating pyAudio input stream, sample rate: 16000 buffer size: 512
2026-09-17 14:13:26.101 - RealTimeSTT: realtimestt - INFO - Initializing WebRTC voice with Sensitivity 3
2026-09-17 14:13:26.101 - RealTimeSTT: realtimestt - DEBUG - WebRTC VAD voice activity detection engine initialized successfully
2026-09-17 14:13:26.240 - RealTimeSTT: realtimestt - DEBUG - Silero VAD voice activity detection engine initialized successfully with backend raw_onnx_ifless
2026-09-17 14:13:26.244 - RealTimeSTT: realtimestt - DEBUG - Starting realtime worker
2026-09-17 14:13:26.245 - RealTimeSTT: realtimestt - DEBUG - Waiting for main transcription model to start
2026-09-17 14:13:26.245 - RealTimeSTT: realtimestt - DEBUG - Realtime transcription disabled; realtime worker exits
2026-09-17 14:13:43.975 - RealTimeSTT: realtimestt - DEBUG - Main transcription model ready
2026-09-17 14:13:43.977 - RealTimeSTT: realtimestt - DEBUG - RealtimeSTT initialization completed successfully
2026-09-17 14:13:44.416 - RealTimeSTT: realtimestt - DEBUG - Receive from stdout pipe
2026-09-17 14:13:44.417 - RealTimeSTT: realtimestt - INFO - None
2026-09-17 14:14:10.223 - RealTimeSTT: realtimestt - INFO - Starting RealTimeSTT
2026-09-17 14:14:10.275 - RealTimeSTT: realtimestt - INFO - Initializing audio recording (creating pyAudio input stream, sample rate: 16000 buffer size: 512
2026-09-17 14:14:10.315 - RealTimeSTT: realtimestt - INFO - Initializing WebRTC voice with Sensitivity 3
2026-09-17 14:14:10.315 - RealTimeSTT: realtimestt - DEBUG - WebRTC VAD voice activity detection engine initialized successfully
2026-09-17 14:14:10.472 - RealTimeSTT: realtimestt - DEBUG - Silero VAD voice activity detection engine initialized successfully with backend raw_onnx_ifless
2026-09-17 14:14:10.476 - RealTimeSTT: realtimestt - DEBUG - Starting realtime worker
2026-09-17 14:14:10.476 - RealTimeSTT: realtimestt - DEBUG - Waiting for main transcription model to start
2026-09-17 14:14:10.477 - RealTimeSTT: realtimestt - DEBUG - Realtime transcription disabled; realtime worker exits
2026-09-17 14:14:26.282 - RealTimeSTT: realtimestt - DEBUG - Main transcription model ready
2026-09-17 14:14:26.284 - RealTimeSTT: realtimestt - DEBUG - RealtimeSTT initialization completed successfully
2026-09-17 14:15:07.258 - RealTimeSTT: realtimestt - DEBUG - Receive from stdout pipe
2026-09-17 14:15:07.259 - RealTimeSTT: realtimestt - INFO - None
2026-09-17 14:17:01.441 - RealTimeSTT: realtimestt - INFO - Starting RealTimeSTT
2026-09-17 14:17:01.500 - RealTimeSTT: realtimestt - INFO - Initializing audio recording (creating pyAudio input stream, sample rate: 16000 buffer size: 512
2026-09-17 14:17:01.534 - RealTimeSTT: realtimestt - INFO - Initializing WebRTC voice with Sensitivity 3
2026-09-17 14:17:01.534 - RealTimeSTT: realtimestt - DEBUG - WebRTC VAD voice activity detection engine initialized successfully
2026-09-17 14:17:01.670 - RealTimeSTT: realtimestt - DEBUG - Silero VAD voice activity detection engine initialized successfully with backend raw_onnx_ifless
2026-09-17 14:17:01.674 - RealTimeSTT: realtimestt - DEBUG - Starting realtime worker
2026-09-17 14:17:01.674 - RealTimeSTT: realtimestt - DEBUG - Waiting for main transcription model to start
2026-09-17 14:17:01.674 - RealTimeSTT: realtimestt - DEBUG - Realtime transcription disabled; realtime worker exits
2026-09-17 14:18:31.992 - RealTimeSTT: realtimestt - INFO - Starting RealTimeSTT
2026-09-17 14:18:32.049 - RealTimeSTT: realtimestt - INFO - Initializing audio recording (creating pyAudio input stream, sample rate: 16000 buffer size: 512
2026-09-17 14:18:32.088 - RealTimeSTT: realtimestt - INFO - Initializing WebRTC voice with Sensitivity 3
2026-09-17 14:18:32.088 - RealTimeSTT: realtimestt - DEBUG - WebRTC VAD voice activity detection engine initialized successfully
2026-09-17 14:18:32.236 - RealTimeSTT: realtimestt - DEBUG - Silero VAD voice activity detection engine initialized successfully with backend raw_onnx_ifless
2026-09-17 14:18:32.240 - RealTimeSTT: realtimestt - DEBUG - Starting realtime worker
2026-09-17 14:18:32.240 - RealTimeSTT: realtimestt - DEBUG - Waiting for main transcription model to start
2026-09-17 14:18:32.240 - RealTimeSTT: realtimestt - DEBUG - Realtime transcription disabled; realtime worker exits
2026-09-17 14:18:48.730 - RealTimeSTT: realtimestt - DEBUG - Main transcription model ready
2026-09-17 14:18:48.731 - RealTimeSTT: realtimestt - DEBUG - RealtimeSTT initialization completed successfully
2026-09-17 14:19:28.809 - RealTimeSTT: realtimestt - DEBUG - Receive from stdout pipe
2026-09-17 14:19:28.809 - RealTimeSTT: realtimestt - INFO - None
2026-09-17 14:19:41.249 - RealTimeSTT: realtimestt - INFO - Starting RealTimeSTT
2026-09-17 14:19:41.297 - RealTimeSTT: realtimestt - INFO - Initializing audio recording (creating pyAudio input stream, sample rate: 16000 buffer size: 512
2026-09-17 14:19:41.331 - RealTimeSTT: realtimestt - INFO - Initializing WebRTC voice with Sensitivity 3
2026-09-17 14:19:41.332 - RealTimeSTT: realtimestt - DEBUG - WebRTC VAD voice activity detection engine initialized successfully
2026-09-17 14:19:41.468 - RealTimeSTT: realtimestt - DEBUG - Silero VAD voice activity detection engine initialized successfully with backend raw_onnx_ifless
2026-09-17 14:19:41.472 - RealTimeSTT: realtimestt - DEBUG - Starting realtime worker
2026-09-17 14:19:41.473 - RealTimeSTT: realtimestt - DEBUG - Waiting for main transcription model to start
2026-09-17 14:19:41.473 - RealTimeSTT: realtimestt - DEBUG - Realtime transcription disabled; realtime worker exits
2026-09-17 14:21:15.762 - RealTimeSTT: realtimestt - INFO - Starting RealTimeSTT
2026-09-17 14:21:15.818 - RealTimeSTT: realtimestt - INFO - Initializing audio recording (creating pyAudio input stream, sample rate: 16000 buffer size: 512
2026-09-17 14:21:15.862 - RealTimeSTT: realtimestt - INFO - Initializing WebRTC voice with Sensitivity 3
2026-09-17 14:21:15.862 - RealTimeSTT: realtimestt - DEBUG - WebRTC VAD voice activity detection engine initialized successfully
2026-09-17 14:21:16.012 - RealTimeSTT: realtimestt - DEBUG - Silero VAD voice activity detection engine initialized successfully with backend raw_onnx_ifless
2026-09-17 14:21:16.016 - RealTimeSTT: realtimestt - DEBUG - Starting realtime worker
2026-09-17 14:21:16.016 - RealTimeSTT: realtimestt - DEBUG - Waiting for main transcription model to start
2026-09-17 14:21:16.016 - RealTimeSTT: realtimestt - DEBUG - Realtime transcription disabled; realtime worker exits
2026-09-17 14:23:24.077 - RealTimeSTT: realtimestt - INFO - Starting RealTimeSTT
2026-09-17 14:23:24.127 - RealTimeSTT: realtimestt - INFO - Initializing audio recording (creating pyAudio input stream, sample rate: 16000 buffer size: 512
2026-09-17 14:23:24.163 - RealTimeSTT: realtimestt - INFO - Initializing WebRTC voice with Sensitivity 3
2026-09-17 14:23:24.163 - RealTimeSTT: realtimestt - DEBUG - WebRTC VAD voice activity detection engine initialized successfully
2026-09-17 14:23:24.302 - RealTimeSTT: realtimestt - DEBUG - Silero VAD voice activity detection engine initialized successfully with backend raw_onnx_ifless
2026-09-17 14:23:24.305 - RealTimeSTT: realtimestt - DEBUG - Starting realtime worker
2026-09-17 14:23:24.305 - RealTimeSTT: realtimestt - DEBUG - Waiting for main transcription model to start
2026-09-17 14:23:24.305 - RealTimeSTT: realtimestt - DEBUG - Realtime transcription disabled; realtime worker exits
2026-09-17 14:27:48.201 - RealTimeSTT: realtimestt - INFO - Starting RealTimeSTT
2026-09-17 14:27:48.263 - RealTimeSTT: realtimestt - INFO - Initializing audio recording (creating pyAudio input stream, sample rate: 16000 buffer size: 512
2026-09-17 14:27:48.301 - RealTimeSTT: realtimestt - INFO - Initializing WebRTC voice with Sensitivity 3
2026-09-17 14:27:48.301 - RealTimeSTT: realtimestt - DEBUG - WebRTC VAD voice activity detection engine initialized successfully
2026-09-17 14:27:48.441 - RealTimeSTT: realtimestt - DEBUG - Silero VAD voice activity detection engine initialized successfully with backend raw_onnx_ifless
2026-09-17 14:27:48.444 - RealTimeSTT: realtimestt - DEBUG - Starting realtime worker
2026-09-17 14:27:48.444 - RealTimeSTT: realtimestt - DEBUG - Waiting for main transcription model to start
2026-09-17 14:27:48.444 - RealTimeSTT: realtimestt - DEBUG - Realtime transcription disabled; realtime worker exits
2026-09-17 14:28:05.427 - RealTimeSTT: realtimestt - DEBUG - Main transcription model ready
2026-09-17 14:28:05.428 - RealTimeSTT: realtimestt - DEBUG - RealtimeSTT initialization completed successfully
2026-09-17 14:30:09.464 - RealTimeSTT: realtimestt - INFO - Starting RealTimeSTT
2026-09-17 14:30:09.517 - RealTimeSTT: realtimestt - INFO - Initializing audio recording (creating pyAudio input stream, sample rate: 16000 buffer size: 512
2026-09-17 14:30:09.556 - RealTimeSTT: realtimestt - INFO - Initializing WebRTC voice with Sensitivity 3
2026-09-17 14:30:09.557 - RealTimeSTT: realtimestt - DEBUG - WebRTC VAD voice activity detection engine initialized successfully
2026-09-17 14:30:09.711 - RealTimeSTT: realtimestt - DEBUG - Silero VAD voice activity detection engine initialized successfully with backend raw_onnx_ifless
2026-09-17 14:30:09.715 - RealTimeSTT: realtimestt - DEBUG - Starting realtime worker
2026-09-17 14:30:09.715 - RealTimeSTT: realtimestt - DEBUG - Waiting for main transcription model to start
2026-09-17 14:30:09.715 - RealTimeSTT: realtimestt - DEBUG - Realtime transcription disabled; realtime worker exits
2026-09-17 14:30:27.734 - RealTimeSTT: realtimestt - DEBUG - Main transcription model ready
2026-09-17 14:30:27.735 - RealTimeSTT: realtimestt - DEBUG - RealtimeSTT initialization completed successfully
2026-09-17 14:30:50.150 - RealTimeSTT: realtimestt - DEBUG - Receive from stdout pipe
2026-09-17 14:30:50.151 - RealTimeSTT: realtimestt - INFO - None
2026-09-17 14:31:03.971 - RealTimeSTT: realtimestt - INFO - Starting RealTimeSTT
2026-09-17 14:31:04.027 - RealTimeSTT: realtimestt - INFO - Initializing audio recording (creating pyAudio input stream, sample rate: 16000 buffer size: 512
2026-09-17 14:31:04.063 - RealTimeSTT: realtimestt - INFO - Initializing WebRTC voice with Sensitivity 3
2026-09-17 14:31:04.064 - RealTimeSTT: realtimestt - DEBUG - WebRTC VAD voice activity detection engine initialized successfully
2026-09-17 14:31:04.223 - RealTimeSTT: realtimestt - DEBUG - Silero VAD voice activity detection engine initialized successfully with backend raw_onnx_ifless
2026-09-17 14:31:04.227 - RealTimeSTT: realtimestt - DEBUG - Starting realtime worker
2026-09-17 14:31:04.227 - RealTimeSTT: realtimestt - DEBUG - Waiting for main transcription model to start
2026-09-17 14:31:04.227 - RealTimeSTT: realtimestt - DEBUG - Realtime transcription disabled; realtime worker exits
2026-09-17 14:31:33.469 - RealTimeSTT: realtimestt - INFO - Starting RealTimeSTT
2026-09-17 14:31:33.524 - RealTimeSTT: realtimestt - INFO - Initializing audio recording (creating pyAudio input stream, sample rate: 16000 buffer size: 512
2026-09-17 14:31:33.573 - RealTimeSTT: realtimestt - INFO - Initializing WebRTC voice with Sensitivity 3
2026-09-17 14:31:33.574 - RealTimeSTT: realtimestt - DEBUG - WebRTC VAD voice activity detection engine initialized successfully
2026-09-17 14:31:33.726 - RealTimeSTT: realtimestt - DEBUG - Silero VAD voice activity detection engine initialized successfully with backend raw_onnx_ifless
2026-09-17 14:31:33.730 - RealTimeSTT: realtimestt - DEBUG - Starting realtime worker
2026-09-17 14:31:33.730 - RealTimeSTT: realtimestt - DEBUG - Waiting for main transcription model to start
2026-09-17 14:31:33.730 - RealTimeSTT: realtimestt - DEBUG - Realtime transcription disabled; realtime worker exits
2026-09-17 14:31:50.167 - RealTimeSTT: realtimestt - DEBUG - Main transcription model ready
2026-09-17 14:31:50.169 - RealTimeSTT: realtimestt - DEBUG - RealtimeSTT initialization completed successfully
2026-09-17 14:40:06.890 - RealTimeSTT: realtimestt - INFO - Starting RealTimeSTT
2026-09-17 14:40:06.935 - RealTimeSTT: realtimestt - INFO - Initializing audio recording (creating pyAudio input stream, sample rate: 16000 buffer size: 512
2026-09-17 14:40:06.972 - RealTimeSTT: realtimestt - INFO - Initializing WebRTC voice with Sensitivity 3
2026-09-17 14:40:06.973 - RealTimeSTT: realtimestt - DEBUG - WebRTC VAD voice activity detection engine initialized successfully
2026-09-17 14:40:07.107 - RealTimeSTT: realtimestt - DEBUG - Silero VAD voice activity detection engine initialized successfully with backend raw_onnx_ifless
2026-09-17 14:40:07.110 - RealTimeSTT: realtimestt - DEBUG - Starting realtime worker
2026-09-17 14:40:07.110 - RealTimeSTT: realtimestt - DEBUG - Realtime transcription disabled; realtime worker exits
2026-09-17 14:40:07.111 - RealTimeSTT: realtimestt - DEBUG - Waiting for main transcription model to start
2026-09-17 14:40:46.852 - RealTimeSTT: realtimestt - INFO - Starting RealTimeSTT
2026-09-17 14:40:46.898 - RealTimeSTT: realtimestt - INFO - Initializing audio recording (creating pyAudio input stream, sample rate: 16000 buffer size: 512
2026-09-17 14:40:46.934 - RealTimeSTT: realtimestt - INFO - Initializing WebRTC voice with Sensitivity 3
2026-09-17 14:40:46.934 - RealTimeSTT: realtimestt - DEBUG - WebRTC VAD voice activity detection engine initialized successfully
2026-09-17 14:40:47.073 - RealTimeSTT: realtimestt - DEBUG - Silero VAD voice activity detection engine initialized successfully with backend raw_onnx_ifless
2026-09-17 14:40:47.076 - RealTimeSTT: realtimestt - DEBUG - Starting realtime worker
2026-09-17 14:40:47.077 - RealTimeSTT: realtimestt - DEBUG - Waiting for main transcription model to start
2026-09-17 14:40:47.077 - RealTimeSTT: realtimestt - DEBUG - Realtime transcription disabled; realtime worker exits
2026-09-17 14:41:03.858 - RealTimeSTT: realtimestt - DEBUG - Main transcription model ready
2026-09-17 14:41:03.861 - RealTimeSTT: realtimestt - DEBUG - RealtimeSTT initialization completed successfully
2026-09-17 14:47:13.247 - RealTimeSTT: realtimestt - INFO - Starting RealTimeSTT
2026-09-17 14:47:13.295 - RealTimeSTT: realtimestt - INFO - Initializing audio recording (creating pyAudio input stream, sample rate: 16000 buffer size: 512
2026-09-17 14:47:13.335 - RealTimeSTT: realtimestt - INFO - Initializing WebRTC voice with Sensitivity 3
2026-09-17 14:47:13.335 - RealTimeSTT: realtimestt - DEBUG - WebRTC VAD voice activity detection engine initialized successfully
2026-09-17 14:47:13.471 - RealTimeSTT: realtimestt - DEBUG - Silero VAD voice activity detection engine initialized successfully with backend raw_onnx_ifless
2026-09-17 14:47:13.474 - RealTimeSTT: realtimestt - DEBUG - Starting realtime worker
2026-09-17 14:47:13.474 - RealTimeSTT: realtimestt - DEBUG - Realtime transcription disabled; realtime worker exits
2026-09-17 14:47:13.475 - RealTimeSTT: realtimestt - DEBUG - Waiting for main transcription model to start
2026-09-17 14:47:30.116 - RealTimeSTT: realtimestt - DEBUG - Main transcription model ready
2026-09-17 14:47:30.117 - RealTimeSTT: realtimestt - DEBUG - RealtimeSTT initialization completed successfully
2026-09-17 16:13:51.113 - RealTimeSTT: realtimestt - INFO - Starting RealTimeSTT
2026-09-17 16:13:51.160 - RealTimeSTT: realtimestt - INFO - Initializing audio recording (creating pyAudio input stream, sample rate: 16000 buffer size: 512
2026-09-17 16:13:51.196 - RealTimeSTT: realtimestt - INFO - Initializing WebRTC voice with Sensitivity 3
2026-09-17 16:13:51.196 - RealTimeSTT: realtimestt - DEBUG - WebRTC VAD voice activity detection engine initialized successfully
2026-09-17 16:13:51.341 - RealTimeSTT: realtimestt - DEBUG - Silero VAD voice activity detection engine initialized successfully with backend raw_onnx_ifless
2026-09-17 16:13:51.345 - RealTimeSTT: realtimestt - DEBUG - Starting realtime worker
2026-09-17 16:13:51.345 - RealTimeSTT: realtimestt - DEBUG - Waiting for main transcription model to start
2026-09-17 16:13:51.345 - RealTimeSTT: realtimestt - DEBUG - Realtime transcription disabled; realtime worker exits
2026-09-17 16:14:22.530 - RealTimeSTT: realtimestt - INFO - Starting RealTimeSTT
2026-09-17 16:14:22.575 - RealTimeSTT: realtimestt - INFO - Initializing audio recording (creating pyAudio input stream, sample rate: 16000 buffer size: 512
2026-09-17 16:14:22.614 - RealTimeSTT: realtimestt - INFO - Initializing WebRTC voice with Sensitivity 3
2026-09-17 16:14:22.614 - RealTimeSTT: realtimestt - DEBUG - WebRTC VAD voice activity detection engine initialized successfully
2026-09-17 16:14:22.738 - RealTimeSTT: realtimestt - DEBUG - Silero VAD voice activity detection engine initialized successfully with backend raw_onnx_ifless
2026-09-17 16:14:22.742 - RealTimeSTT: realtimestt - DEBUG - Starting realtime worker
2026-09-17 16:14:22.742 - RealTimeSTT: realtimestt - DEBUG - Waiting for main transcription model to start
2026-09-17 16:14:22.742 - RealTimeSTT: realtimestt - DEBUG - Realtime transcription disabled; realtime worker exits
2026-09-17 16:14:37.286 - RealTimeSTT: realtimestt - DEBUG - Main transcription model ready
2026-09-17 16:14:37.288 - RealTimeSTT: realtimestt - DEBUG - RealtimeSTT initialization completed successfully
2026-09-17 16:17:06.257 - RealTimeSTT: realtimestt - INFO - Starting RealTimeSTT
2026-09-17 16:17:06.308 - RealTimeSTT: realtimestt - INFO - Initializing audio recording (creating pyAudio input stream, sample rate: 16000 buffer size: 512
2026-09-17 16:17:06.345 - RealTimeSTT: realtimestt - INFO - Initializing WebRTC voice with Sensitivity 3
2026-09-17 16:17:06.345 - RealTimeSTT: realtimestt - DEBUG - WebRTC VAD voice activity detection engine initialized successfully
2026-09-17 16:17:06.500 - RealTimeSTT: realtimestt - DEBUG - Silero VAD voice activity detection engine initialized successfully with backend raw_onnx_ifless
2026-09-17 16:17:06.506 - RealTimeSTT: realtimestt - DEBUG - Starting realtime worker
2026-09-17 16:17:06.506 - RealTimeSTT: realtimestt - DEBUG - Waiting for main transcription model to start
2026-09-17 16:17:06.506 - RealTimeSTT: realtimestt - DEBUG - Realtime transcription disabled; realtime worker exits
2026-09-17 16:19:17.693 - RealTimeSTT: realtimestt - INFO - Starting RealTimeSTT
2026-09-17 16:19:17.742 - RealTimeSTT: realtimestt - INFO - Initializing audio recording (creating pyAudio input stream, sample rate: 16000 buffer size: 512
2026-09-17 16:19:17.776 - RealTimeSTT: realtimestt - INFO - Initializing WebRTC voice with Sensitivity 3
2026-09-17 16:19:17.776 - RealTimeSTT: realtimestt - DEBUG - WebRTC VAD voice activity detection engine initialized successfully
2026-09-17 16:19:17.892 - RealTimeSTT: realtimestt - DEBUG - Silero VAD voice activity detection engine initialized successfully with backend raw_onnx_ifless
2026-09-17 16:19:17.896 - RealTimeSTT: realtimestt - DEBUG - Starting realtime worker
2026-09-17 16:19:17.896 - RealTimeSTT: realtimestt - DEBUG - Waiting for main transcription model to start
2026-09-17 16:19:17.896 - RealTimeSTT: realtimestt - DEBUG - Realtime transcription disabled; realtime worker exits
2026-09-17 16:19:32.346 - RealTimeSTT: realtimestt - DEBUG - Main transcription model ready
2026-09-17 16:19:32.347 - RealTimeSTT: realtimestt - DEBUG - RealtimeSTT initialization completed successfully
2026-09-17 16:20:14.244 - RealTimeSTT: realtimestt - INFO - Starting RealTimeSTT
2026-09-17 16:20:14.289 - RealTimeSTT: realtimestt - INFO - Initializing audio recording (creating pyAudio input stream, sample rate: 16000 buffer size: 512
2026-09-17 16:20:14.326 - RealTimeSTT: realtimestt - INFO - Initializing WebRTC voice with Sensitivity 3
2026-09-17 16:20:14.326 - RealTimeSTT: realtimestt - DEBUG - WebRTC VAD voice activity detection engine initialized successfully
2026-09-17 16:20:14.458 - RealTimeSTT: realtimestt - DEBUG - Silero VAD voice activity detection engine initialized successfully with backend raw_onnx_ifless
2026-09-17 16:20:14.463 - RealTimeSTT: realtimestt - DEBUG - Starting realtime worker
2026-09-17 16:20:14.463 - RealTimeSTT: realtimestt - DEBUG - Waiting for main transcription model to start
2026-09-17 16:20:14.463 - RealTimeSTT: realtimestt - DEBUG - Realtime transcription disabled; realtime worker exits
2026-09-17 16:20:28.873 - RealTimeSTT: realtimestt - DEBUG - Main transcription model ready
2026-09-17 16:20:28.875 - RealTimeSTT: realtimestt - DEBUG - RealtimeSTT initialization completed successfully
2026-09-17 16:21:22.741 - RealTimeSTT: realtimestt - DEBUG - Receive from stdout pipe
2026-09-17 16:21:22.742 - RealTimeSTT: realtimestt - INFO - None
2026-09-18 14:33:39.645 - RealTimeSTT: realtimestt - INFO - Starting RealTimeSTT
2026-09-18 14:33:39.727 - RealTimeSTT: realtimestt - INFO - Initializing audio recording (creating pyAudio input stream, sample rate: 16000 buffer size: 512
2026-09-18 14:33:39.775 - RealTimeSTT: realtimestt - INFO - Initializing WebRTC voice with Sensitivity 3
2026-09-18 14:33:39.775 - RealTimeSTT: realtimestt - DEBUG - WebRTC VAD voice activity detection engine initialized successfully
2026-09-18 14:33:40.126 - RealTimeSTT: realtimestt - DEBUG - Silero VAD voice activity detection engine initialized successfully with backend raw_onnx_ifless
2026-09-18 14:33:40.136 - RealTimeSTT: realtimestt - DEBUG - Starting realtime worker
2026-09-18 14:33:40.136 - RealTimeSTT: realtimestt - DEBUG - Waiting for main transcription model to start
2026-09-18 14:33:40.136 - RealTimeSTT: realtimestt - DEBUG - Realtime transcription disabled; realtime worker exits
2026-09-18 14:33:55.724 - RealTimeSTT: realtimestt - DEBUG - Main transcription model ready
2026-09-18 14:33:55.726 - RealTimeSTT: realtimestt - DEBUG - RealtimeSTT initialization completed successfully
2026-09-18 14:34:39.703 - RealTimeSTT: realtimestt - INFO - Starting RealTimeSTT
2026-09-18 14:34:39.757 - RealTimeSTT: realtimestt - INFO - Initializing audio recording (creating pyAudio input stream, sample rate: 16000 buffer size: 512
2026-09-18 14:34:39.793 - RealTimeSTT: realtimestt - INFO - Initializing WebRTC voice with Sensitivity 3
2026-09-18 14:34:39.793 - RealTimeSTT: realtimestt - DEBUG - WebRTC VAD voice activity detection engine initialized successfully
2026-09-18 14:34:39.931 - RealTimeSTT: realtimestt - DEBUG - Silero VAD voice activity detection engine initialized successfully with backend raw_onnx_ifless
2026-09-18 14:34:39.935 - RealTimeSTT: realtimestt - DEBUG - Starting realtime worker
2026-09-18 14:34:39.935 - RealTimeSTT: realtimestt - DEBUG - Waiting for main transcription model to start
2026-09-18 14:34:39.936 - RealTimeSTT: realtimestt - DEBUG - Realtime transcription disabled; realtime worker exits
2026-09-18 14:34:56.965 - RealTimeSTT: realtimestt - DEBUG - Main transcription model ready
2026-09-18 14:34:56.969 - RealTimeSTT: realtimestt - DEBUG - RealtimeSTT initialization completed successfully
2026-09-18 15:15:14.909 - RealTimeSTT: realtimestt - INFO - Starting RealTimeSTT
2026-09-18 15:15:15.010 - RealTimeSTT: realtimestt - INFO - Initializing audio recording (creating pyAudio input stream, sample rate: 16000 buffer size: 512
2026-09-18 15:15:15.052 - RealTimeSTT: realtimestt - INFO - Initializing WebRTC voice with Sensitivity 3
2026-09-18 15:15:15.052 - RealTimeSTT: realtimestt - DEBUG - WebRTC VAD voice activity detection engine initialized successfully
2026-09-18 15:15:15.408 - RealTimeSTT: realtimestt - DEBUG - Silero VAD voice activity detection engine initialized successfully with backend raw_onnx_ifless
2026-09-18 15:15:15.419 - RealTimeSTT: realtimestt - DEBUG - Starting realtime worker
2026-09-18 15:15:15.420 - RealTimeSTT: realtimestt - DEBUG - Realtime transcription disabled; realtime worker exits
2026-09-18 15:15:15.420 - RealTimeSTT: realtimestt - DEBUG - Waiting for main transcription model to start
2026-09-18 15:15:35.719 - RealTimeSTT: realtimestt - DEBUG - Main transcription model ready
2026-09-18 15:15:35.721 - RealTimeSTT: realtimestt - DEBUG - RealtimeSTT initialization completed successfully
2026-09-18 15:16:41.280 - RealTimeSTT: realtimestt - DEBUG - Receive from stdout pipe
2026-09-18 15:16:41.280 - RealTimeSTT: realtimestt - INFO - None
2026-09-18 15:18:01.463 - RealTimeSTT: realtimestt - INFO - Starting RealTimeSTT
2026-09-18 15:18:01.515 - RealTimeSTT: realtimestt - INFO - Initializing audio recording (creating pyAudio input stream, sample rate: 16000 buffer size: 512
2026-09-18 15:18:01.551 - RealTimeSTT: realtimestt - INFO - Initializing WebRTC voice with Sensitivity 3
2026-09-18 15:18:01.551 - RealTimeSTT: realtimestt - DEBUG - WebRTC VAD voice activity detection engine initialized successfully
2026-09-18 15:18:01.686 - RealTimeSTT: realtimestt - DEBUG - Silero VAD voice activity detection engine initialized successfully with backend raw_onnx_ifless
2026-09-18 15:18:01.691 - RealTimeSTT: realtimestt - DEBUG - Starting realtime worker
2026-09-18 15:18:01.691 - RealTimeSTT: realtimestt - DEBUG - Waiting for main transcription model to start
2026-09-18 15:18:01.691 - RealTimeSTT: realtimestt - DEBUG - Realtime transcription disabled; realtime worker exits
2026-09-18 15:18:16.769 - RealTimeSTT: realtimestt - DEBUG - Main transcription model ready
2026-09-18 15:18:16.771 - RealTimeSTT: realtimestt - DEBUG - RealtimeSTT initialization completed successfully
2026-09-18 15:19:14.855 - RealTimeSTT: realtimestt - DEBUG - Receive from stdout pipe
2026-09-18 15:19:14.856 - RealTimeSTT: realtimestt - INFO - None
2026-09-18 15:20:51.410 - RealTimeSTT: realtimestt - INFO - Starting RealTimeSTT
2026-09-18 15:20:51.458 - RealTimeSTT: realtimestt - INFO - Initializing audio recording (creating pyAudio input stream, sample rate: 16000 buffer size: 512
2026-09-18 15:20:51.492 - RealTimeSTT: realtimestt - INFO - Initializing WebRTC voice with Sensitivity 3
2026-09-18 15:20:51.492 - RealTimeSTT: realtimestt - DEBUG - WebRTC VAD voice activity detection engine initialized successfully
2026-09-18 15:20:51.632 - RealTimeSTT: realtimestt - DEBUG - Silero VAD voice activity detection engine initialized successfully with backend raw_onnx_ifless
2026-09-18 15:20:51.635 - RealTimeSTT: realtimestt - DEBUG - Starting realtime worker
2026-09-18 15:20:51.635 - RealTimeSTT: realtimestt - DEBUG - Waiting for main transcription model to start
2026-09-18 15:20:51.636 - RealTimeSTT: realtimestt - DEBUG - Realtime transcription disabled; realtime worker exits
2026-09-18 15:21:05.575 - RealTimeSTT: realtimestt - DEBUG - Main transcription model ready
2026-09-18 15:21:05.577 - RealTimeSTT: realtimestt - DEBUG - RealtimeSTT initialization completed successfully
2026-09-18 15:22:17.791 - RealTimeSTT: realtimestt - DEBUG - Receive from stdout pipe
2026-09-18 15:22:17.791 - RealTimeSTT: realtimestt - INFO - None
2026-09-18 15:22:43.490 - RealTimeSTT: realtimestt - INFO - Starting RealTimeSTT
2026-09-18 15:22:43.534 - RealTimeSTT: realtimestt - INFO - Initializing audio recording (creating pyAudio input stream, sample rate: 16000 buffer size: 512
2026-09-18 15:22:43.570 - RealTimeSTT: realtimestt - INFO - Initializing WebRTC voice with Sensitivity 3
2026-09-18 15:22:43.570 - RealTimeSTT: realtimestt - DEBUG - WebRTC VAD voice activity detection engine initialized successfully
2026-09-18 15:22:43.715 - RealTimeSTT: realtimestt - DEBUG - Silero VAD voice activity detection engine initialized successfully with backend raw_onnx_ifless
2026-09-18 15:22:43.719 - RealTimeSTT: realtimestt - DEBUG - Starting realtime worker
2026-09-18 15:22:43.719 - RealTimeSTT: realtimestt - DEBUG - Waiting for main transcription model to start
2026-09-18 15:22:43.719 - RealTimeSTT: realtimestt - DEBUG - Realtime transcription disabled; realtime worker exits
2026-09-18 15:22:58.040 - RealTimeSTT: realtimestt - DEBUG - Main transcription model ready
2026-09-18 15:22:58.041 - RealTimeSTT: realtimestt - DEBUG - RealtimeSTT initialization completed successfully
2026-09-18 15:23:20.386 - RealTimeSTT: realtimestt - DEBUG - Receive from stdout pipe
2026-09-18 15:23:20.386 - RealTimeSTT: realtimestt - INFO - None
2026-09-18 15:24:15.546 - RealTimeSTT: realtimestt - INFO - Starting RealTimeSTT
2026-09-18 15:24:15.594 - RealTimeSTT: realtimestt - INFO - Initializing audio recording (creating pyAudio input stream, sample rate: 16000 buffer size: 512
2026-09-18 15:24:15.625 - RealTimeSTT: realtimestt - INFO - Initializing WebRTC voice with Sensitivity 3
2026-09-18 15:24:15.626 - RealTimeSTT: realtimestt - DEBUG - WebRTC VAD voice activity detection engine initialized successfully
2026-09-18 15:24:15.750 - RealTimeSTT: realtimestt - DEBUG - Silero VAD voice activity detection engine initialized successfully with backend raw_onnx_ifless
2026-09-18 15:24:15.753 - RealTimeSTT: realtimestt - DEBUG - Starting realtime worker
2026-09-18 15:24:15.753 - RealTimeSTT: realtimestt - DEBUG - Waiting for main transcription model to start
2026-09-18 15:24:15.753 - RealTimeSTT: realtimestt - DEBUG - Realtime transcription disabled; realtime worker exits
2026-09-18 15:24:32.524 - RealTimeSTT: realtimestt - DEBUG - Main transcription model ready
2026-09-18 15:24:32.526 - RealTimeSTT: realtimestt - DEBUG - RealtimeSTT initialization completed successfully
2026-09-18 15:24:40.080 - RealTimeSTT: realtimestt - DEBUG - Receive from stdout pipe
2026-09-18 15:24:40.081 - RealTimeSTT: realtimestt - INFO - None
2026-09-18 15:28:04.726 - RealTimeSTT: realtimestt - INFO - Starting RealTimeSTT
2026-09-18 15:28:04.806 - RealTimeSTT: realtimestt - INFO - Initializing audio recording (creating pyAudio input stream, sample rate: 16000 buffer size: 512
2026-09-18 15:28:04.842 - RealTimeSTT: realtimestt - INFO - Initializing WebRTC voice with Sensitivity 3
2026-09-18 15:28:04.842 - RealTimeSTT: realtimestt - DEBUG - WebRTC VAD voice activity detection engine initialized successfully
2026-09-18 15:28:05.107 - RealTimeSTT: realtimestt - DEBUG - Silero VAD voice activity detection engine initialized successfully with backend raw_onnx_ifless
2026-09-18 15:28:05.111 - RealTimeSTT: realtimestt - DEBUG - Starting realtime worker
2026-09-18 15:28:05.111 - RealTimeSTT: realtimestt - DEBUG - Waiting for main transcription model to start
2026-09-18 15:28:05.111 - RealTimeSTT: realtimestt - DEBUG - Realtime transcription disabled; realtime worker exits
2026-09-18 15:28:24.729 - RealTimeSTT: realtimestt - DEBUG - Main transcription model ready
2026-09-18 15:28:24.732 - RealTimeSTT: realtimestt - DEBUG - RealtimeSTT initialization completed successfully
2026-09-18 15:32:51.125 - RealTimeSTT: realtimestt - INFO - Starting RealTimeSTT
2026-09-18 15:32:51.172 - RealTimeSTT: realtimestt - INFO - Initializing audio recording (creating pyAudio input stream, sample rate: 16000 buffer size: 512
2026-09-18 15:32:51.219 - RealTimeSTT: realtimestt - INFO - Initializing WebRTC voice with Sensitivity 3
2026-09-18 15:32:51.219 - RealTimeSTT: realtimestt - DEBUG - WebRTC VAD voice activity detection engine initialized successfully
2026-09-18 15:32:51.377 - RealTimeSTT: realtimestt - DEBUG - Silero VAD voice activity detection engine initialized successfully with backend raw_onnx_ifless
2026-09-18 15:32:51.381 - RealTimeSTT: realtimestt - DEBUG - Starting realtime worker
2026-09-18 15:32:51.382 - RealTimeSTT: realtimestt - DEBUG - Waiting for main transcription model to start
2026-09-18 15:32:51.382 - RealTimeSTT: realtimestt - DEBUG - Realtime transcription disabled; realtime worker exits
2026-09-18 15:33:08.091 - RealTimeSTT: realtimestt - DEBUG - Main transcription model ready
2026-09-18 15:33:08.092 - RealTimeSTT: realtimestt - DEBUG - RealtimeSTT initialization completed successfully
2026-09-18 15:33:54.963 - RealTimeSTT: realtimestt - DEBUG - Receive from stdout pipe
2026-09-18 15:33:54.964 - RealTimeSTT: realtimestt - INFO - None
2026-09-18 15:43:10.471 - RealTimeSTT: realtimestt - INFO - Starting RealTimeSTT
2026-09-18 15:43:10.523 - RealTimeSTT: realtimestt - INFO - Initializing audio recording (creating pyAudio input stream, sample rate: 16000 buffer size: 512
2026-09-18 15:43:10.561 - RealTimeSTT: realtimestt - INFO - Initializing WebRTC voice with Sensitivity 3
2026-09-18 15:43:10.561 - RealTimeSTT: realtimestt - DEBUG - WebRTC VAD voice activity detection engine initialized successfully
2026-09-18 15:43:10.695 - RealTimeSTT: realtimestt - DEBUG - Silero VAD voice activity detection engine initialized successfully with backend raw_onnx_ifless
2026-09-18 15:43:10.698 - RealTimeSTT: realtimestt - DEBUG - Starting realtime worker
2026-09-18 15:43:10.699 - RealTimeSTT: realtimestt - DEBUG - Waiting for main transcription model to start
2026-09-18 15:43:10.699 - RealTimeSTT: realtimestt - DEBUG - Realtime transcription disabled; realtime worker exits
